cell_id,city,hdv_exposure_million_miles
884898c901fffff,Austin,4.731581413791235
884898c903fffff,Austin,11.859955024016484
884898c905fffff,Austin,2.726200883459807
884898c907fffff,Austin,15.116422609378791
884898c909fffff,Austin,7.14790514799177
884898c90bfffff,Austin,2.807276006119575
884898c90dfffff,Austin,1.3919531645288274
884898c915fffff,Austin,0.4069938563695273
884898c921fffff,Austin,1.4712460729867132
884898c923fffff,Austin,14.545696840446478
884898c925fffff,Austin,0.651776863643333
884898c929fffff,Austin,4.037220986647148
884898c92bfffff,Austin,9.215642748100674
884898c92dfffff,Austin,3.6064431170079807
884898c931fffff,Austin,5.007660470098408
884898c933fffff,Austin,17.95621765140097
884898c937fffff,Austin,1.1747911234697181
884898c939fffff,Austin,24.98745982624648
884898c93bfffff,Austin,5.5890466653935
884898c93dfffff,Austin,5.605143089021443
884898c941fffff,Austin,8.315570885075433
884898c943fffff,Austin,1.4255038094898607
884898c945fffff,Austin,11.304309026909065
884898c947fffff,Austin,10.146671979771824
884898c949fffff,Austin,0.27483657430224856
884898c94bfffff,Austin,1.1068397283652107
884898c94dfffff,Austin,6.91298721680126
884898c961fffff,Austin,4.192931561495083
884898c963fffff,Austin,3.770967026486096
884898c965fffff,Austin,3.488832967776723
884898c967fffff,Austin,8.700916260497399
884898c969fffff,Austin,5.108288363081825
884898c96bfffff,Austin,2.625433513593515
884898c96dfffff,Austin,2.842185094246672
884898c9e1fffff,Austin,2.1689669470202158
884898c9e5fffff,Austin,7.4573743884225765
884898c9edfffff,Austin,0.8667748080767912
884898cb21fffff,Austin,5.345910483950368
884898cb23fffff,Austin,1.7263832751013999
884898cb25fffff,Austin,5.522036304097891
884898cb27fffff,Austin,5.725864567040769
884898cb29fffff,Austin,0.3978292469988598
884898cb2dfffff,Austin,6.641528466600915
884898cb61fffff,Austin,1.0386065483699705
884898cb65fffff,Austin,7.992114330929813
884898cb67fffff,Austin,4.498648735796471
884898cb6dfffff,Austin,3.2583670764447077
884898d921fffff,Austin,17.744745368789268
884898d923fffff,Austin,13.642004550354502
884898d925fffff,Austin,23.768434628787585
884898d927fffff,Austin,31.02457084182074
884898d929fffff,Austin,10.413447112920998
884898d92bfffff,Austin,0.7564533919759837
884898d92dfffff,Austin,41.05581721785111
884898d935fffff,Austin,0.2740372958144361
884898d937fffff,Austin,1.3775827471548163
884898d961fffff,Austin,12.685983971935029
884898d963fffff,Austin,2.207965302374085
884898d965fffff,Austin,23.907767526733576
884898d967fffff,Austin,13.71180028931598
884898d969fffff,Austin,3.5564274769054283
884898d96bfffff,Austin,0.6076837302416181
884898d96dfffff,Austin,18.346792163199794
88489e2091fffff,Austin,23.668518869460407
88489e2093fffff,Austin,52.20963382286832
88489e2095fffff,Austin,0.8956177477702001
88489e2097fffff,Austin,10.404945252519243
88489e2099fffff,Austin,24.108952797536272
88489e209bfffff,Austin,37.2037305609025
88489e209dfffff,Austin,5.369553339075055
88489e20cbfffff,Austin,0.516577050597809
88489e20d1fffff,Austin,22.449697236568063
88489e20d3fffff,Austin,22.13725706225242
88489e20d5fffff,Austin,4.256171075342174
88489e20d7fffff,Austin,18.872584779297064
88489e20d9fffff,Austin,16.65737536685993
88489e20dbfffff,Austin,15.053135749794029
88489e20ddfffff,Austin,14.498869094543199
88489e2211fffff,Austin,1.0211851574775959
88489e2213fffff,Austin,7.815015331646215
88489e2219fffff,Austin,4.003419969791979
88489e221bfffff,Austin,5.706698807075199
88489e224bfffff,Austin,0.09267906538605994
88489e2251fffff,Austin,4.958081664584641
88489e2253fffff,Austin,9.844317714336068
88489e2257fffff,Austin,0.969921388202602
88489e2259fffff,Austin,2.01639322391713
88489e225bfffff,Austin,7.458742815476629
88489e2281fffff,Austin,26.50877968211178
88489e2283fffff,Austin,27.807022734424553
88489e2285fffff,Austin,11.145557659772711
88489e2287fffff,Austin,5.686245889412737
88489e2289fffff,Austin,29.72019081019847
88489e228bfffff,Austin,28.846426361848692
88489e228dfffff,Austin,26.50604785734012
88489e2291fffff,Austin,17.58618580394463
88489e2293fffff,Austin,36.061547973190045
88489e2295fffff,Austin,31.073572246881408
88489e2297fffff,Austin,20.713551577270515
88489e2299fffff,Austin,32.50988670406747
88489e229bfffff,Austin,27.395846433808313
88489e229dfffff,Austin,26.407917008256796
88489e22a3fffff,Austin,1.4478723011023404
88489e22abfffff,Austin,1.7113750211177061
88489e22b1fffff,Austin,8.24108337532425
88489e22b3fffff,Austin,11.919528187531244
88489e22b5fffff,Austin,4.01507427680891
88489e22b7fffff,Austin,11.94771655741072
88489e22b9fffff,Austin,9.55231030116452
88489e22bbfffff,Austin,25.071140197923437
88489e22bdfffff,Austin,3.390074446725888
88489e22c1fffff,Austin,28.16931928199784
88489e22c3fffff,Austin,15.650667054173496
88489e22c5fffff,Austin,17.285628306770413
88489e22c7fffff,Austin,27.949250490043216
88489e22c9fffff,Austin,15.722751682217769
88489e22cbfffff,Austin,17.125076802146445
88489e22cdfffff,Austin,23.470257039491468
88489e22d1fffff,Austin,33.20923766361726
88489e22d3fffff,Austin,32.36466021187235
88489e22d5fffff,Austin,35.46975651797753
88489e22d7fffff,Austin,39.962826089820034
88489e22d9fffff,Austin,30.255831187600915
88489e22dbfffff,Austin,41.93223115175411
88489e22ddfffff,Austin,20.420143882616895
88489e22e3fffff,Austin,2.7707637017525197
88489e22e9fffff,Austin,0.8288911476966269
88489e22ebfffff,Austin,8.751669242697753
88489e2401fffff,Austin,25.481939319322194
88489e2403fffff,Austin,20.41917230778555
88489e2405fffff,Austin,10.631925344589389
88489e2407fffff,Austin,11.552651994981955
88489e2409fffff,Austin,30.52135002239251
88489e240bfffff,Austin,27.922568440900577
88489e240dfffff,Austin,30.272442676013895
88489e2411fffff,Austin,3.1260951021322345
88489e2415fffff,Austin,1.9820458394893912
88489e2419fffff,Austin,17.08601384016859
88489e241bfffff,Austin,1.7185883846257175
88489e241dfffff,Austin,16.847702502544948
88489e2421fffff,Austin,9.797190482816724
88489e2423fffff,Austin,2.3308827633008202
88489e2425fffff,Austin,11.808688787533717
88489e2427fffff,Austin,1.342244580278909
88489e2429fffff,Austin,1.6208865434040525
88489e242bfffff,Austin,10.648849079592413
88489e242dfffff,Austin,9.428843254602448
88489e2439fffff,Austin,0.9662140138175443
88489e243dfffff,Austin,0.2115402842898547
88489e2441fffff,Austin,45.26472845807861
88489e2443fffff,Austin,33.35994474049444
88489e2445fffff,Austin,18.82085884032108
88489e2447fffff,Austin,21.743704799398106
88489e2449fffff,Austin,33.34775297422868
88489e244bfffff,Austin,17.139777328445025
88489e244dfffff,Austin,20.166824713068557
88489e2451fffff,Austin,37.95702658193866
88489e2453fffff,Austin,39.79103074081977
88489e2455fffff,Austin,39.046734694489466
88489e2457fffff,Austin,28.76297238995035
88489e2459fffff,Austin,17.29984677420208
88489e245bfffff,Austin,19.663259453647953
88489e245dfffff,Austin,22.939149597442086
88489e2461fffff,Austin,20.6380396018451
88489e2463fffff,Austin,9.498147860649814
88489e2465fffff,Austin,19.89033862790187
88489e2467fffff,Austin,10.385509270926374
88489e2469fffff,Austin,19.115720007931476
88489e246bfffff,Austin,14.483326355787673
88489e246dfffff,Austin,17.51268101097303
88489e24c9fffff,Austin,0.5920133804124835
88489e2501fffff,Austin,37.161866354961816
88489e2503fffff,Austin,11.933794684163937
88489e2505fffff,Austin,24.974858009043746
88489e2507fffff,Austin,26.235267761161552
88489e2509fffff,Austin,32.094477893269314
88489e250bfffff,Austin,17.882286723154444
88489e250dfffff,Austin,21.214677944161416
88489e2511fffff,Austin,0.13745581884277042
88489e2515fffff,Austin,1.0756733001315721
88489e2519fffff,Austin,20.194700685148433
88489e251dfffff,Austin,14.753546954316484
88489e2521fffff,Austin,0.23263174253791052
88489e2529fffff,Austin,10.522608669138425
88489e252bfffff,Austin,18.686671608174716
88489e2539fffff,Austin,1.4490846907307124
88489e253dfffff,Austin,0.14934187272252733
88489e2541fffff,Austin,42.88233235952955
88489e2543fffff,Austin,26.18149410006546
88489e2545fffff,Austin,37.986324717974355
88489e2547fffff,Austin,40.571989466073916
88489e2549fffff,Austin,31.544735397946578
88489e254bfffff,Austin,17.861052075377838
88489e254dfffff,Austin,32.071508621790294
88489e2551fffff,Austin,32.653915196467274
88489e2553fffff,Austin,28.04081182952461
88489e2555fffff,Austin,26.2683332314974
88489e2557fffff,Austin,34.148346827299484
88489e2559fffff,Austin,28.282723715091663
88489e255bfffff,Austin,12.843389440332801
88489e255dfffff,Austin,18.427688551248522
88489e2561fffff,Austin,7.869211149294973
88489e2563fffff,Austin,24.13890652556465
88489e2567fffff,Austin,0.7805350693293444
88489e2569fffff,Austin,20.385925213523294
88489e256bfffff,Austin,13.774745799463838
88489e256dfffff,Austin,0.23371756563259927
88489e25c1fffff,Austin,1.5091073788946674
88489e25c7fffff,Austin,0.42784449984949086
88489e25c9fffff,Austin,2.195258411195847
88489e2601fffff,Austin,5.9611520226420085
88489e2603fffff,Austin,6.753922360198802
88489e2605fffff,Austin,14.211213395471463
88489e2607fffff,Austin,8.381893402375724
88489e2609fffff,Austin,10.275576871809001
88489e260bfffff,Austin,0.8358816540746216
88489e260dfffff,Austin,8.151337361385266
88489e2615fffff,Austin,3.3528270304756163
88489e2617fffff,Austin,3.6552347656010977
88489e2619fffff,Austin,8.17267598952356
88489e261bfffff,Austin,0.6586032525321782
88489e261dfffff,Austin,0.23736618952846925
88489e2621fffff,Austin,53.12325814295049
88489e2623fffff,Austin,19.07836874035622
88489e2625fffff,Austin,34.81725627992166
88489e2627fffff,Austin,51.201635319090094
88489e2629fffff,Austin,17.90927953386931
88489e262bfffff,Austin,18.75914836982515
88489e262dfffff,Austin,49.08893093498185
88489e2631fffff,Austin,8.082090243130468
88489e2633fffff,Austin,11.38731968663242
88489e2635fffff,Austin,10.119904865372334
88489e2637fffff,Austin,13.455238607093994
88489e2639fffff,Austin,5.282679087933541
88489e263bfffff,Austin,3.90774070561657
88489e263dfffff,Austin,11.281443614622077
88489e2641fffff,Austin,9.331894797059332
88489e2643fffff,Austin,9.434805174395194
88489e2645fffff,Austin,16.292469987378958
88489e2647fffff,Austin,11.32357806196844
88489e2649fffff,Austin,10.253145297999298
88489e264bfffff,Austin,18.68516940760879
88489e264dfffff,Austin,9.006626418849283
88489e2651fffff,Austin,9.911987890260365
88489e2653fffff,Austin,3.733034281478303
88489e2655fffff,Austin,13.498373340056197
88489e2657fffff,Austin,4.922885453389897
88489e2659fffff,Austin,11.094022316277622
88489e265bfffff,Austin,9.509810790348219
88489e265dfffff,Austin,9.736690350120227
88489e2661fffff,Austin,25.445362387729997
88489e2663fffff,Austin,24.40236882199437
88489e2665fffff,Austin,42.829196568062756
88489e2667fffff,Austin,19.974227435809503
88489e2669fffff,Austin,20.412522857548282
88489e266bfffff,Austin,17.641168238668392
88489e266dfffff,Austin,40.95193128686544
88489e2681fffff,Austin,8.658409290972948
88489e2683fffff,Austin,12.301113663391439
88489e2685fffff,Austin,10.564109266578082
88489e2687fffff,Austin,22.080962886788722
88489e2689fffff,Austin,5.039293887880455
88489e268bfffff,Austin,15.05903293697518
88489e268dfffff,Austin,12.704303406442563
88489e2691fffff,Austin,5.741916528472027
88489e2695fffff,Austin,4.4780823879629255
88489e2699fffff,Austin,9.065957727960285
88489e269bfffff,Austin,2.2327491890553053
88489e269dfffff,Austin,18.09541358157979
88489e26a1fffff,Austin,41.34853055542114
88489e26a3fffff,Austin,9.743825887669274
88489e26a5fffff,Austin,23.08041114690916
88489e26a7fffff,Austin,2.397915473849473
88489e26a9fffff,Austin,12.119493624678528
88489e26abfffff,Austin,21.336802595547162
88489e26adfffff,Austin,28.651157441773496
88489e26b5fffff,Austin,0.3430509653897588
88489e26b9fffff,Austin,6.264249123567115
88489e26bdfffff,Austin,7.6501864330681775
88489e26c7fffff,Austin,1.5898234972929246
88489e26d1fffff,Austin,14.140360524360798
88489e26d3fffff,Austin,8.73223495488661
88489e26d5fffff,Austin,3.9967427941373206
88489e26d7fffff,Austin,19.278812342425635
88489e26d9fffff,Austin,22.805998832342254
88489e26dbfffff,Austin,8.981084118091632
88489e26ddfffff,Austin,1.4254254110486748
88489e26e1fffff,Austin,10.91798006396374
88489e26e3fffff,Austin,14.256559305885126
88489e26e5fffff,Austin,15.968521646872759
88489e26e7fffff,Austin,12.484194130369735
88489e26e9fffff,Austin,4.253203824704274
88489e26ebfffff,Austin,10.588935393915648
88489e26edfffff,Austin,7.02989186348344
88489e2701fffff,Austin,24.45578025329341
88489e2703fffff,Austin,38.908343817937144
88489e2705fffff,Austin,23.721677341704122
88489e2707fffff,Austin,18.65434391355532
88489e2709fffff,Austin,21.3802025697348
88489e270bfffff,Austin,38.750483524281236
88489e270dfffff,Austin,17.626730430147514
88489e2711fffff,Austin,42.064320578913176
88489e2713fffff,Austin,18.50616174556277
88489e2715fffff,Austin,29.061192667928523
88489e2717fffff,Austin,33.78824785617685
88489e2719fffff,Austin,35.728370909250586
88489e271bfffff,Austin,33.26867084211359
88489e271dfffff,Austin,40.33992352924679
88489e2721fffff,Austin,23.84049118704854
88489e2723fffff,Austin,13.976086474459382
88489e2725fffff,Austin,27.915041683933403
88489e2727fffff,Austin,42.474432782747236
88489e2729fffff,Austin,17.927387028421922
88489e272bfffff,Austin,9.157802723669711
88489e272dfffff,Austin,21.177171454440902
88489e2731fffff,Austin,29.644367692355715
88489e2733fffff,Austin,36.74332444859421
88489e2735fffff,Austin,30.83257069737884
88489e2737fffff,Austin,24.196693759445182
88489e2739fffff,Austin,29.81102741447274
88489e273bfffff,Austin,34.33150777129275
88489e273dfffff,Austin,9.098013733486123
88489e2741fffff,Austin,24.68729001933582
88489e2743fffff,Austin,26.65126208406946
88489e2745fffff,Austin,37.750802942405656
88489e2747fffff,Austin,23.170722000107453
88489e2749fffff,Austin,28.882915578881576
88489e274bfffff,Austin,41.18043451240909
88489e274dfffff,Austin,24.97587901744848
88489e2751fffff,Austin,43.66833175652377
88489e2753fffff,Austin,36.367481682652055
88489e2755fffff,Austin,30.98276595161283
88489e2757fffff,Austin,28.526046810445816
88489e2759fffff,Austin,29.79562547792732
88489e275bfffff,Austin,48.79671063390297
88489e275dfffff,Austin,42.59808025417227
88489e2761fffff,Austin,26.76516657350882
88489e2763fffff,Austin,29.631473120859262
88489e2765fffff,Austin,25.459889157483072
88489e2767fffff,Austin,27.0269602513999
88489e2769fffff,Austin,26.51408478283017
88489e276bfffff,Austin,28.348816865311434
88489e276dfffff,Austin,16.387290338420993
88489e3013fffff,Austin,0.44456317301279247
88489e3019fffff,Austin,0.5536473922147942
88489e301bfffff,Austin,1.3181940258764349
88489e3051fffff,Austin,1.1043247801573808
88489e3053fffff,Austin,5.621307832952039
88489e3057fffff,Austin,0.5834253569159435
88489e3059fffff,Austin,4.511768318487659
88489e305bfffff,Austin,11.959632499659092
88489e3081fffff,Austin,3.2788133799905452
88489e3083fffff,Austin,10.078052912808658
88489e3085fffff,Austin,2.8454524756764576
88489e3087fffff,Austin,2.0238446360027917
88489e3089fffff,Austin,23.93343151498209
88489e308bfffff,Austin,9.308493442343556
88489e308dfffff,Austin,3.2750808863171006
88489e3091fffff,Austin,3.1211873211133265
88489e3093fffff,Austin,18.04212288408522
88489e3095fffff,Austin,4.4126016605449925
88489e3097fffff,Austin,3.893984967404152
88489e3099fffff,Austin,18.278548236048657
88489e309bfffff,Austin,22.516460334478364
88489e309dfffff,Austin,5.667771063602339
88489e30a3fffff,Austin,0.35219777636357846
88489e30b1fffff,Austin,6.607725904372512
88489e30b3fffff,Austin,2.054547102356776
88489e30b5fffff,Austin,1.3634518024338202
88489e30b7fffff,Austin,1.0061681334495873
88489e30b9fffff,Austin,7.303075490038976
88489e30bbfffff,Austin,4.726348601498428
88489e30bdfffff,Austin,4.088221801971174
88489e30c1fffff,Austin,18.636587504772784
88489e30c3fffff,Austin,48.80572391129598
88489e30c5fffff,Austin,8.413824085583675
88489e30c7fffff,Austin,20.302136308993095
88489e30c9fffff,Austin,7.540118155450235
88489e30cbfffff,Austin,20.359294483277722
88489e30cdfffff,Austin,5.630052748942152
88489e30d1fffff,Austin,13.208539666865576
88489e30d3fffff,Austin,26.932719523496786
88489e30d5fffff,Austin,23.655059023384887
88489e30d7fffff,Austin,16.751475395714365
88489e30d9fffff,Austin,21.428026680254998
88489e30dbfffff,Austin,41.151727576387536
88489e30ddfffff,Austin,9.210079014930633
88489e30e3fffff,Austin,1.6553564755411818
88489e30e9fffff,Austin,0.2943804885523205
88489e30ebfffff,Austin,1.7691955851380816
88489e3233fffff,Austin,3.3894164452123445
88489e3281fffff,Austin,11.764427653609884
88489e3283fffff,Austin,15.839301354991717
88489e3285fffff,Austin,4.644175388192599
88489e3287fffff,Austin,9.168667081951085
88489e3289fffff,Austin,19.457229806218162
88489e328bfffff,Austin,11.541051680811439
88489e328dfffff,Austin,9.132943834375556
88489e3291fffff,Austin,8.221412449459411
88489e3293fffff,Austin,15.769938551990288
88489e3295fffff,Austin,13.258036317049665
88489e3297fffff,Austin,17.538799081979953
88489e3299fffff,Austin,2.5274054154309873
88489e329bfffff,Austin,6.730811127077794
88489e329dfffff,Austin,5.783968306975884
88489e32a1fffff,Austin,5.62899109078117
88489e32a3fffff,Austin,7.337217497684834
88489e32a5fffff,Austin,2.962408657930665
88489e32a7fffff,Austin,7.822802540423314
88489e32a9fffff,Austin,11.101389036665303
88489e32abfffff,Austin,5.741061117765587
88489e32adfffff,Austin,4.6277405213404705
88489e32b1fffff,Austin,5.434821960810167
88489e32b3fffff,Austin,13.678730442806788
88489e32b5fffff,Austin,5.324361645966518
88489e32b7fffff,Austin,7.134355103079798
88489e32b9fffff,Austin,15.142383014287075
88489e32bbfffff,Austin,15.581889792593179
88489e32bdfffff,Austin,1.7122891084076761
88489e32c1fffff,Austin,0.10306999641282667
88489e32c3fffff,Austin,7.1076596377094505
88489e32c5fffff,Austin,0.27768659269182294
88489e32c7fffff,Austin,8.348624758980495
88489e32cbfffff,Austin,7.107597490689314
88489e32d1fffff,Austin,3.0363540782586376
88489e32d3fffff,Austin,6.865104006490384
88489e32d5fffff,Austin,0.0958760651877057
88489e32d7fffff,Austin,2.7146479937587222
88489e32d9fffff,Austin,19.768827285051106
88489e32dbfffff,Austin,26.070703258122492
88489e32ddfffff,Austin,13.226410448754347
88489e32e1fffff,Austin,7.67075717632128
88489e32e3fffff,Austin,4.220610195916908
88489e32e5fffff,Austin,7.020389061249294
88489e32e7fffff,Austin,5.462048430298491
88489e32e9fffff,Austin,4.031575393742735
88489e32ebfffff,Austin,10.219508284717469
88489e32edfffff,Austin,6.05218020199197
88489e3401fffff,Austin,38.615710918985755
88489e3403fffff,Austin,21.85838449727671
88489e3405fffff,Austin,30.603554048370935
88489e3407fffff,Austin,30.78373731757506
88489e3409fffff,Austin,15.02834175354823
88489e340bfffff,Austin,13.94241450584719
88489e340dfffff,Austin,19.878565383950043
88489e3411fffff,Austin,9.966028321192425
88489e3413fffff,Austin,11.670447590317146
88489e3415fffff,Austin,12.034095307875365
88489e3417fffff,Austin,14.427796619176494
88489e3419fffff,Austin,12.488664686411441
88489e341bfffff,Austin,15.098750226723105
88489e341dfffff,Austin,10.75393759764242
88489e3421fffff,Austin,31.260457164744242
88489e3423fffff,Austin,26.60275759549873
88489e3425fffff,Austin,25.492731409888535
88489e3427fffff,Austin,34.6539179459925
88489e3429fffff,Austin,40.53266390891615
88489e342bfffff,Austin,25.4213355779813
88489e342dfffff,Austin,28.357080997871023
88489e3431fffff,Austin,26.69744732481755
88489e3433fffff,Austin,16.17311287294186
88489e3435fffff,Austin,20.893278714449366
88489e3437fffff,Austin,33.56247482648334
88489e3439fffff,Austin,20.844305437314578
88489e343bfffff,Austin,20.279672262266697
88489e343dfffff,Austin,24.60867011922473
88489e3441fffff,Austin,24.673215459188427
88489e3443fffff,Austin,14.481963787219879
88489e3445fffff,Austin,25.28551790866472
88489e3447fffff,Austin,21.56680480379296
88489e3449fffff,Austin,28.794555144912664
88489e344bfffff,Austin,18.82875334395766
88489e344dfffff,Austin,25.624144505811255
88489e3451fffff,Austin,22.104814485309767
88489e3453fffff,Austin,26.774958508448922
88489e3455fffff,Austin,27.89908427793583
88489e3457fffff,Austin,18.12640002947458
88489e3459fffff,Austin,20.75492060718197
88489e345bfffff,Austin,15.794327232234878
88489e345dfffff,Austin,20.152542747552648
88489e3461fffff,Austin,25.097864366444938
88489e3463fffff,Austin,36.70433499102809
88489e3465fffff,Austin,40.443202485751996
88489e3467fffff,Austin,39.50749387367058
88489e3469fffff,Austin,29.233773470920987
88489e346bfffff,Austin,24.552094892130924
88489e346dfffff,Austin,27.133353364805938
88489e3481fffff,Austin,12.551793313378255
88489e3483fffff,Austin,15.497545585432087
88489e3485fffff,Austin,11.074743024284468
88489e3487fffff,Austin,20.96489982914047
88489e3489fffff,Austin,11.214000393593741
88489e348bfffff,Austin,10.351744985974207
88489e348dfffff,Austin,8.015892528524748
88489e3491fffff,Austin,5.513199498956528
88489e3493fffff,Austin,4.558916870048028
88489e3495fffff,Austin,8.829763300933127
88489e3497fffff,Austin,1.6883719895297287
88489e3499fffff,Austin,3.4968269988212883
88489e349bfffff,Austin,1.6625125551704292
88489e349dfffff,Austin,8.6331138748623
88489e34a1fffff,Austin,11.0981654429119
88489e34a3fffff,Austin,9.338510405268009
88489e34a5fffff,Austin,7.8609805906966415
88489e34a7fffff,Austin,16.127793170257654
88489e34a9fffff,Austin,11.132108431425973
88489e34abfffff,Austin,12.27894505901675
88489e34adfffff,Austin,7.288803678717612
88489e34b1fffff,Austin,7.503143970465834
88489e34b3fffff,Austin,8.228339538578592
88489e34b5fffff,Austin,13.208087762606976
88489e34b7fffff,Austin,11.887703539924235
88489e34b9fffff,Austin,14.54354354843049
88489e34bbfffff,Austin,4.3653297012759875
88489e34bdfffff,Austin,11.405813656381063
88489e34c1fffff,Austin,8.30236575076388
88489e34c3fffff,Austin,2.4232778265978676
88489e34c5fffff,Austin,13.224556523758023
88489e34c7fffff,Austin,9.849918622271284
88489e34c9fffff,Austin,11.88410918250236
88489e34cbfffff,Austin,2.6979228825272776
88489e34cdfffff,Austin,10.91557645692406
88489e34d1fffff,Austin,9.55367715431387
88489e34d3fffff,Austin,9.321663806306503
88489e34d5fffff,Austin,8.345605711287353
88489e34d7fffff,Austin,7.746346962274791
88489e34d9fffff,Austin,7.407636105556169
88489e34dbfffff,Austin,4.217175742793937
88489e34ddfffff,Austin,10.16919718806079
88489e34e1fffff,Austin,11.377303860864671
88489e34e3fffff,Austin,13.519597861081275
88489e34e5fffff,Austin,8.398843458860082
88489e34e7fffff,Austin,8.109004023459514
88489e34e9fffff,Austin,9.521962370713949
88489e34ebfffff,Austin,11.454848739642442
88489e34edfffff,Austin,8.678257613876777
88489e3501fffff,Austin,16.844464246454336
88489e3503fffff,Austin,27.76761184113199
88489e3505fffff,Austin,18.029897842099206
88489e3507fffff,Austin,7.866052799231776
88489e3509fffff,Austin,25.36239710823778
88489e350bfffff,Austin,23.26061076548215
88489e350dfffff,Austin,18.957204671221774
88489e3511fffff,Austin,33.27464083410394
88489e3513fffff,Austin,29.794114246583064
88489e3515fffff,Austin,30.164114063811393
88489e3517fffff,Austin,36.737372403807036
88489e3519fffff,Austin,40.00429394164039
88489e351bfffff,Austin,26.993578444493117
88489e351dfffff,Austin,27.299815694757545
88489e3521fffff,Austin,18.792244468766995
88489e3523fffff,Austin,23.098829108096716
88489e3525fffff,Austin,18.49968125963373
88489e3527fffff,Austin,16.661483210917744
88489e3529fffff,Austin,20.276661565141847
88489e352bfffff,Austin,15.409444615655149
88489e352dfffff,Austin,26.961085247784386
88489e3531fffff,Austin,21.654890535221377
88489e3533fffff,Austin,19.580683501298193
88489e3535fffff,Austin,20.21827687242823
88489e3537fffff,Austin,22.707005977488215
88489e3539fffff,Austin,40.82364085560975
88489e353bfffff,Austin,38.49870464615666
88489e353dfffff,Austin,16.219559936013315
88489e3541fffff,Austin,24.869047306020384
88489e3543fffff,Austin,23.633247640562885
88489e3545fffff,Austin,21.061009814091825
88489e3547fffff,Austin,21.95450568900493
88489e3549fffff,Austin,4.869913952694734
88489e354bfffff,Austin,31.569513167185846
88489e354dfffff,Austin,19.26649589524861
88489e3551fffff,Austin,31.233291855676462
88489e3553fffff,Austin,33.7981623537458
88489e3555fffff,Austin,21.671976293509257
88489e3557fffff,Austin,35.16449254255576
88489e3559fffff,Austin,32.95916615377426
88489e355bfffff,Austin,41.63230488201355
88489e355dfffff,Austin,35.04392291797968
88489e3561fffff,Austin,16.42235637890911
88489e3563fffff,Austin,12.401556229203987
88489e3565fffff,Austin,6.544878000427492
88489e3567fffff,Austin,25.48008537381157
88489e3569fffff,Austin,26.29696024025608
88489e356bfffff,Austin,9.203372233759826
88489e356dfffff,Austin,6.994986655268196
88489e3581fffff,Austin,22.749222252355285
88489e3583fffff,Austin,26.010178606140414
88489e3585fffff,Austin,30.65493490012869
88489e3587fffff,Austin,21.215647392871848
88489e3589fffff,Austin,32.21785476157803
88489e358bfffff,Austin,20.147730109024177
88489e358dfffff,Austin,35.510365571872335
88489e3591fffff,Austin,24.010684464867126
88489e3593fffff,Austin,21.4153633171237
88489e3595fffff,Austin,19.40650776490746
88489e3597fffff,Austin,42.003091072754394
88489e3599fffff,Austin,24.283471015985125
88489e359bfffff,Austin,15.4875412418246
88489e359dfffff,Austin,23.9133351292816
88489e35a1fffff,Austin,25.239593196373974
88489e35a3fffff,Austin,47.63731463253185
88489e35a5fffff,Austin,55.65335786352526
88489e35a7fffff,Austin,31.544918477106908
88489e35a9fffff,Austin,26.91717126109185
88489e35abfffff,Austin,28.823919070428243
88489e35adfffff,Austin,44.8337524447165
88489e35b1fffff,Austin,43.82488804762333
88489e35b3fffff,Austin,36.22458226378785
88489e35b5fffff,Austin,25.904080894270106
88489e35b7fffff,Austin,26.782476714936003
88489e35b9fffff,Austin,29.38383492113758
88489e35bbfffff,Austin,21.930970828916664
88489e35bdfffff,Austin,19.028472305730034
88489e35c1fffff,Austin,39.707266421440394
88489e35c3fffff,Austin,25.253717344226544
88489e35c5fffff,Austin,30.199184499480385
88489e35c7fffff,Austin,32.95629056118724
88489e35c9fffff,Austin,39.52490495683347
88489e35cbfffff,Austin,32.91105222535194
88489e35cdfffff,Austin,38.200158741652665
88489e35d1fffff,Austin,23.416266845379162
88489e35d3fffff,Austin,12.543756912660353
88489e35d5fffff,Austin,18.130781887716406
88489e35d7fffff,Austin,28.50708778487856
88489e35d9fffff,Austin,16.40010286424185
88489e35dbfffff,Austin,13.050201605552285
88489e35ddfffff,Austin,31.85768589166481
88489e35e1fffff,Austin,41.08674479601748
88489e35e3fffff,Austin,30.501528939460847
88489e35e5fffff,Austin,40.859624075510574
88489e35e7fffff,Austin,52.7036488994884
88489e35e9fffff,Austin,30.725741966275038
88489e35ebfffff,Austin,24.7013431475016
88489e35edfffff,Austin,43.883386030491266
88489e3601fffff,Austin,18.492896115855576
88489e3603fffff,Austin,33.111827160165454
88489e3605fffff,Austin,16.452607948301942
88489e3607fffff,Austin,37.07210366408833
88489e3609fffff,Austin,21.842943210352004
88489e360bfffff,Austin,13.077247814272091
88489e360dfffff,Austin,22.223122772721375
88489e3611fffff,Austin,36.066750070033066
88489e3613fffff,Austin,12.05448447752899
88489e3615fffff,Austin,18.697114817856004
88489e3617fffff,Austin,12.390727624640428
88489e3619fffff,Austin,34.913217213527204
88489e361bfffff,Austin,29.85331322285035
88489e361dfffff,Austin,27.371794182939404
88489e3621fffff,Austin,33.0455852912381
88489e3623fffff,Austin,21.240466730660593
88489e3625fffff,Austin,27.25452937053727
88489e3627fffff,Austin,16.89547944309977
88489e3629fffff,Austin,21.80071718674876
88489e362bfffff,Austin,35.06128266913755
88489e362dfffff,Austin,40.86678019557235
88489e3631fffff,Austin,3.480979289626184
88489e3633fffff,Austin,16.43012848763867
88489e3635fffff,Austin,22.065353247078022
88489e3637fffff,Austin,11.613073771012614
88489e3639fffff,Austin,25.60481399766114
88489e363bfffff,Austin,12.313853629716261
88489e363dfffff,Austin,33.93184329694217
88489e3641fffff,Austin,19.834500006648508
88489e3643fffff,Austin,29.559946284297904
88489e3645fffff,Austin,26.046488251778054
88489e3647fffff,Austin,16.090763562220104
88489e3649fffff,Austin,15.59296282655391
88489e364bfffff,Austin,20.329934353740587
88489e364dfffff,Austin,14.426788023895103
88489e3651fffff,Austin,11.92412014389671
88489e3653fffff,Austin,17.25402410450625
88489e3655fffff,Austin,20.086889603151615
88489e3657fffff,Austin,6.142944837193779
88489e3659fffff,Austin,11.723850962310014
88489e365bfffff,Austin,24.792361042445126
88489e365dfffff,Austin,22.044500469999818
88489e3661fffff,Austin,28.977904640318418
88489e3663fffff,Austin,16.369912089894942
88489e3665fffff,Austin,15.757120944197302
88489e3667fffff,Austin,16.28312148365096
88489e3669fffff,Austin,27.42124183829547
88489e366bfffff,Austin,22.208785186825015
88489e366dfffff,Austin,34.29594783924582
88489e3681fffff,Austin,2.384791285528121
88489e3683fffff,Austin,12.406410978025914
88489e3685fffff,Austin,5.1185960366341465
88489e3687fffff,Austin,13.65324032031611
88489e3689fffff,Austin,3.3946664448125676
88489e368bfffff,Austin,5.115988684112182
88489e368dfffff,Austin,0.35253224853195614
88489e3695fffff,Austin,4.492506878490393
88489e3697fffff,Austin,0.0958266913575816
88489e369dfffff,Austin,0.5002105587337067
88489e36a1fffff,Austin,19.016729857234818
88489e36a3fffff,Austin,14.802400592679334
88489e36a5fffff,Austin,15.812088262933322
88489e36a7fffff,Austin,14.759081427423252
88489e36a9fffff,Austin,24.25524244813525
88489e36abfffff,Austin,25.314817749336747
88489e36adfffff,Austin,20.83188974932159
88489e36b1fffff,Austin,14.292078361722155
88489e36b3fffff,Austin,17.159476675242495
88489e36b5fffff,Austin,19.59452122259424
88489e36b7fffff,Austin,14.539134290953044
88489e36b9fffff,Austin,9.766180318437579
88489e36bbfffff,Austin,7.503957882460877
88489e36bdfffff,Austin,26.210286427151292
88489e36c1fffff,Austin,8.998711524753455
88489e36c3fffff,Austin,6.1048859206968
88489e36c5fffff,Austin,12.509433767904307
88489e36c7fffff,Austin,7.420504762035658
88489e36c9fffff,Austin,7.497023946840993
88489e36cbfffff,Austin,4.177279672117631
88489e36cdfffff,Austin,14.457786186581314
88489e36d5fffff,Austin,0.18525376100133584
88489e36d7fffff,Austin,2.066931804073109
88489e36d9fffff,Austin,0.7058013166467139
88489e36e1fffff,Austin,4.916266145617477
88489e36e3fffff,Austin,4.7291548692458365
88489e36e5fffff,Austin,42.39592998270161
88489e36e7fffff,Austin,13.137837801789322
88489e36e9fffff,Austin,2.5447524673610733
88489e36ebfffff,Austin,0.7451692346025282
88489e36edfffff,Austin,8.258852905645021
88489e3701fffff,Austin,21.947170941070276
88489e3703fffff,Austin,34.46840154509402
88489e3705fffff,Austin,11.464108941801447
88489e3707fffff,Austin,36.55681989779257
88489e3709fffff,Austin,26.022228614110762
88489e370bfffff,Austin,20.100614590739898
88489e370dfffff,Austin,32.03220791617707
88489e3711fffff,Austin,30.754784218041337
88489e3713fffff,Austin,29.725825637926985
88489e3715fffff,Austin,31.769065190322294
88489e3717fffff,Austin,25.132317738715233
88489e3719fffff,Austin,19.968908113558587
88489e371bfffff,Austin,28.4395056509017
88489e371dfffff,Austin,32.92582438741123
88489e3721fffff,Austin,24.698822041833676
88489e3723fffff,Austin,10.598731982008239
88489e3725fffff,Austin,15.481585644724237
88489e3727fffff,Austin,11.637485484368042
88489e3729fffff,Austin,24.593947893838717
88489e372bfffff,Austin,22.730510419992733
88489e372dfffff,Austin,24.638490730786554
88489e3731fffff,Austin,11.507955819393567
88489e3733fffff,Austin,28.50539020639228
88489e3735fffff,Austin,7.2238553237748455
88489e3737fffff,Austin,31.621400237003524
88489e3739fffff,Austin,38.28387156246472
88489e373bfffff,Austin,27.84196277277944
88489e373dfffff,Austin,25.59000769967234
88489e3741fffff,Austin,14.43639631958147
88489e3743fffff,Austin,22.75318255654362
88489e3745fffff,Austin,15.30034088851531
88489e3747fffff,Austin,22.97122868417519
88489e3749fffff,Austin,23.686491611683167
88489e374bfffff,Austin,17.95470568146781
88489e374dfffff,Austin,5.1730930228734735
88489e3751fffff,Austin,57.39037108425929
88489e3753fffff,Austin,34.72055558061263
88489e3755fffff,Austin,39.060114160174344
88489e3757fffff,Austin,30.85781649821771
88489e3759fffff,Austin,46.737498612311704
88489e375bfffff,Austin,24.97298103679541
88489e375dfffff,Austin,28.452770748453304
88489e3761fffff,Austin,25.09421902000215
88489e3763fffff,Austin,33.66383994887485
88489e3765fffff,Austin,29.1449547367025
88489e3767fffff,Austin,25.076020227723447
88489e3769fffff,Austin,24.045450602649094
88489e376bfffff,Austin,35.70736082448565
88489e376dfffff,Austin,21.36858657551446
88489eac33fffff,Austin,2.404945931941647
88489eac37fffff,Austin,0.4836523085256636
88489eac3bfffff,Austin,0.5190418338364226
88489eac81fffff,Austin,21.858867807795313
88489eac83fffff,Austin,17.80580762391285
88489eac85fffff,Austin,16.17363605732478
88489eac87fffff,Austin,31.556753269378095
88489eac89fffff,Austin,19.385174661084953
88489eac8bfffff,Austin,6.721695648086048
88489eac8dfffff,Austin,10.534771915891074
88489eac91fffff,Austin,6.317628287822333
88489eac95fffff,Austin,20.08174918522494
88489eac97fffff,Austin,13.662567669922268
88489eac9dfffff,Austin,6.634503160103582
88489eaca1fffff,Austin,22.60094982015461
88489eaca3fffff,Austin,18.37941961349869
88489eaca5fffff,Austin,25.146499894417165
88489eaca7fffff,Austin,17.913928257169367
88489eaca9fffff,Austin,12.5401389982269
88489eacabfffff,Austin,22.943955362551
88489eacadfffff,Austin,21.411994268225897
88489eacb1fffff,Austin,19.976740793560687
88489eacb3fffff,Austin,18.593505802670716
88489eacb5fffff,Austin,21.6825848483694
88489eacb7fffff,Austin,20.156241243222826
88489eacb9fffff,Austin,19.25741280365465
88489eacbbfffff,Austin,16.067582963523805
88489eacbdfffff,Austin,18.971116291702888
88489eacc1fffff,Austin,0.8615472158433514
88489eacc3fffff,Austin,14.569356701718823
88489eacc7fffff,Austin,14.81910136418289
88489eacd1fffff,Austin,2.3881699789623503
88489eacd5fffff,Austin,12.799333389849394
88489eacd7fffff,Austin,1.2505115609968624
88489eacddfffff,Austin,2.2506920227991554
88489eace1fffff,Austin,5.911441769857764
88489eace3fffff,Austin,15.530194607033955
88489eace5fffff,Austin,12.018925087543343
88489eace7fffff,Austin,7.159170758420698
88489eacebfffff,Austin,7.817469815668577
88489eacedfffff,Austin,0.6516006225089164
88489ead13fffff,Austin,1.038117896818373
88489ead1bfffff,Austin,0.4317049645814783
88489ead31fffff,Austin,0.8987137398424951
88489ead33fffff,Austin,2.6949386031235085
88489ead37fffff,Austin,6.094916905112411
88489ead81fffff,Austin,4.784721184321864
88489ead83fffff,Austin,14.946145118913213
88489ead85fffff,Austin,8.69663673018873
88489ead87fffff,Austin,13.992568487355987
88489ead89fffff,Austin,7.4751166213701605
88489ead8bfffff,Austin,12.547754902142868
88489ead8dfffff,Austin,6.3620069436485025
88489ead91fffff,Austin,22.8010884132953
88489ead93fffff,Austin,20.524115693339755
88489ead95fffff,Austin,29.484904203871505
88489ead97fffff,Austin,34.44467644610178
88489ead99fffff,Austin,30.666349428378194
88489ead9bfffff,Austin,20.143270051072776
88489ead9dfffff,Austin,17.16918676629759
88489eada3fffff,Austin,8.99673186781804
88489eada5fffff,Austin,10.770121269798274
88489eada7fffff,Austin,3.7888081386460706
88489eada9fffff,Austin,11.885637886568716
88489eadabfffff,Austin,11.21109746325221
88489eadadfffff,Austin,10.407904523998882
88489eadb1fffff,Austin,17.727866129981912
88489eadb3fffff,Austin,31.120077061749956
88489eadb5fffff,Austin,22.743917851521193
88489eadb7fffff,Austin,20.376929690901534
88489eadb9fffff,Austin,22.514440377294033
88489eadbbfffff,Austin,39.316646206935836
88489eadbdfffff,Austin,17.944235308856527
88489eadc1fffff,Austin,1.968893596939716
88489eadc3fffff,Austin,14.49711841020106
88489eadc5fffff,Austin,4.033010591104752
88489eadc7fffff,Austin,24.278815350050746
88489eadcbfffff,Austin,0.7053118677803997
88489eadcdfffff,Austin,2.290445179099384
88489eadd1fffff,Austin,23.351897880022943
88489eadd3fffff,Austin,43.422948714223786
88489eadd5fffff,Austin,19.665526254018243
88489eadd7fffff,Austin,26.765432682643695
88489eadd9fffff,Austin,22.988073621223833
88489eaddbfffff,Austin,35.35953716282133
88489eadddfffff,Austin,3.2907496347470566
88489eade1fffff,Austin,15.659749840915351
88489eade3fffff,Austin,15.401753343103346
88489eade5fffff,Austin,19.358679521411336
88489eade7fffff,Austin,16.152684420752955
88489eade9fffff,Austin,6.432546445328487
88489eadebfffff,Austin,15.14788111040226
88489eadedfffff,Austin,2.472337740103439
882a302905fffff,Boston,13.909989032401766
882a30290dfffff,Boston,22.783900183483897
882a302921fffff,Boston,12.048457841878038
882a302923fffff,Boston,87.79266726786942
882a302925fffff,Boston,38.83981867384083
882a302927fffff,Boston,137.06971999293717
882a302929fffff,Boston,36.618389677691496
882a30292bfffff,Boston,29.244414881402236
882a30292dfffff,Boston,154.56911753710583
882a302935fffff,Boston,0.13830952021820953
882a302961fffff,Boston,40.96501151727593
882a302963fffff,Boston,23.07481833493693
882a302965fffff,Boston,40.17771634042391
882a302967fffff,Boston,27.093714005057866
882a302969fffff,Boston,5.328479384474041
882a30296dfffff,Boston,28.768004732512477
882a3029a1fffff,Boston,0.256293706004912
882a3029a5fffff,Boston,18.247225567508373
882a3029adfffff,Boston,55.56116994722956
882a3029e3fffff,Boston,6.321544622789283
882a3029e7fffff,Boston,8.584046296382423
882a306401fffff,Boston,214.2507901412971
882a306403fffff,Boston,165.54374226022406
882a306405fffff,Boston,179.10695378385793
882a306407fffff,Boston,166.55929463094895
882a306409fffff,Boston,243.55507882036335
882a30640bfffff,Boston,198.47034992163663
882a30640dfffff,Boston,205.58090742100012
882a306411fffff,Boston,224.8676193937517
882a306413fffff,Boston,225.32284329758576
882a306415fffff,Boston,114.58486282415517
882a306417fffff,Boston,208.43758470608643
882a306419fffff,Boston,247.32190711832712
882a30641bfffff,Boston,184.61089313109153
882a30641dfffff,Boston,189.11787843478638
882a306421fffff,Boston,1.270178727277777
882a306423fffff,Boston,28.225177794810516
882a306429fffff,Boston,173.4214702029941
882a30642bfffff,Boston,189.63080268597838
882a306431fffff,Boston,118.73627997338669
882a306433fffff,Boston,111.89130270128955
882a306435fffff,Boston,8.662613492271973
882a306437fffff,Boston,67.66638614108082
882a306439fffff,Boston,129.17143928900524
882a30643bfffff,Boston,151.79714803519585
882a30643dfffff,Boston,134.75748409268772
882a306441fffff,Boston,271.94466311591697
882a306443fffff,Boston,206.3355183672834
882a306445fffff,Boston,240.58206726494353
882a306447fffff,Boston,250.32201112758938
882a306449fffff,Boston,168.52138304916477
882a30644bfffff,Boston,316.1622991501242
882a30644dfffff,Boston,228.89429771923446
882a306451fffff,Boston,266.5135570766289
882a306453fffff,Boston,226.52644224357104
882a306455fffff,Boston,246.24238937947973
882a306457fffff,Boston,255.22792846107376
882a306459fffff,Boston,234.19886871286076
882a30645bfffff,Boston,266.8394300216147
882a30645dfffff,Boston,232.87861036119202
882a306461fffff,Boston,265.4647968482625
882a306463fffff,Boston,276.42138741813255
882a306465fffff,Boston,77.7711005311188
882a306467fffff,Boston,113.18108972496039
882a306469fffff,Boston,324.0242465016317
882a30646bfffff,Boston,281.4802307649945
882a30646dfffff,Boston,275.9706452178787
882a3064c1fffff,Boston,18.167075349447313
882a3064c5fffff,Boston,25.696239668994902
882a3064c9fffff,Boston,68.60420986520779
882a3064cdfffff,Boston,59.567250367781895
882a3064e1fffff,Boston,3.7888055768202493
882a3064e5fffff,Boston,8.523588488568796
882a3064e9fffff,Boston,75.98297302892828
882a3064edfffff,Boston,125.75262978175077
882a3065d9fffff,Boston,67.46927311701499
882a306601fffff,Boston,372.93368022028466
882a306603fffff,Boston,287.62902656760855
882a306605fffff,Boston,238.16042039680403
882a306607fffff,Boston,185.40929526911015
882a306609fffff,Boston,230.88642677144526
882a30660bfffff,Boston,278.3041199063985
882a30660dfffff,Boston,327.62931642420796
882a306611fffff,Boston,346.53128863724027
882a306613fffff,Boston,314.4546865854571
882a306615fffff,Boston,296.1306549308008
882a306617fffff,Boston,480.75898555685535
882a306619fffff,Boston,21.25987379698443
882a30661bfffff,Boston,320.87263796936094
882a30661dfffff,Boston,250.37508717253073
882a306621fffff,Boston,252.85062644822108
882a306623fffff,Boston,191.35865027572865
882a306625fffff,Boston,230.5118704776917
882a306627fffff,Boston,274.46588587255434
882a306629fffff,Boston,304.08949606972334
882a30662bfffff,Boston,220.53049600165005
882a30662dfffff,Boston,267.35248874366505
882a306631fffff,Boston,306.7662293040052
882a306633fffff,Boston,338.53518802950344
882a306635fffff,Boston,160.85177475629544
882a306637fffff,Boston,288.6227881986148
882a306639fffff,Boston,219.15436756608435
882a30663bfffff,Boston,323.2257553959528
882a30663dfffff,Boston,75.63512762159006
882a306641fffff,Boston,163.71920529118754
882a306643fffff,Boston,83.74761967490699
882a306645fffff,Boston,94.60194826045831
882a306647fffff,Boston,149.6699904005165
882a306649fffff,Boston,398.72724692572615
882a30664bfffff,Boston,135.13001357302937
882a30664dfffff,Boston,229.38860005190503
882a306651fffff,Boston,295.4130627166148
882a306653fffff,Boston,78.06887290972078
882a306655fffff,Boston,120.96506529931229
882a306657fffff,Boston,22.394146185745512
882a306659fffff,Boston,213.36867646151632
882a30665bfffff,Boston,475.78742814000657
882a30665dfffff,Boston,268.7493392149101
882a306661fffff,Boston,333.41509943344136
882a306663fffff,Boston,314.98331692923415
882a306665fffff,Boston,285.37876837883414
882a306667fffff,Boston,270.23789319411827
882a306669fffff,Boston,103.08885830720114
882a30666bfffff,Boston,201.86825615441757
882a30666dfffff,Boston,255.28358930784768
882a306681fffff,Boston,221.09591218380783
882a306683fffff,Boston,121.39012121557205
882a306685fffff,Boston,240.86515497980844
882a306687fffff,Boston,253.2442530817406
882a306689fffff,Boston,195.17639641584458
882a30668bfffff,Boston,38.96461486740226
882a30668dfffff,Boston,340.0559359851111
882a306695fffff,Boston,21.73142559363444
882a306699fffff,Boston,4.45244876390108
882a30669dfffff,Boston,10.59243642676134
882a3066a1fffff,Boston,235.70341324069966
882a3066a3fffff,Boston,235.6877627080467
882a3066a5fffff,Boston,221.52103723888587
882a3066a7fffff,Boston,178.595459994044
882a3066a9fffff,Boston,226.026277225876
882a3066abfffff,Boston,220.04671555933038
882a3066adfffff,Boston,240.56485830294264
882a3066b5fffff,Boston,27.201937930004636
882a3066b9fffff,Boston,113.30746541298248
882a3066bdfffff,Boston,173.27162810800033
882a3066c1fffff,Boston,201.18890747464758
882a3066c5fffff,Boston,299.12037354657207
882a3066c7fffff,Boston,34.32946809143391
882a3066c9fffff,Boston,169.08343776830014
882a3066cbfffff,Boston,0.9867638215031317
882a3066cdfffff,Boston,182.40569352495132
882a3066d1fffff,Boston,5.247579624959977
882a3066d3fffff,Boston,4.24063866418147
882a3066d5fffff,Boston,32.78689008967162
882a3066d9fffff,Boston,31.735971386657102
882a3066dbfffff,Boston,8.449443193311593
882a3066e1fffff,Boston,334.58541894742933
882a3066e3fffff,Boston,299.2989457957975
882a3066e5fffff,Boston,334.2104205544062
882a3066e7fffff,Boston,256.67969581803123
882a3066e9fffff,Boston,288.6832843312971
882a3066ebfffff,Boston,263.53305799994547
882a3066edfffff,Boston,356.9598964094923
882a306701fffff,Boston,201.1613749670849
882a306703fffff,Boston,173.6204390980243
882a306705fffff,Boston,76.80829715869802
882a306707fffff,Boston,19.56877951641555
882a306709fffff,Boston,228.13270486766433
882a30670bfffff,Boston,218.76502436629804
882a30670dfffff,Boston,190.90500110371968
882a306711fffff,Boston,174.72225517168934
882a306713fffff,Boston,302.63956498459174
882a306715fffff,Boston,248.3851536661028
882a306717fffff,Boston,261.0901017809572
882a306719fffff,Boston,206.3685194716944
882a30671bfffff,Boston,208.41635481733786
882a30671dfffff,Boston,207.96773724922775
882a306731fffff,Boston,5.912002900293256
882a306733fffff,Boston,38.38352040389571
882a306739fffff,Boston,190.48805186366423
882a30673bfffff,Boston,209.9496170776667
882a306743fffff,Boston,189.4150463755352
882a306747fffff,Boston,109.65443728587505
882a30674bfffff,Boston,22.356045278922892
882a306751fffff,Boston,248.47705282690126
882a306753fffff,Boston,240.69733439319506
882a306755fffff,Boston,265.1923521525816
882a306757fffff,Boston,227.43435145733645
882a306759fffff,Boston,234.0724354251411
882a30675bfffff,Boston,228.54214888767157
882a30675dfffff,Boston,218.57630791855877
882a306763fffff,Boston,36.23728801329924
882a30676bfffff,Boston,4.5555013140638225
882a307481fffff,Boston,5.316235712273341
882a307483fffff,Boston,68.75281335258892
882a307487fffff,Boston,43.251997517591825
882a307495fffff,Boston,63.32896279548532
882a307497fffff,Boston,25.708481422680435
882a3074a3fffff,Boston,173.62290672781157
882a3074a7fffff,Boston,133.37620993700818
882a3074abfffff,Boston,15.289481232579417
882a3074b1fffff,Boston,241.07187158775156
882a3074b3fffff,Boston,95.91845357712776
882a3074b5fffff,Boston,249.88769073151025
882a3074b7fffff,Boston,255.00019504659937
882a3074b9fffff,Boston,178.09945840004607
882a3074bbfffff,Boston,169.06765437401
882a3074bdfffff,Boston,150.8130350571222
882a307593fffff,Boston,178.97596128105897
882a307597fffff,Boston,110.29348633933111
882a30759bfffff,Boston,13.160115910651264
882a3075b1fffff,Boston,4.800023027886549
882a3075b3fffff,Boston,167.9261372061656
882a3075b7fffff,Boston,97.2552724554711
882a3075bbfffff,Boston,6.897741622449455
88268cc001fffff,Denver,23.663392404849663
88268cc003fffff,Denver,41.08910862456831
88268cc005fffff,Denver,33.83456265267145
88268cc007fffff,Denver,66.0990146230703
88268cc009fffff,Denver,51.23758509028407
88268cc00bfffff,Denver,38.20471016700933
88268cc00dfffff,Denver,45.40990820432371
88268cc011fffff,Denver,1.0440893723727465
88268cc013fffff,Denver,13.225754947601882
88268cc015fffff,Denver,46.56699100212744
88268cc017fffff,Denver,29.423579386026557
88268cc019fffff,Denver,2.2020637556341804
88268cc01bfffff,Denver,5.547157094072437
88268cc01dfffff,Denver,16.098759202819494
88268cc021fffff,Denver,27.311317097654616
88268cc023fffff,Denver,41.717707970733926
88268cc025fffff,Denver,14.191037374176272
88268cc027fffff,Denver,26.803388945155675
88268cc029fffff,Denver,33.70614763119084
88268cc02bfffff,Denver,49.77169203390991
88268cc02dfffff,Denver,23.010339415652773
88268cc031fffff,Denver,77.88467321860774
88268cc033fffff,Denver,54.70696423245881
88268cc035fffff,Denver,34.87993264734376
88268cc037fffff,Denver,59.81353835188825
88268cc039fffff,Denver,52.10658264327862
88268cc03bfffff,Denver,52.70413091937775
88268cc03dfffff,Denver,68.06401881566111
88268cc041fffff,Denver,34.71950733365858
88268cc043fffff,Denver,30.635811241552105
88268cc045fffff,Denver,26.46655452457363
88268cc047fffff,Denver,41.27074709638633
88268cc049fffff,Denver,34.201760936021294
88268cc04bfffff,Denver,17.57568246886461
88268cc04dfffff,Denver,60.380970995134334
88268cc051fffff,Denver,22.650223654125565
88268cc053fffff,Denver,5.532229750053573
88268cc055fffff,Denver,51.37931477119874
88268cc057fffff,Denver,11.858075065326176
88268cc059fffff,Denver,61.75553724858385
88268cc05bfffff,Denver,14.949992633107255
88268cc05dfffff,Denver,19.045918738920243
88268cc061fffff,Denver,43.278255836231835
88268cc063fffff,Denver,50.957639491940284
88268cc065fffff,Denver,39.79189377751086
88268cc067fffff,Denver,29.257732369229345
88268cc069fffff,Denver,36.732540449628395
88268cc06bfffff,Denver,38.76400077198835
88268cc06dfffff,Denver,30.225179162239566
88268cc0c1fffff,Denver,3.8432249140875228
88268cc0c5fffff,Denver,16.378695117934154
88268cc0c7fffff,Denver,9.9007924181909
88268cc0c9fffff,Denver,3.3914409661633167
88268cc0cdfffff,Denver,4.921529086821456
88268cc0e1fffff,Denver,6.719230365460347
88268cc0e5fffff,Denver,4.251991565085917
88268cc0e9fffff,Denver,25.841221987798175
88268cc0ebfffff,Denver,12.110760033816218
88268cc0edfffff,Denver,18.07136922330201
88268cc101fffff,Denver,24.197083707190572
88268cc103fffff,Denver,21.191485939042483
88268cc105fffff,Denver,53.489941621261295
88268cc107fffff,Denver,34.11224895759944
88268cc109fffff,Denver,12.8233178999849
88268cc10bfffff,Denver,21.30652887241341
88268cc10dfffff,Denver,35.51915814837683
88268cc111fffff,Denver,24.265917204965966
88268cc113fffff,Denver,19.163584948253344
88268cc115fffff,Denver,24.625641093329524
88268cc117fffff,Denver,20.68242373571474
88268cc119fffff,Denver,16.04316268567563
88268cc11bfffff,Denver,23.94077537705747
88268cc11dfffff,Denver,23.302264773806304
88268cc121fffff,Denver,29.140197324659557
88268cc123fffff,Denver,50.39774202343285
88268cc125fffff,Denver,50.577404807709456
88268cc127fffff,Denver,39.66252227488652
88268cc129fffff,Denver,41.387532016966325
88268cc12bfffff,Denver,53.880634609721355
88268cc12dfffff,Denver,53.593700939598875
88268cc131fffff,Denver,21.918692196887214
88268cc133fffff,Denver,8.031715877516291
88268cc135fffff,Denver,63.82184404425082
88268cc137fffff,Denver,4.601869678209595
88268cc139fffff,Denver,25.14913261363985
88268cc13bfffff,Denver,19.915888097031782
88268cc13dfffff,Denver,40.61759834141015
88268cc141fffff,Denver,40.30019205541332
88268cc143fffff,Denver,42.99259897677153
88268cc145fffff,Denver,53.04997161427754
88268cc147fffff,Denver,52.27850460036228
88268cc149fffff,Denver,43.119432875540305
88268cc14bfffff,Denver,32.88492626328951
88268cc14dfffff,Denver,41.24040352037992
88268cc151fffff,Denver,34.69636146699746
88268cc153fffff,Denver,19.627034859817044
88268cc155fffff,Denver,34.10908275754996
88268cc157fffff,Denver,30.32665496396615
88268cc159fffff,Denver,40.94882226463635
88268cc15bfffff,Denver,35.047147401006974
88268cc15dfffff,Denver,36.102029508247405
88268cc161fffff,Denver,65.26529673667844
88268cc163fffff,Denver,51.95158841441833
88268cc165fffff,Denver,52.330229476921915
88268cc167fffff,Denver,51.17133806962315
88268cc169fffff,Denver,62.56243313681905
88268cc16bfffff,Denver,66.2535919724866
88268cc16dfffff,Denver,47.692012149274674
88268cc1c1fffff,Denver,18.168792645614875
88268cc1c5fffff,Denver,21.885722114795712
88268cc1c9fffff,Denver,27.510445861716875
88268cc1cbfffff,Denver,20.121531229626058
88268cc1cdfffff,Denver,13.90192750446855
88268cc1d9fffff,Denver,3.5178682998167443
88268cc1ddfffff,Denver,0.451885457477134
88268cc1e9fffff,Denver,11.10043292010628
88268cc1edfffff,Denver,11.485717470504802
88268cc201fffff,Denver,63.48898361432953
88268cc203fffff,Denver,26.47096893169549
88268cc205fffff,Denver,41.885372573130375
88268cc207fffff,Denver,70.27869713252755
88268cc209fffff,Denver,23.51255672566735
88268cc20bfffff,Denver,50.00931681630174
88268cc20dfffff,Denver,49.84047499511102
88268cc211fffff,Denver,7.501044737078111
88268cc215fffff,Denver,27.478561749029964
88268cc217fffff,Denver,41.36662693245752
88268cc219fffff,Denver,0.7630371328519371
88268cc21dfffff,Denver,27.962259766865124
88268cc221fffff,Denver,45.50519826706573
88268cc223fffff,Denver,36.25077053592187
88268cc225fffff,Denver,36.533597319784505
88268cc227fffff,Denver,47.141629825655
88268cc229fffff,Denver,50.19919947590105
88268cc22bfffff,Denver,54.624421071458926
88268cc22dfffff,Denver,53.59695498727449
88268cc231fffff,Denver,64.51154491273662
88268cc233fffff,Denver,39.3683508417789
88268cc235fffff,Denver,48.16458252736926
88268cc237fffff,Denver,52.83879081976371
88268cc239fffff,Denver,32.53300928271015
88268cc23bfffff,Denver,39.74703749317362
88268cc23dfffff,Denver,54.677676860024704
88268cc241fffff,Denver,30.704620349909625
88268cc243fffff,Denver,47.41167262831843
88268cc245fffff,Denver,34.39304343166309
88268cc247fffff,Denver,52.38387350096644
88268cc249fffff,Denver,34.33671934061333
88268cc24bfffff,Denver,34.65557813194197
88268cc24dfffff,Denver,40.055772608212756
88268cc251fffff,Denver,4.522080714776636
88268cc253fffff,Denver,0.659013051112111
88268cc255fffff,Denver,31.176660560527996
88268cc257fffff,Denver,25.210025565653556
88268cc259fffff,Denver,0.2903484127214091
88268cc25dfffff,Denver,12.385004540520466
88268cc261fffff,Denver,20.402120618629795
88268cc263fffff,Denver,30.585081163833355
88268cc265fffff,Denver,51.58664010574815
88268cc267fffff,Denver,38.991811487346695
88268cc269fffff,Denver,12.765761590935725
88268cc26bfffff,Denver,18.932067227132904
88268cc26dfffff,Denver,47.02643315198762
88268cc2a1fffff,Denver,8.10774759066155
88268cc2a9fffff,Denver,8.386985003650603
88268cc2abfffff,Denver,1.9174111828331986
88268cc2adfffff,Denver,5.857892220276784
88268cc2e1fffff,Denver,23.51831227327595
88268cc2e3fffff,Denver,0.12449479685480351
88268cc2e5fffff,Denver,58.164024372226514
88268cc2e7fffff,Denver,22.700717842850754
88268cc2e9fffff,Denver,1.5864458244324164
88268cc2edfffff,Denver,38.88378330348963
88268cc301fffff,Denver,69.5813026122927
88268cc303fffff,Denver,49.09852379844818
88268cc305fffff,Denver,45.111073521836744
88268cc307fffff,Denver,57.37194652883912
88268cc309fffff,Denver,71.03393357199752
88268cc30bfffff,Denver,34.32811405845649
88268cc30dfffff,Denver,40.92050456990939
88268cc311fffff,Denver,60.97164938162405
88268cc313fffff,Denver,33.46604631879994
88268cc315fffff,Denver,55.495773887273934
88268cc317fffff,Denver,31.083555004365593
88268cc319fffff,Denver,26.53060531310117
88268cc31bfffff,Denver,58.82348255062585
88268cc31dfffff,Denver,32.86255240613889
88268cc321fffff,Denver,52.97412736939817
88268cc323fffff,Denver,44.085770825966286
88268cc325fffff,Denver,49.52801904166819
88268cc327fffff,Denver,50.378527963213
88268cc329fffff,Denver,41.227850858986095
88268cc32bfffff,Denver,56.56112483961079
88268cc32dfffff,Denver,58.82278947174936
88268cc331fffff,Denver,52.12921486897053
88268cc333fffff,Denver,32.69239489531282
88268cc335fffff,Denver,40.99830407635155
88268cc337fffff,Denver,25.629511575944377
88268cc339fffff,Denver,61.60594835806037
88268cc33bfffff,Denver,37.92977603003883
88268cc33dfffff,Denver,45.36318388265265
88268cc341fffff,Denver,49.041458878595904
88268cc343fffff,Denver,57.75923059878086
88268cc345fffff,Denver,53.282195679455995
88268cc347fffff,Denver,52.560796313449906
88268cc349fffff,Denver,38.59217029256507
88268cc34bfffff,Denver,35.253293429779866
88268cc34dfffff,Denver,56.3963822526684
88268cc351fffff,Denver,57.739369750408024
88268cc353fffff,Denver,41.77275378586931
88268cc355fffff,Denver,32.12146601286338
88268cc357fffff,Denver,25.594863909670742
88268cc359fffff,Denver,36.50225084410282
88268cc35bfffff,Denver,46.47373135922567
88268cc35dfffff,Denver,42.61705474836308
88268cc361fffff,Denver,42.903020955485964
88268cc363fffff,Denver,50.145946304572455
88268cc365fffff,Denver,45.840861444149496
88268cc367fffff,Denver,28.309369356662767
88268cc369fffff,Denver,34.23033822378322
88268cc36bfffff,Denver,34.44638380156405
88268cc36dfffff,Denver,50.525151301871055
88268cca01fffff,Denver,30.59056000506284
88268cca03fffff,Denver,34.70716335857938
88268cca05fffff,Denver,2.164930063331082
88268cca07fffff,Denver,9.854677006995598
88268cca09fffff,Denver,30.302043356292817
88268cca0bfffff,Denver,27.393193141240985
88268cca0dfffff,Denver,15.39969051541192
88268cca11fffff,Denver,42.28282638354849
88268cca13fffff,Denver,48.9294365991239
88268cca15fffff,Denver,28.20321406245474
88268cca17fffff,Denver,29.01279667200633
88268cca19fffff,Denver,54.38479878063265
88268cca1bfffff,Denver,51.05237102794022
88268cca1dfffff,Denver,33.974107803185824
88268cca23fffff,Denver,0.6916085091828402
88268cca2bfffff,Denver,0.9018166155137705
88268cca31fffff,Denver,12.126683047255463
88268cca35fffff,Denver,1.0186106692461983
88268cca39fffff,Denver,9.593756647650938
88268cca3bfffff,Denver,7.6345179272863914
88268cca3dfffff,Denver,6.879665109162372
88268cca41fffff,Denver,48.3269278733383
88268cca43fffff,Denver,19.385489586280908
88268cca45fffff,Denver,25.204710227587626
88268cca47fffff,Denver,27.0298736030448
88268cca49fffff,Denver,28.8507847547059
88268cca4bfffff,Denver,29.081742240163667
88268cca4dfffff,Denver,26.256580584660423
88268cca51fffff,Denver,40.42189754424954
88268cca53fffff,Denver,28.373102465130525
88268cca55fffff,Denver,34.36711295802367
88268cca57fffff,Denver,31.68787759659943
88268cca59fffff,Denver,29.720084235302945
88268cca5bfffff,Denver,20.1943510187181
88268cca5dfffff,Denver,38.06428742685777
88268cca69fffff,Denver,1.971438481853054
88268cca6bfffff,Denver,2.327795005008727
88268ccac1fffff,Denver,8.291299357386182
88268ccac5fffff,Denver,0.08287400029667688
88268ccac7fffff,Denver,0.09680729516254037
88268ccac9fffff,Denver,48.4705784202534
88268ccacbfffff,Denver,5.923597551369588
88268ccacdfffff,Denver,51.213654677569764
88268ccae9fffff,Denver,1.0201337045876373
88268ccaedfffff,Denver,0.44766356568314836
88268cd001fffff,Denver,21.447585725537817
88268cd003fffff,Denver,36.72532119887348
88268cd005fffff,Denver,28.404058566854488
88268cd007fffff,Denver,39.46745577744787
88268cd009fffff,Denver,0.906420626386069
88268cd00bfffff,Denver,16.71810575836666
88268cd00dfffff,Denver,1.8875758939908915
88268cd011fffff,Denver,46.90711858950634
88268cd013fffff,Denver,60.86874353553754
88268cd015fffff,Denver,40.43122992044215
88268cd017fffff,Denver,45.0030333239008
88268cd019fffff,Denver,38.85664891127786
88268cd01bfffff,Denver,23.069168093812358
88268cd01dfffff,Denver,37.29380031832716
88268cd021fffff,Denver,46.590647805191885
88268cd023fffff,Denver,48.97153804816598
88268cd025fffff,Denver,37.45192634515864
88268cd027fffff,Denver,36.564624138311615
88268cd029fffff,Denver,39.65022345958181
88268cd02bfffff,Denver,41.44088137394019
88268cd02dfffff,Denver,36.779083548616654
88268cd031fffff,Denver,51.63860697384964
88268cd033fffff,Denver,28.82259341576468
88268cd035fffff,Denver,40.51799839696495
88268cd037fffff,Denver,30.161069506691025
88268cd039fffff,Denver,38.22289352297534
88268cd03bfffff,Denver,43.2545850275009
88268cd03dfffff,Denver,69.07198061248559
88268cd053fffff,Denver,5.339142613025856
88268cd057fffff,Denver,3.58922622004889
88268cd063fffff,Denver,2.1613888439499047
88268cd067fffff,Denver,0.9203130370080569
88268cd085fffff,Denver,27.887800864162536
88268cd087fffff,Denver,1.0474714548230448
88268cd089fffff,Denver,1.3165482739083072
88268cd08dfffff,Denver,5.634749499224696
88268cd0a1fffff,Denver,62.332431958624284
88268cd0a3fffff,Denver,46.42048724680793
88268cd0a5fffff,Denver,67.06311156252258
88268cd0a7fffff,Denver,49.79800383029847
88268cd0a9fffff,Denver,47.8872579992629
88268cd0abfffff,Denver,54.29742293777846
88268cd0adfffff,Denver,49.1201020840509
88268cd0b1fffff,Denver,3.3939125457134023
88268cd0b3fffff,Denver,0.5699491260591737
88268cd0b5fffff,Denver,39.53944042062446
88268cd0b7fffff,Denver,8.455400499678069
88268cd0b9fffff,Denver,1.5470495681063963
88268cd0bdfffff,Denver,16.864476805984708
88268cd0c1fffff,Denver,3.4178700896072134
88268cd0c3fffff,Denver,0.05281939335689708
88268cd0c5fffff,Denver,28.382479237094714
88268cd0c7fffff,Denver,2.547164156982802
88268cd0cbfffff,Denver,1.8275015952470934
88268cd0cdfffff,Denver,2.978728512465649
88268cd0d9fffff,Denver,0.3921275501010562
88268cd0ddfffff,Denver,1.7595730826668183
88268cd0e1fffff,Denver,39.82861709412357
88268cd0e3fffff,Denver,32.17951435298042
88268cd0e5fffff,Denver,27.385482488155823
88268cd0e7fffff,Denver,38.99753971610935
88268cd0e9fffff,Denver,48.86999860226239
88268cd0ebfffff,Denver,37.791735237495836
88268cd0edfffff,Denver,39.51944654710977
88268cd101fffff,Denver,39.7682601949128
88268cd103fffff,Denver,47.56868931745525
88268cd105fffff,Denver,29.910269067247093
88268cd107fffff,Denver,30.263109450378405
88268cd109fffff,Denver,8.186408885269607
88268cd10bfffff,Denver,31.87155045219184
88268cd10dfffff,Denver,10.171526781965847
88268cd111fffff,Denver,46.21975267919294
88268cd113fffff,Denver,42.418837986568256
88268cd115fffff,Denver,48.5013801818297
88268cd117fffff,Denver,23.490762150156655
88268cd119fffff,Denver,20.774342294675915
88268cd11bfffff,Denver,34.514955343866205
88268cd11dfffff,Denver,31.549157228662057
88268cd121fffff,Denver,46.25634013613583
88268cd123fffff,Denver,67.29322818834324
88268cd125fffff,Denver,65.22809462103075
88268cd127fffff,Denver,60.518674662246205
88268cd129fffff,Denver,31.37673236943731
88268cd12bfffff,Denver,32.831230012865106
88268cd12dfffff,Denver,55.40608562679509
88268cd131fffff,Denver,40.62011058527415
88268cd133fffff,Denver,51.22618077098222
88268cd135fffff,Denver,48.23551760129297
88268cd137fffff,Denver,50.647591139766675
88268cd139fffff,Denver,63.06181541572106
88268cd13bfffff,Denver,50.40581035808294
88268cd13dfffff,Denver,52.80177810841828
88268cd151fffff,Denver,5.736214612254192
88268cd153fffff,Denver,39.40372748915823
88268cd155fffff,Denver,8.08809945494358
88268cd157fffff,Denver,38.29503390976381
88268cd15bfffff,Denver,1.4907705561750313
88268cd161fffff,Denver,0.6724823427688431
88268cd163fffff,Denver,23.879573831655264
88268cd165fffff,Denver,1.7627809735160969
88268cd167fffff,Denver,36.39317298901903
88268cd181fffff,Denver,43.323626455199076
88268cd183fffff,Denver,53.50949919891147
88268cd185fffff,Denver,47.590187203698534
88268cd187fffff,Denver,57.12099941205591
88268cd189fffff,Denver,46.66467207626058
88268cd18bfffff,Denver,45.423129929924734
88268cd18dfffff,Denver,45.07582493951496
88268cd191fffff,Denver,48.32173218711919
88268cd193fffff,Denver,41.88372642072556
88268cd195fffff,Denver,44.04199775361849
88268cd197fffff,Denver,39.84298878902967
88268cd199fffff,Denver,58.394601949067955
88268cd19bfffff,Denver,46.889649369906905
88268cd19dfffff,Denver,59.14899355471352
88268cd1a1fffff,Denver,58.84508111685268
88268cd1a3fffff,Denver,49.51624332815697
88268cd1a5fffff,Denver,55.79686394772782
88268cd1a7fffff,Denver,56.70096504790575
88268cd1a9fffff,Denver,54.097105047866364
88268cd1abfffff,Denver,52.5931764246591
88268cd1adfffff,Denver,46.1742846236411
88268cd1b1fffff,Denver,38.35781858404908
88268cd1b3fffff,Denver,61.061368870398226
88268cd1b5fffff,Denver,30.85613685809122
88268cd1b7fffff,Denver,31.54126481998253
88268cd1b9fffff,Denver,43.89280650221837
88268cd1bbfffff,Denver,58.16209260756135
88268cd1bdfffff,Denver,39.24693793152488
88268cd1c1fffff,Denver,56.94191867560183
88268cd1c3fffff,Denver,63.08820398541098
88268cd1c5fffff,Denver,47.804282631626066
88268cd1c7fffff,Denver,49.47689350300798
88268cd1c9fffff,Denver,46.47383542117945
88268cd1cbfffff,Denver,56.2548944638386
88268cd1cdfffff,Denver,42.48129113336973
88268cd1d1fffff,Denver,42.24544733001388
88268cd1d3fffff,Denver,56.34154668921379
88268cd1d5fffff,Denver,59.02827306216069
88268cd1d7fffff,Denver,50.03214560390757
88268cd1d9fffff,Denver,34.04861733834396
88268cd1dbfffff,Denver,54.13407057601103
88268cd1ddfffff,Denver,48.794756450273496
88268cd1e1fffff,Denver,50.863062216666485
88268cd1e3fffff,Denver,48.04748391524843
88268cd1e5fffff,Denver,52.65244585587347
88268cd1e7fffff,Denver,44.438027273039886
88268cd1e9fffff,Denver,47.33683963735144
88268cd1ebfffff,Denver,50.03695687329073
88268cd1edfffff,Denver,48.17413175402055
88268cd2a1fffff,Denver,2.0342496428842356
88268cd2a5fffff,Denver,8.221702872295658
88268cd2adfffff,Denver,0.46435742651234385
88268cd801fffff,Denver,1.767921352891183
88268cd803fffff,Denver,22.822143325081857
88268cd807fffff,Denver,5.015003458067503
88268cd809fffff,Denver,14.40236009435699
88268cd80bfffff,Denver,36.29086157451891
88268cd811fffff,Denver,46.02765453103482
88268cd813fffff,Denver,52.00373265165776
88268cd815fffff,Denver,43.346214097698144
88268cd817fffff,Denver,42.42222385118357
88268cd819fffff,Denver,47.198083166907665
88268cd81bfffff,Denver,47.246054052708466
88268cd81dfffff,Denver,56.85032039647414
88268cd82bfffff,Denver,0.7131484941165159
88268cd833fffff,Denver,7.814958281324745
88268cd839fffff,Denver,3.2076527233290997
88268cd83bfffff,Denver,36.52343213906827
88268cd841fffff,Denver,4.727254599050162
88268cd843fffff,Denver,39.823002749197904
88268cd845fffff,Denver,1.1739047604317547
88268cd847fffff,Denver,0.8384070042825582
88268cd849fffff,Denver,20.196214424431794
88268cd84bfffff,Denver,50.314779236239765
88268cd851fffff,Denver,37.889772494402735
88268cd853fffff,Denver,44.79634448647885
88268cd855fffff,Denver,52.23482087441905
88268cd857fffff,Denver,43.822841264267815
88268cd859fffff,Denver,56.73051990207191
88268cd85bfffff,Denver,68.48163607500138
88268cd85dfffff,Denver,16.765706580257852
88268cd881fffff,Denver,43.14781859130216
88268cd883fffff,Denver,41.69524851640577
88268cd885fffff,Denver,33.11308343977567
88268cd887fffff,Denver,57.578188180548885
88268cd889fffff,Denver,33.866913596758494
88268cd88bfffff,Denver,24.54738208603178
88268cd88dfffff,Denver,45.43084204982552
88268cd891fffff,Denver,41.33710993598909
88268cd893fffff,Denver,59.618400742963246
88268cd895fffff,Denver,29.43235030786015
88268cd897fffff,Denver,34.502148825351014
88268cd899fffff,Denver,55.878350321478806
88268cd89bfffff,Denver,42.763737494700884
88268cd89dfffff,Denver,40.45844909141362
88268cd8a1fffff,Denver,29.134173268409448
88268cd8a3fffff,Denver,30.302565298134024
88268cd8a5fffff,Denver,34.370263452857614
88268cd8a7fffff,Denver,27.43574782862224
88268cd8a9fffff,Denver,30.021034809810843
88268cd8abfffff,Denver,29.921581465423067
88268cd8adfffff,Denver,36.106514049129835
88268cd8b1fffff,Denver,35.1805242982676
88268cd8b3fffff,Denver,39.455088069086834
88268cd8b5fffff,Denver,25.360332756912364
88268cd8b7fffff,Denver,48.37351440116228
88268cd8b9fffff,Denver,26.530935096199055
88268cd8bbfffff,Denver,41.211958567755076
88268cd8bdfffff,Denver,36.36574946505116
88268cd8c1fffff,Denver,54.00607946131312
88268cd8c3fffff,Denver,45.703907662357366
88268cd8c5fffff,Denver,54.22480935845046
88268cd8c7fffff,Denver,47.601669226266054
88268cd8c9fffff,Denver,42.00378036830394
88268cd8cbfffff,Denver,51.79781115692071
88268cd8cdfffff,Denver,56.36392961227205
88268cd8d1fffff,Denver,46.36432498542624
88268cd8d3fffff,Denver,54.010482600610956
88268cd8d5fffff,Denver,44.645812414307436
88268cd8d7fffff,Denver,17.00422675139935
88268cd8d9fffff,Denver,59.628599932421956
88268cd8dbfffff,Denver,60.98907837426904
88268cd8ddfffff,Denver,40.62678529021919
88268cd8e1fffff,Denver,39.8268401194719
88268cd8e3fffff,Denver,38.22291525539441
88268cd8e5fffff,Denver,33.53869738523798
88268cd8e7fffff,Denver,47.85786425248643
88268cd8e9fffff,Denver,42.077780858278736
88268cd8ebfffff,Denver,40.236366061169576
88268cd8edfffff,Denver,27.943050696428834
88268cd993fffff,Denver,2.048411142722763
88268cd99bfffff,Denver,8.270979196372053
88268cd9d1fffff,Denver,1.1956406073601922
88268cd9d3fffff,Denver,5.473825148115208
88268cd9dbfffff,Denver,18.019587399504932
88268cda01fffff,Denver,47.62762799650802
88268cda03fffff,Denver,44.72231302701548
88268cda05fffff,Denver,23.782812135986823
88268cda07fffff,Denver,51.20061542951022
88268cda09fffff,Denver,38.41556260985255
88268cda0bfffff,Denver,58.14898959063515
88268cda0dfffff,Denver,25.21147694554955
88268cda11fffff,Denver,54.39314585267281
88268cda13fffff,Denver,61.71445520789071
88268cda15fffff,Denver,57.73587572229158
88268cda17fffff,Denver,60.92929293016407
88268cda19fffff,Denver,60.04317501509029
88268cda1bfffff,Denver,46.97622911364345
88268cda1dfffff,Denver,56.03650857475994
88268cda21fffff,Denver,12.565561946709181
88268cda23fffff,Denver,46.45001306436196
88268cda27fffff,Denver,0.13581090047882885
88268cda29fffff,Denver,29.590331477013084
88268cda2bfffff,Denver,33.384496866771954
88268cda31fffff,Denver,52.23111046363275
88268cda33fffff,Denver,55.62878050092834
88268cda35fffff,Denver,55.50265383392552
88268cda37fffff,Denver,51.70612335907874
88268cda39fffff,Denver,51.7698279368286
88268cda3bfffff,Denver,60.85177611032723
88268cda3dfffff,Denver,53.10498108321279
88268cda43fffff,Denver,3.041698063088417
88268cda47fffff,Denver,5.139957280546387
88268cda51fffff,Denver,30.392638529690036
88268cda53fffff,Denver,48.101064155996625
88268cda55fffff,Denver,32.48095533959091
88268cda57fffff,Denver,43.674495562973036
88268cda59fffff,Denver,2.111101885921416
88268cda5bfffff,Denver,25.243737312246623
88268cda5dfffff,Denver,2.8925073946553197
88268cda61fffff,Denver,9.347424819331962
88268cda63fffff,Denver,43.47502275802207
88268cda65fffff,Denver,0.23748438569798405
88268cda67fffff,Denver,2.202189123928031
88268cda6bfffff,Denver,4.704368029469286
88268cda81fffff,Denver,59.28394198156141
88268cda83fffff,Denver,68.2344544347318
88268cda85fffff,Denver,55.12597824751311
88268cda87fffff,Denver,61.39999014236797
88268cda89fffff,Denver,70.7375841284543
88268cda8bfffff,Denver,74.46376012433213
88268cda8dfffff,Denver,51.66975995874558
88268cda91fffff,Denver,45.922250616949775
88268cda93fffff,Denver,57.273366462288024
88268cda95fffff,Denver,59.96083857406365
88268cda97fffff,Denver,42.05760325448155
88268cda99fffff,Denver,49.801626518931904
88268cda9bfffff,Denver,50.049357347232785
88268cda9dfffff,Denver,46.59596727765137
88268cdaa1fffff,Denver,50.91558726212353
88268cdaa3fffff,Denver,46.08214611141213
88268cdaa5fffff,Denver,55.7556992304365
88268cdaa7fffff,Denver,61.98522590220876
88268cdaa9fffff,Denver,66.04963193089628
88268cdaabfffff,Denver,47.81154922175907
88268cdaadfffff,Denver,55.8117477649579
88268cdab1fffff,Denver,56.27257970223129
88268cdab3fffff,Denver,60.381225329504815
88268cdab5fffff,Denver,43.99072501505374
88268cdab7fffff,Denver,60.62271525327244
88268cdab9fffff,Denver,67.7250444451641
88268cdabbfffff,Denver,58.88090904285782
88268cdabdfffff,Denver,60.34080586993163
88268cdac1fffff,Denver,63.84842323202175
88268cdac3fffff,Denver,58.20984329464738
88268cdac5fffff,Denver,52.22591703822454
88268cdac7fffff,Denver,68.93380599688415
88268cdac9fffff,Denver,53.51556764410125
88268cdacbfffff,Denver,58.577023122688146
88268cdacdfffff,Denver,58.23222379042587
88268cdad1fffff,Denver,41.15392799786421
88268cdad3fffff,Denver,40.29149015229091
88268cdad5fffff,Denver,54.8972378362482
88268cdad7fffff,Denver,64.42743370145017
88268cdad9fffff,Denver,46.33242922906302
88268cdadbfffff,Denver,19.88731680963629
88268cdaddfffff,Denver,48.34096114290019
88268cdae1fffff,Denver,61.963452271551866
88268cdae3fffff,Denver,63.84987754317838
88268cdae5fffff,Denver,68.14690595014991
88268cdae7fffff,Denver,57.12714206486814
88268cdae9fffff,Denver,59.55135102523438
88268cdaebfffff,Denver,45.42776494021726
88268cdaedfffff,Denver,59.49828050967286
8829a18125fffff,Los Angeles,7.378321136543192
8829a18127fffff,Los Angeles,4.984973023368566
8829a1812dfffff,Los Angeles,4.800366912898987
8829a18165fffff,Los Angeles,8.644956698034052
8829a18167fffff,Los Angeles,2.7319649779500574
8829a1816dfffff,Los Angeles,9.279120644016256
8829a18801fffff,Los Angeles,107.08896875118408
8829a18803fffff,Los Angeles,26.463822375548645
8829a18805fffff,Los Angeles,81.04586301682355
8829a18807fffff,Los Angeles,3.350948069430695
8829a18809fffff,Los Angeles,118.32145347959414
8829a1880bfffff,Los Angeles,121.29269209851164
8829a1880dfffff,Los Angeles,101.14615660811074
8829a18819fffff,Los Angeles,84.7650671048932
8829a1881bfffff,Los Angeles,10.253105204043662
8829a1881dfffff,Los Angeles,68.11787796613736
8829a18821fffff,Los Angeles,2.0455153866234452
8829a18825fffff,Los Angeles,0.050420273519803764
8829a18829fffff,Los Angeles,64.57799937092943
8829a1882bfffff,Los Angeles,0.7750185068690177
8829a1882dfffff,Los Angeles,35.21225626733391
8829a18841fffff,Los Angeles,133.67376179066986
8829a18843fffff,Los Angeles,118.44687056698604
8829a18845fffff,Los Angeles,130.55841916237932
8829a18847fffff,Los Angeles,84.63015197559984
8829a18849fffff,Los Angeles,73.55035426151933
8829a1884bfffff,Los Angeles,118.26083840956973
8829a1884dfffff,Los Angeles,99.28699185844685
8829a18851fffff,Los Angeles,128.76495062150212
8829a18853fffff,Los Angeles,54.91163659859248
8829a18855fffff,Los Angeles,104.87431727521324
8829a18857fffff,Los Angeles,105.20286076278691
8829a18859fffff,Los Angeles,153.45045363806827
8829a1885bfffff,Los Angeles,104.3003477253444
8829a1885dfffff,Los Angeles,105.15072294741283
8829a18861fffff,Los Angeles,96.24330574607126
8829a18863fffff,Los Angeles,94.92270141208195
8829a18865fffff,Los Angeles,114.81125813602378
8829a18867fffff,Los Angeles,83.78680234528957
8829a18869fffff,Los Angeles,104.93259691000767
8829a1886bfffff,Los Angeles,89.9056518614473
8829a1886dfffff,Los Angeles,112.06320116103474
8829a188c9fffff,Los Angeles,1.757570028769636
8829a18901fffff,Los Angeles,10.73075867267661
8829a18903fffff,Los Angeles,1.6110587844433037
8829a18909fffff,Los Angeles,57.30481123900986
8829a1890bfffff,Los Angeles,12.312052278282824
8829a1890dfffff,Los Angeles,34.319341977848836
8829a1891dfffff,Los Angeles,2.7600885695818045
8829a18941fffff,Los Angeles,116.0865595979562
8829a18943fffff,Los Angeles,131.63606250544072
8829a18945fffff,Los Angeles,132.6558931875539
8829a18947fffff,Los Angeles,121.80536383546729
8829a18949fffff,Los Angeles,126.32088292830788
8829a1894bfffff,Los Angeles,128.30991521824967
8829a1894dfffff,Los Angeles,92.86524285736067
8829a18951fffff,Los Angeles,111.08863626040072
8829a18953fffff,Los Angeles,20.09185673175835
8829a18955fffff,Los Angeles,77.80770850351502
8829a18957fffff,Los Angeles,11.3628997320408
8829a18959fffff,Los Angeles,112.55033288150672
8829a1895bfffff,Los Angeles,91.003145395448
8829a1895dfffff,Los Angeles,136.06901741213258
8829a18961fffff,Los Angeles,84.86357628361688
8829a18963fffff,Los Angeles,31.730356789295747
8829a18965fffff,Los Angeles,56.86920955858475
8829a18967fffff,Los Angeles,26.071521721839197
8829a18969fffff,Los Angeles,133.525311481346
8829a1896bfffff,Los Angeles,101.18324516805522
8829a1896dfffff,Los Angeles,112.44987125342807
8829a18a01fffff,Los Angeles,25.249170891259368
8829a18a03fffff,Los Angeles,49.67158873394326
8829a18a05fffff,Los Angeles,19.294576956410285
8829a18a07fffff,Los Angeles,28.403291108734134
8829a18a09fffff,Los Angeles,17.42957343347929
8829a18a0bfffff,Los Angeles,35.4847942651781
8829a18a0dfffff,Los Angeles,14.096105895235189
8829a18a11fffff,Los Angeles,50.70365151891249
8829a18a13fffff,Los Angeles,58.947647882527534
8829a18a15fffff,Los Angeles,74.4072861698955
8829a18a17fffff,Los Angeles,61.366805518800234
8829a18a1bfffff,Los Angeles,10.397487254129915
8829a18a1dfffff,Los Angeles,47.85636496947812
8829a18a21fffff,Los Angeles,63.98212825488769
8829a18a23fffff,Los Angeles,57.26578387635093
8829a18a25fffff,Los Angeles,41.159409280107
8829a18a27fffff,Los Angeles,43.60594508486147
8829a18a29fffff,Los Angeles,49.37241014392708
8829a18a2bfffff,Los Angeles,35.82563551210994
8829a18a2dfffff,Los Angeles,57.71900880109342
8829a18a31fffff,Los Angeles,58.27113553146385
8829a18a33fffff,Los Angeles,93.4276248844865
8829a18a35fffff,Los Angeles,43.88514880694603
8829a18a37fffff,Los Angeles,88.98782374963645
8829a18a39fffff,Los Angeles,76.74831507170282
8829a18a3bfffff,Los Angeles,75.35905063183519
8829a18a3dfffff,Los Angeles,44.41535518537091
8829a18a41fffff,Los Angeles,35.89087782552426
8829a18a43fffff,Los Angeles,3.198189872933588
8829a18a45fffff,Los Angeles,41.090531817763726
8829a18a47fffff,Los Angeles,34.63265201105182
8829a18a49fffff,Los Angeles,46.0811852842188
8829a18a4bfffff,Los Angeles,45.62464902294253
8829a18a4dfffff,Los Angeles,48.66842650082231
8829a18a51fffff,Los Angeles,50.958120018971634
8829a18a53fffff,Los Angeles,10.256300570056917
8829a18a55fffff,Los Angeles,58.96747580591232
8829a18a57fffff,Los Angeles,42.64524011372749
8829a18a59fffff,Los Angeles,1.3634244642267423
8829a18a5bfffff,Los Angeles,10.731463709820625
8829a18a5dfffff,Los Angeles,57.32860149270042
8829a18a61fffff,Los Angeles,23.26442925551048
8829a18a63fffff,Los Angeles,26.01797573186001
8829a18a65fffff,Los Angeles,17.29527340991659
8829a18a67fffff,Los Angeles,42.033239783528515
8829a18a69fffff,Los Angeles,34.736990322535604
8829a18a6bfffff,Los Angeles,36.62351879640572
8829a18a6dfffff,Los Angeles,37.077022094128964
8829a18a85fffff,Los Angeles,17.92165663374547
8829a18a8dfffff,Los Angeles,6.898336460573077
8829a18aa3fffff,Los Angeles,12.057616499242041
8829a18aa5fffff,Los Angeles,38.28268158396433
8829a18aa7fffff,Los Angeles,15.294519326037848
8829a18aa9fffff,Los Angeles,79.37400421849058
8829a18aabfffff,Los Angeles,33.485009354602944
8829a18aadfffff,Los Angeles,47.03211135816828
8829a18ac5fffff,Los Angeles,25.288210275271517
8829a18acdfffff,Los Angeles,10.938858080452695
8829a18ae1fffff,Los Angeles,68.6079448259723
8829a18ae3fffff,Los Angeles,93.88182399590009
8829a18ae5fffff,Los Angeles,87.27423605912715
8829a18ae7fffff,Los Angeles,82.36749369242449
8829a18ae9fffff,Los Angeles,67.93345752343288
8829a18aebfffff,Los Angeles,49.41659249189286
8829a18aedfffff,Los Angeles,57.00435924574192
8829a18b01fffff,Los Angeles,55.738853437676305
8829a18b03fffff,Los Angeles,63.591615211290495
8829a18b05fffff,Los Angeles,75.34677881912798
8829a18b07fffff,Los Angeles,89.67634974278965
8829a18b09fffff,Los Angeles,31.794728586236914
8829a18b0bfffff,Los Angeles,33.198036981912686
8829a18b0dfffff,Los Angeles,47.998297431473794
8829a18b11fffff,Los Angeles,89.01008306285777
8829a18b13fffff,Los Angeles,99.02704840382071
8829a18b15fffff,Los Angeles,101.91527406251497
8829a18b17fffff,Los Angeles,94.11396056121819
8829a18b19fffff,Los Angeles,27.93444287520359
8829a18b1bfffff,Los Angeles,80.73728875258328
8829a18b1dfffff,Los Angeles,69.45005256105375
8829a18b21fffff,Los Angeles,133.9351724080241
8829a18b23fffff,Los Angeles,159.05517123406634
8829a18b25fffff,Los Angeles,79.386293131321
8829a18b27fffff,Los Angeles,159.89393152112356
8829a18b29fffff,Los Angeles,74.21106864405027
8829a18b2bfffff,Los Angeles,100.74634829729331
8829a18b2dfffff,Los Angeles,158.0816591316352
8829a18b31fffff,Los Angeles,117.19625125981007
8829a18b33fffff,Los Angeles,109.03745615045011
8829a18b35fffff,Los Angeles,142.66770810613053
8829a18b37fffff,Los Angeles,96.92864941303986
8829a18b39fffff,Los Angeles,141.36586000762037
8829a18b3bfffff,Los Angeles,98.46543161070075
8829a18b3dfffff,Los Angeles,106.31856275844244
8829a18b41fffff,Los Angeles,64.07957233189586
8829a18b43fffff,Los Angeles,57.39332289733543
8829a18b45fffff,Los Angeles,69.43978333969153
8829a18b47fffff,Los Angeles,71.79752532868699
8829a18b49fffff,Los Angeles,58.33328929516491
8829a18b4bfffff,Los Angeles,53.201185415030345
8829a18b4dfffff,Los Angeles,76.92750794554024
8829a18b51fffff,Los Angeles,44.9885467692097
8829a18b53fffff,Los Angeles,46.32022648965103
8829a18b55fffff,Los Angeles,44.21921200077582
8829a18b57fffff,Los Angeles,40.996564235718125
8829a18b59fffff,Los Angeles,44.75551706981745
8829a18b5bfffff,Los Angeles,51.67821120710438
8829a18b5dfffff,Los Angeles,21.915301809933556
8829a18b61fffff,Los Angeles,65.01262161030232
8829a18b63fffff,Los Angeles,75.3611634454631
8829a18b65fffff,Los Angeles,79.38268373994855
8829a18b67fffff,Los Angeles,57.839883038161055
8829a18b69fffff,Los Angeles,61.254368219986304
8829a18b6bfffff,Los Angeles,55.85049914572294
8829a18b6dfffff,Los Angeles,65.62626844403266
8829a19801fffff,Los Angeles,100.82187530372113
8829a19803fffff,Los Angeles,114.7177416465859
8829a19805fffff,Los Angeles,113.55335807984878
8829a19807fffff,Los Angeles,111.341641465655
8829a19809fffff,Los Angeles,112.6098774930862
8829a1980bfffff,Los Angeles,101.96532321463219
8829a1980dfffff,Los Angeles,117.22015698182585
8829a19811fffff,Los Angeles,160.7130144285703
8829a19813fffff,Los Angeles,151.31209584402177
8829a19815fffff,Los Angeles,132.61370378543836
8829a19817fffff,Los Angeles,137.25356066466907
8829a19819fffff,Los Angeles,120.6742834306655
8829a1981bfffff,Los Angeles,166.23961777093567
8829a1981dfffff,Los Angeles,123.97120492629108
8829a19821fffff,Los Angeles,124.46312188311546
8829a19823fffff,Los Angeles,130.88665979891198
8829a19825fffff,Los Angeles,123.36651877815368
8829a19827fffff,Los Angeles,96.40772560563029
8829a19829fffff,Los Angeles,109.71773552635536
8829a1982bfffff,Los Angeles,122.36553740798637
8829a1982dfffff,Los Angeles,146.25671435146452
8829a19831fffff,Los Angeles,176.3001381933286
8829a19833fffff,Los Angeles,160.44273866331466
8829a19835fffff,Los Angeles,120.84952207432708
8829a19837fffff,Los Angeles,104.97315964533611
8829a19839fffff,Los Angeles,142.92920081542425
8829a1983bfffff,Los Angeles,141.46146043202165
8829a1983dfffff,Los Angeles,150.4141990089107
8829a19841fffff,Los Angeles,111.91636770008435
8829a19843fffff,Los Angeles,121.23072973632841
8829a19845fffff,Los Angeles,110.91106270315039
8829a19847fffff,Los Angeles,153.00449805279283
8829a19849fffff,Los Angeles,201.08743952984668
8829a1984bfffff,Los Angeles,147.22372148248508
8829a1984dfffff,Los Angeles,124.22630549079778
8829a19851fffff,Los Angeles,123.09796299664357
8829a19853fffff,Los Angeles,120.65913196524285
8829a19855fffff,Los Angeles,126.9135607250709
8829a19857fffff,Los Angeles,98.63351560560841
8829a19859fffff,Los Angeles,150.06707722993596
8829a1985bfffff,Los Angeles,166.96158088524066
8829a1985dfffff,Los Angeles,157.93215980741468
8829a19861fffff,Los Angeles,166.40779712784936
8829a19863fffff,Los Angeles,158.39621005362116
8829a19865fffff,Los Angeles,102.84565812832517
8829a19867fffff,Los Angeles,134.97229537067508
8829a19869fffff,Los Angeles,127.87703633761176
8829a1986bfffff,Los Angeles,113.28244934825871
8829a1986dfffff,Los Angeles,126.2958764219634
8829a19881fffff,Los Angeles,62.904397586653566
8829a19883fffff,Los Angeles,68.20638064535838
8829a19885fffff,Los Angeles,80.28350829322221
8829a19887fffff,Los Angeles,62.176902115360825
8829a19889fffff,Los Angeles,92.37736880318116
8829a1988bfffff,Los Angeles,68.26311062804866
8829a1988dfffff,Los Angeles,66.34452100656029
8829a19895fffff,Los Angeles,33.502819732147756
8829a19897fffff,Los Angeles,6.344069556962678
8829a1989dfffff,Los Angeles,15.568696329273545
8829a198a1fffff,Los Angeles,112.1454854546769
8829a198a3fffff,Los Angeles,93.57331079636047
8829a198a5fffff,Los Angeles,81.85300292973714
8829a198a7fffff,Los Angeles,65.40089481344451
8829a198a9fffff,Los Angeles,85.85845398593904
8829a198abfffff,Los Angeles,71.93998951332243
8829a198adfffff,Los Angeles,121.64732745294407
8829a198b1fffff,Los Angeles,37.567429315467706
8829a198b3fffff,Los Angeles,10.465711913696884
8829a198b5fffff,Los Angeles,79.39882583008537
8829a198b7fffff,Los Angeles,7.850107665300002
8829a198b9fffff,Los Angeles,66.93677383972879
8829a198bbfffff,Los Angeles,32.678897161166915
8829a198bdfffff,Los Angeles,78.93007283264396
8829a198c1fffff,Los Angeles,124.09948554042496
8829a198c3fffff,Los Angeles,88.2507012180981
8829a198c5fffff,Los Angeles,153.15917595634076
8829a198c7fffff,Los Angeles,75.43205168258264
8829a198c9fffff,Los Angeles,142.06600288110639
8829a198cbfffff,Los Angeles,118.96762556201996
8829a198cdfffff,Los Angeles,171.72104832523118
8829a198d1fffff,Los Angeles,7.053262582123905
8829a198d5fffff,Los Angeles,23.23353428807951
8829a198d7fffff,Los Angeles,10.380408485017542
8829a198d9fffff,Los Angeles,6.87661714045207
8829a198ddfffff,Los Angeles,40.36000410356264
8829a198e1fffff,Los Angeles,134.59385061721687
8829a198e3fffff,Los Angeles,107.01863231635902
8829a198e5fffff,Los Angeles,172.94718456457485
8829a198e7fffff,Los Angeles,154.1179770595871
8829a198e9fffff,Los Angeles,144.31424842618844
8829a198ebfffff,Los Angeles,98.36870230451854
8829a198edfffff,Los Angeles,137.2141656542429
8829a19901fffff,Los Angeles,108.91558793428803
8829a19903fffff,Los Angeles,169.22867471424996
8829a19905fffff,Los Angeles,126.93226920683666
8829a19907fffff,Los Angeles,107.75397514283497
8829a19909fffff,Los Angeles,98.1503162276051
8829a1990bfffff,Los Angeles,145.75070835693626
8829a1990dfffff,Los Angeles,126.82719815144029
8829a19911fffff,Los Angeles,101.8621695442857
8829a19913fffff,Los Angeles,66.05956242646955
8829a19915fffff,Los Angeles,142.7601958551727
8829a19917fffff,Los Angeles,101.35822072025125
8829a19919fffff,Los Angeles,143.87138431622054
8829a1991bfffff,Los Angeles,86.33864753256682
8829a1991dfffff,Los Angeles,149.6698141206974
8829a19921fffff,Los Angeles,99.62554344748672
8829a19923fffff,Los Angeles,143.78036090714878
8829a19925fffff,Los Angeles,95.18163226354561
8829a19927fffff,Los Angeles,136.42076176723546
8829a19929fffff,Los Angeles,120.98364153914893
8829a1992bfffff,Los Angeles,129.70668911264264
8829a1992dfffff,Los Angeles,127.67488223734297
8829a19931fffff,Los Angeles,109.40206154512974
8829a19933fffff,Los Angeles,105.47360721892036
8829a19935fffff,Los Angeles,109.25551461892171
8829a19937fffff,Los Angeles,116.57698706398013
8829a19939fffff,Los Angeles,103.59844456905937
8829a1993bfffff,Los Angeles,122.06883574326596
8829a1993dfffff,Los Angeles,106.14911950667417
8829a19941fffff,Los Angeles,36.70994878424292
8829a19943fffff,Los Angeles,53.530633242643574
8829a19945fffff,Los Angeles,78.80513249365345
8829a19947fffff,Los Angeles,49.0588606095292
8829a19949fffff,Los Angeles,74.89236224377974
8829a1994bfffff,Los Angeles,54.753474528871934
8829a1994dfffff,Los Angeles,77.90441389635711
8829a19951fffff,Los Angeles,86.30660059494274
8829a19953fffff,Los Angeles,155.40830747035102
8829a19955fffff,Los Angeles,80.7921445520693
8829a19957fffff,Los Angeles,123.02141450861474
8829a19959fffff,Los Angeles,138.33692243268084
8829a1995bfffff,Los Angeles,121.81433134618743
8829a1995dfffff,Los Angeles,57.09229225884783
8829a19961fffff,Los Angeles,109.10117941755661
8829a19963fffff,Los Angeles,116.58614388577772
8829a19965fffff,Los Angeles,117.04050324633118
8829a19967fffff,Los Angeles,124.43250081885583
8829a19969fffff,Los Angeles,118.6085165076585
8829a1996bfffff,Los Angeles,130.98126201182149
8829a1996dfffff,Los Angeles,164.15737815474145
8829a19981fffff,Los Angeles,100.76644827670934
8829a19983fffff,Los Angeles,72.90147564323705
8829a19985fffff,Los Angeles,112.27943220073368
8829a19987fffff,Los Angeles,102.58763480102411
8829a19989fffff,Los Angeles,67.1691970409864
8829a1998bfffff,Los Angeles,44.098038917055106
8829a1998dfffff,Los Angeles,149.86588789361653
8829a19991fffff,Los Angeles,87.28569440310567
8829a19993fffff,Los Angeles,71.14232723669058
8829a19995fffff,Los Angeles,75.08084872122215
8829a19997fffff,Los Angeles,63.19601287438487
8829a19999fffff,Los Angeles,71.53804800449966
8829a1999bfffff,Los Angeles,84.70788850881881
8829a1999dfffff,Los Angeles,74.64719329885025
8829a199a1fffff,Los Angeles,124.5964014174454
8829a199a3fffff,Los Angeles,87.04020124293598
8829a199a5fffff,Los Angeles,127.81266490534254
8829a199a7fffff,Los Angeles,96.52902151777064
8829a199a9fffff,Los Angeles,129.5763639181419
8829a199abfffff,Los Angeles,97.10524415570077
8829a199adfffff,Los Angeles,119.63445881140294
8829a199b1fffff,Los Angeles,63.21196505095108
8829a199b3fffff,Los Angeles,40.63216338323064
8829a199b5fffff,Los Angeles,75.81148078879025
8829a199b7fffff,Los Angeles,27.266004980445988
8829a199b9fffff,Los Angeles,71.67177022482143
8829a199bbfffff,Los Angeles,78.22365116748237
8829a199bdfffff,Los Angeles,85.5582509564752
8829a199c1fffff,Los Angeles,103.774751155462
8829a199c3fffff,Los Angeles,112.16259679447003
8829a199c5fffff,Los Angeles,77.00080712949774
8829a199c7fffff,Los Angeles,118.4537759253788
8829a199c9fffff,Los Angeles,79.17624581135466
8829a199cbfffff,Los Angeles,89.92817819250422
8829a199cdfffff,Los Angeles,48.972153367436604
8829a199d1fffff,Los Angeles,106.3002047366311
8829a199d3fffff,Los Angeles,118.53728363561201
8829a199d5fffff,Los Angeles,96.23782447350838
8829a199d7fffff,Los Angeles,78.91961092135143
8829a199d9fffff,Los Angeles,128.40815212878377
8829a199dbfffff,Los Angeles,162.579309960215
8829a199ddfffff,Los Angeles,119.4484630108636
8829a199e1fffff,Los Angeles,147.73679907299393
8829a199e3fffff,Los Angeles,138.98341164559218
8829a199e5fffff,Los Angeles,104.40408766540003
8829a199e7fffff,Los Angeles,146.4916057269339
8829a199e9fffff,Los Angeles,121.27450857692465
8829a199ebfffff,Los Angeles,147.1122071590028
8829a199edfffff,Los Angeles,123.1992866876997
8829a19a05fffff,Los Angeles,58.53523476858378
8829a19a07fffff,Los Angeles,15.708661203529743
8829a19a21fffff,Los Angeles,31.91579801199166
8829a19a23fffff,Los Angeles,55.234847267445474
8829a19a25fffff,Los Angeles,91.14678213728098
8829a19a27fffff,Los Angeles,57.64504456874956
8829a19a29fffff,Los Angeles,107.0328511631879
8829a19a2bfffff,Los Angeles,22.873075267744206
8829a19a2dfffff,Los Angeles,105.55862064028747
8829a19a31fffff,Los Angeles,127.60130818661344
8829a19a33fffff,Los Angeles,134.76672813648176
8829a19a35fffff,Los Angeles,52.258317613452576
8829a19a37fffff,Los Angeles,166.0397247272167
8829a19a39fffff,Los Angeles,8.250804601906507
8829a19a3bfffff,Los Angeles,1.0886286946923067
8829a19a3dfffff,Los Angeles,88.41342493009282
8829a19a61fffff,Los Angeles,11.46354109268364
8829a19a63fffff,Los Angeles,46.57497790459782
8829a19a65fffff,Los Angeles,10.648374437777427
8829a19a67fffff,Los Angeles,78.37370447487544
8829a19a69fffff,Los Angeles,6.825003842265323
8829a19a6bfffff,Los Angeles,2.4323960090593846
8829a19a6dfffff,Los Angeles,3.7495772709886825
8829a19aa1fffff,Los Angeles,195.51830389771408
8829a19aa3fffff,Los Angeles,149.2971657680723
8829a19aa5fffff,Los Angeles,116.70077767746693
8829a19aa7fffff,Los Angeles,167.55544217476145
8829a19aa9fffff,Los Angeles,101.59280657506086
8829a19aabfffff,Los Angeles,91.98237714867261
8829a19aadfffff,Los Angeles,145.02705465537247
8829a19ab1fffff,Los Angeles,0.14366753868635881
8829a19ab3fffff,Los Angeles,0.11525046021363088
8829a19ab5fffff,Los Angeles,99.7336012013157
8829a19ab7fffff,Los Angeles,24.48644168439724
8829a19abdfffff,Los Angeles,22.9077820990144
8829a19ae5fffff,Los Angeles,103.63231744845747
8829a19ae7fffff,Los Angeles,101.91240481340157
8829a19aedfffff,Los Angeles,0.23821343949209717
8829a19b01fffff,Los Angeles,76.96105735334214
8829a19b03fffff,Los Angeles,107.84162213441789
8829a19b05fffff,Los Angeles,134.83645253807845
8829a19b07fffff,Los Angeles,128.57179584655455
8829a19b09fffff,Los Angeles,126.42567137383482
8829a19b0bfffff,Los Angeles,87.28979298531367
8829a19b0dfffff,Los Angeles,124.50527110417362
8829a19b11fffff,Los Angeles,151.15623487963072
8829a19b13fffff,Los Angeles,122.08797484023295
8829a19b15fffff,Los Angeles,129.83705801055345
8829a19b17fffff,Los Angeles,130.95188107910965
8829a19b19fffff,Los Angeles,84.78950907538136
8829a19b1bfffff,Los Angeles,140.883332597635
8829a19b1dfffff,Los Angeles,77.93159125223777
8829a19b21fffff,Los Angeles,91.19204002398793
8829a19b23fffff,Los Angeles,120.40846715473938
8829a19b25fffff,Los Angeles,100.77946661705884
8829a19b27fffff,Los Angeles,95.26047432559984
8829a19b29fffff,Los Angeles,124.45499826524264
8829a19b2bfffff,Los Angeles,132.3888711735578
8829a19b2dfffff,Los Angeles,134.6854157027975
8829a19b31fffff,Los Angeles,112.20187172727465
8829a19b33fffff,Los Angeles,158.66388230955624
8829a19b35fffff,Los Angeles,63.357669678427385
8829a19b37fffff,Los Angeles,76.67306920541468
8829a19b39fffff,Los Angeles,216.00930655658246
8829a19b3bfffff,Los Angeles,196.51156565999304
8829a19b3dfffff,Los Angeles,114.98003169016435
8829a19b41fffff,Los Angeles,2.2245200575769406
8829a19b43fffff,Los Angeles,209.20457933394331
8829a19b45fffff,Los Angeles,56.26784325940968
8829a19b47fffff,Los Angeles,172.67240371617825
8829a19b4bfffff,Los Angeles,0.28245558719515823
8829a19b51fffff,Los Angeles,75.01233303931478
8829a19b53fffff,Los Angeles,122.10388937150236
8829a19b55fffff,Los Angeles,117.00776025319053
8829a19b57fffff,Los Angeles,85.45932596828693
8829a19b59fffff,Los Angeles,21.611735691785128
8829a19b5bfffff,Los Angeles,97.26240885047447
8829a19b5dfffff,Los Angeles,56.21102969810166
8829a19b61fffff,Los Angeles,125.90288063090382
8829a19b63fffff,Los Angeles,166.53150611614666
8829a19b65fffff,Los Angeles,161.93582022711072
8829a19b67fffff,Los Angeles,141.93353752553426
8829a19b69fffff,Los Angeles,113.95892883164151
8829a19b6bfffff,Los Angeles,169.42142945755026
8829a19b6dfffff,Los Angeles,116.46325397464244
8829a1c291fffff,Los Angeles,2.2453483986096887
8829a1c299fffff,Los Angeles,45.30587767396166
8829a1c29bfffff,Los Angeles,15.013314698214387
8829a1c2d1fffff,Los Angeles,17.39288019895106
8829a1c2d3fffff,Los Angeles,49.99609516244583
8829a1c2d7fffff,Los Angeles,0.8534451297308102
8829a1c2d9fffff,Los Angeles,19.49795106373087
8829a1c2dbfffff,Los Angeles,25.60073226060349
8829a1c641fffff,Los Angeles,78.89225680041072
8829a1c643fffff,Los Angeles,2.5273727933302976
8829a1c645fffff,Los Angeles,35.07072599328992
8829a1c647fffff,Los Angeles,0.05185272018446995
8829a1c649fffff,Los Angeles,166.67845122638113
8829a1c64bfffff,Los Angeles,125.49733181227853
8829a1c64dfffff,Los Angeles,104.4482661170237
8829a1c651fffff,Los Angeles,3.255938833690123
8829a1c659fffff,Los Angeles,32.101564080683815
8829a1c65bfffff,Los Angeles,3.340185588243265
8829a1c65dfffff,Los Angeles,8.711273035287615
8829a1c669fffff,Los Angeles,0.7597735734910823
8829a1c749fffff,Los Angeles,13.319801899858176
8829a1c74dfffff,Los Angeles,0.6240020765201739
8829a1d0d1fffff,Los Angeles,8.874107595185167
8829a1d0d7fffff,Los Angeles,0.4221541779937307
8829a1d0dbfffff,Los Angeles,13.875324087565897
8829a1d289fffff,Los Angeles,5.199943854656159
8829a1d291fffff,Los Angeles,22.11725455162873
8829a1d293fffff,Los Angeles,118.42018651596955
8829a1d297fffff,Los Angeles,8.83871049072389
8829a1d299fffff,Los Angeles,62.12383821362858
8829a1d29bfffff,Los Angeles,112.91385606937263
8829a1d29dfffff,Los Angeles,0.5746730445097749
8829a1d2c1fffff,Los Angeles,4.357793683443688
8829a1d2c3fffff,Los Angeles,5.438595664223175
8829a1d2cbfffff,Los Angeles,0.3153515291122328
8829a1d2d1fffff,Los Angeles,16.266466014941006
8829a1d2d3fffff,Los Angeles,82.78677457911485
8829a1d2d5fffff,Los Angeles,10.656308359608701
8829a1d2d7fffff,Los Angeles,10.14667221391319
8829a1d2d9fffff,Los Angeles,61.02459633030377
8829a1d2dbfffff,Los Angeles,90.20644975535238
8829a1d2ddfffff,Los Angeles,18.838210623436822
8829a1d401fffff,Los Angeles,100.0774681697428
8829a1d403fffff,Los Angeles,112.2498811447466
8829a1d405fffff,Los Angeles,111.9049549375537
8829a1d407fffff,Los Angeles,114.99691557749877
8829a1d409fffff,Los Angeles,109.17144421022269
8829a1d40bfffff,Los Angeles,109.69607705561017
8829a1d40dfffff,Los Angeles,84.88113163618615
8829a1d411fffff,Los Angeles,98.03232618656912
8829a1d413fffff,Los Angeles,23.722836131369036
8829a1d415fffff,Los Angeles,95.61931611613721
8829a1d417fffff,Los Angeles,38.799540267760776
8829a1d419fffff,Los Angeles,123.27732155130495
8829a1d41bfffff,Los Angeles,89.7185701498607
8829a1d41dfffff,Los Angeles,121.34432855369818
8829a1d421fffff,Los Angeles,155.21622567151127
8829a1d423fffff,Los Angeles,120.47942784796112
8829a1d425fffff,Los Angeles,124.64291667698733
8829a1d427fffff,Los Angeles,93.54410051928393
8829a1d429fffff,Los Angeles,129.94164887160863
8829a1d42bfffff,Los Angeles,92.16376473231847
8829a1d42dfffff,Los Angeles,98.8335909679945
8829a1d431fffff,Los Angeles,118.61095157392604
8829a1d433fffff,Los Angeles,47.762503557558375
8829a1d435fffff,Los Angeles,170.49888132402288
8829a1d437fffff,Los Angeles,123.52332047072309
8829a1d439fffff,Los Angeles,108.00356855001931
8829a1d43bfffff,Los Angeles,24.250036213520758
8829a1d43dfffff,Los Angeles,95.70967879216018
8829a1d441fffff,Los Angeles,119.7522950272301
8829a1d443fffff,Los Angeles,102.19994663402387
8829a1d445fffff,Los Angeles,146.89961772108103
8829a1d447fffff,Los Angeles,106.69155221183358
8829a1d449fffff,Los Angeles,129.17585840542287
8829a1d44bfffff,Los Angeles,142.406856561649
8829a1d44dfffff,Los Angeles,133.93535481419775
8829a1d451fffff,Los Angeles,116.29960787443699
8829a1d453fffff,Los Angeles,132.9503571417431
8829a1d455fffff,Los Angeles,120.42266449654144
8829a1d457fffff,Los Angeles,166.35234900300452
8829a1d459fffff,Los Angeles,140.05106882156306
8829a1d45bfffff,Los Angeles,139.8334554787775
8829a1d45dfffff,Los Angeles,131.65411074884332
8829a1d461fffff,Los Angeles,76.468435752344
8829a1d463fffff,Los Angeles,110.70274972869815
8829a1d465fffff,Los Angeles,90.79141543601634
8829a1d467fffff,Los Angeles,79.77541835771228
8829a1d469fffff,Los Angeles,70.32721744250661
8829a1d46bfffff,Los Angeles,112.63432733526828
8829a1d46dfffff,Los Angeles,51.078858614643266
8829a1d481fffff,Los Angeles,46.527032728704874
8829a1d483fffff,Los Angeles,109.71130665240236
8829a1d485fffff,Los Angeles,14.352703451191017
8829a1d487fffff,Los Angeles,84.99266774079102
8829a1d489fffff,Los Angeles,4.5804969071057515
8829a1d48bfffff,Los Angeles,23.314084375337814
8829a1d48dfffff,Los Angeles,3.9888662282003153
8829a1d491fffff,Los Angeles,162.3811086262846
8829a1d493fffff,Los Angeles,98.61832984409253
8829a1d495fffff,Los Angeles,135.94161172530744
8829a1d497fffff,Los Angeles,102.60312072473043
8829a1d499fffff,Los Angeles,96.95283474369351
8829a1d49bfffff,Los Angeles,135.85916562521007
8829a1d49dfffff,Los Angeles,176.02846865330827
8829a1d4a1fffff,Los Angeles,121.55345391620818
8829a1d4a3fffff,Los Angeles,153.15869103212054
8829a1d4a5fffff,Los Angeles,134.61341231452235
8829a1d4a7fffff,Los Angeles,165.62572994758463
8829a1d4a9fffff,Los Angeles,17.831740451530298
8829a1d4abfffff,Los Angeles,72.70804583064252
8829a1d4adfffff,Los Angeles,97.89072427860195
8829a1d4b1fffff,Los Angeles,107.87971909578529
8829a1d4b3fffff,Los Angeles,102.31704846634767
8829a1d4b5fffff,Los Angeles,150.4621415159698
8829a1d4b7fffff,Los Angeles,144.9330442583119
8829a1d4b9fffff,Los Angeles,97.81373079517903
8829a1d4bbfffff,Los Angeles,100.79287107130683
8829a1d4bdfffff,Los Angeles,119.52052217895873
8829a1d4c1fffff,Los Angeles,74.07472056140084
8829a1d4c3fffff,Los Angeles,44.98275954160448
8829a1d4c5fffff,Los Angeles,8.762907634588217
8829a1d4c7fffff,Los Angeles,29.685250074312908
8829a1d4c9fffff,Los Angeles,103.15359490166078
8829a1d4cbfffff,Los Angeles,12.107456431585927
8829a1d4cdfffff,Los Angeles,76.77690912208524
8829a1d4d1fffff,Los Angeles,93.62314252079301
8829a1d4d3fffff,Los Angeles,143.83492987694666
8829a1d4d5fffff,Los Angeles,3.8615623317627508
8829a1d4d7fffff,Los Angeles,65.24812602397245
8829a1d4d9fffff,Los Angeles,114.83049553750347
8829a1d4dbfffff,Los Angeles,141.8368021282129
8829a1d4ddfffff,Los Angeles,40.77629561484032
8829a1d4e1fffff,Los Angeles,13.203429664231246
8829a1d4e3fffff,Los Angeles,6.30556927797698
8829a1d4e5fffff,Los Angeles,75.46012012346448
8829a1d4e7fffff,Los Angeles,46.787030433578025
8829a1d4e9fffff,Los Angeles,9.306466312016909
8829a1d4ebfffff,Los Angeles,1.4287167924556574
8829a1d4edfffff,Los Angeles,15.984739167700532
8829a1d501fffff,Los Angeles,21.025445067028663
8829a1d503fffff,Los Angeles,99.82662410866493
8829a1d505fffff,Los Angeles,3.325515398421509
8829a1d507fffff,Los Angeles,7.308340550796168
8829a1d509fffff,Los Angeles,82.6467159615984
8829a1d50bfffff,Los Angeles,85.36377159562389
8829a1d511fffff,Los Angeles,129.1062805311091
8829a1d513fffff,Los Angeles,101.47808946707052
8829a1d515fffff,Los Angeles,82.50117565990972
8829a1d517fffff,Los Angeles,111.54027666900289
8829a1d519fffff,Los Angeles,95.57111239376327
8829a1d51bfffff,Los Angeles,111.63866223424016
8829a1d51dfffff,Los Angeles,90.78913505666588
8829a1d531fffff,Los Angeles,34.58743105285455
8829a1d533fffff,Los Angeles,75.40618315960359
8829a1d535fffff,Los Angeles,2.402020708776376
8829a1d537fffff,Los Angeles,15.197666349719952
8829a1d539fffff,Los Angeles,62.22175557828478
8829a1d53bfffff,Los Angeles,105.83734722430283
8829a1d53dfffff,Los Angeles,4.147997136825218
8829a1d541fffff,Los Angeles,22.53200499525008
8829a1d543fffff,Los Angeles,86.40406975121185
8829a1d547fffff,Los Angeles,0.7026119446904361
8829a1d549fffff,Los Angeles,34.709821290691806
8829a1d54bfffff,Los Angeles,99.91319893900464
8829a1d54dfffff,Los Angeles,4.629854218055804
8829a1d551fffff,Los Angeles,54.58432596560184
8829a1d553fffff,Los Angeles,80.14521112540507
8829a1d555fffff,Los Angeles,87.33256057770922
8829a1d557fffff,Los Angeles,75.17248412246929
8829a1d559fffff,Los Angeles,98.08082896285475
8829a1d55bfffff,Los Angeles,105.06781918940784
8829a1d55dfffff,Los Angeles,90.10719284110225
8829a1d581fffff,Los Angeles,110.00950884853482
8829a1d583fffff,Los Angeles,101.7143868782977
8829a1d585fffff,Los Angeles,104.76968274964607
8829a1d587fffff,Los Angeles,79.68259497887492
8829a1d589fffff,Los Angeles,187.9647740125046
8829a1d58bfffff,Los Angeles,174.77139592193134
8829a1d58dfffff,Los Angeles,157.6769327332129
8829a1d591fffff,Los Angeles,68.25549575269426
8829a1d593fffff,Los Angeles,71.45657408604127
8829a1d595fffff,Los Angeles,75.56566346401667
8829a1d597fffff,Los Angeles,38.45970032681961
8829a1d599fffff,Los Angeles,102.30248369467539
8829a1d59bfffff,Los Angeles,118.58833777177557
8829a1d59dfffff,Los Angeles,100.80296995263502
8829a1d5a1fffff,Los Angeles,69.85638301092652
8829a1d5a3fffff,Los Angeles,63.57311099510258
8829a1d5a5fffff,Los Angeles,32.94685153019494
8829a1d5a7fffff,Los Angeles,17.191610010878538
8829a1d5a9fffff,Los Angeles,75.64521317276066
8829a1d5abfffff,Los Angeles,97.12796125165299
8829a1d5adfffff,Los Angeles,49.15066111189896
8829a1d5b9fffff,Los Angeles,41.74303106749441
8829a1d5bbfffff,Los Angeles,12.335374230320953
8829a1d5bdfffff,Los Angeles,47.942511538289374
8829a1d5c1fffff,Los Angeles,130.04904512970623
8829a1d5c3fffff,Los Angeles,171.7692203958591
8829a1d5c5fffff,Los Angeles,121.13928909457452
8829a1d5c7fffff,Los Angeles,144.46941796898727
8829a1d5c9fffff,Los Angeles,106.66405260223108
8829a1d5cbfffff,Los Angeles,155.69788238885482
8829a1d5cdfffff,Los Angeles,107.20928374456443
8829a1d5d1fffff,Los Angeles,125.8006754644469
8829a1d5d3fffff,Los Angeles,128.19643092815403
8829a1d5d5fffff,Los Angeles,130.00806790232448
8829a1d5d7fffff,Los Angeles,150.57146125473605
8829a1d5d9fffff,Los Angeles,146.09153519496206
8829a1d5dbfffff,Los Angeles,79.63669248824732
8829a1d5ddfffff,Los Angeles,131.46943660450867
8829a1d5e1fffff,Los Angeles,107.56878455985851
8829a1d5e3fffff,Los Angeles,116.34362954077554
8829a1d5e5fffff,Los Angeles,55.47928725450511
8829a1d5e7fffff,Los Angeles,43.71036420437522
8829a1d5e9fffff,Los Angeles,142.59504104425224
8829a1d5ebfffff,Los Angeles,173.48779410392208
8829a1d5edfffff,Los Angeles,101.57906984403319
8829a1d601fffff,Los Angeles,114.81722027368419
8829a1d603fffff,Los Angeles,117.48637251847158
8829a1d605fffff,Los Angeles,136.49353123759047
8829a1d607fffff,Los Angeles,134.55533721098183
8829a1d609fffff,Los Angeles,141.6252670371361
8829a1d60bfffff,Los Angeles,126.0268070497326
8829a1d60dfffff,Los Angeles,147.51617948090194
8829a1d611fffff,Los Angeles,94.89992027833459
8829a1d613fffff,Los Angeles,97.03899587602862
8829a1d615fffff,Los Angeles,130.42211356098773
8829a1d617fffff,Los Angeles,114.05817108215912
8829a1d619fffff,Los Angeles,101.7895700633099
8829a1d61bfffff,Los Angeles,94.40489722561342
8829a1d61dfffff,Los Angeles,127.3143411903875
8829a1d621fffff,Los Angeles,150.92123018336008
8829a1d623fffff,Los Angeles,122.22071371886457
8829a1d625fffff,Los Angeles,159.91731524177032
8829a1d627fffff,Los Angeles,137.00689585673595
8829a1d629fffff,Los Angeles,154.71202840857384
8829a1d62bfffff,Los Angeles,172.31403416081514
8829a1d62dfffff,Los Angeles,153.84236833678725
8829a1d631fffff,Los Angeles,133.10002368016967
8829a1d633fffff,Los Angeles,99.85836474979774
8829a1d635fffff,Los Angeles,125.28268920111753
8829a1d637fffff,Los Angeles,121.44517067185696
8829a1d639fffff,Los Angeles,129.45992992335513
8829a1d63bfffff,Los Angeles,117.45719349789813
8829a1d63dfffff,Los Angeles,132.6777886094834
8829a1d641fffff,Los Angeles,107.57576498849139
8829a1d643fffff,Los Angeles,112.02875644145209
8829a1d645fffff,Los Angeles,115.65816612115056
8829a1d647fffff,Los Angeles,130.1976470683184
8829a1d649fffff,Los Angeles,128.26241491201472
8829a1d64bfffff,Los Angeles,120.98548348643614
8829a1d64dfffff,Los Angeles,144.6436131613807
8829a1d651fffff,Los Angeles,113.91274132330021
8829a1d653fffff,Los Angeles,119.73086070292133
8829a1d655fffff,Los Angeles,116.02304597038352
8829a1d657fffff,Los Angeles,133.46287373211493
8829a1d659fffff,Los Angeles,112.77924789417433
8829a1d65bfffff,Los Angeles,112.0997967345327
8829a1d65dfffff,Los Angeles,114.51992141565641
8829a1d661fffff,Los Angeles,180.9061423418805
8829a1d663fffff,Los Angeles,200.47668887364958
8829a1d665fffff,Los Angeles,159.1614076742917
8829a1d667fffff,Los Angeles,138.2391142803404
8829a1d669fffff,Los Angeles,138.82631802822607
8829a1d66bfffff,Los Angeles,149.75757126666437
8829a1d66dfffff,Los Angeles,127.78345403472554
8829a1d681fffff,Los Angeles,141.76274038462435
8829a1d683fffff,Los Angeles,114.5302739440463
8829a1d685fffff,Los Angeles,137.29021810782893
8829a1d687fffff,Los Angeles,132.6736168006516
8829a1d689fffff,Los Angeles,112.53046383204898
8829a1d68bfffff,Los Angeles,102.0114010714786
8829a1d68dfffff,Los Angeles,76.60986444056988
8829a1d691fffff,Los Angeles,113.06823445032721
8829a1d693fffff,Los Angeles,86.47656290792355
8829a1d695fffff,Los Angeles,105.09059855529398
8829a1d697fffff,Los Angeles,63.731332635227815
8829a1d699fffff,Los Angeles,105.52183974625098
8829a1d69bfffff,Los Angeles,113.66328832601502
8829a1d69dfffff,Los Angeles,112.6233739019467
8829a1d6a1fffff,Los Angeles,154.25638282631633
8829a1d6a3fffff,Los Angeles,160.9431389590939
8829a1d6a5fffff,Los Angeles,128.29752927542404
8829a1d6a7fffff,Los Angeles,100.44736778691941
8829a1d6a9fffff,Los Angeles,119.7392615924643
8829a1d6abfffff,Los Angeles,139.10706349002749
8829a1d6adfffff,Los Angeles,136.9997628228504
8829a1d6b1fffff,Los Angeles,78.02530733083422
8829a1d6b3fffff,Los Angeles,61.64873063657926
8829a1d6b5fffff,Los Angeles,123.05816832220863
8829a1d6b7fffff,Los Angeles,73.07333131203592
8829a1d6b9fffff,Los Angeles,121.6469628310197
8829a1d6bbfffff,Los Angeles,27.44949543220488
8829a1d6bdfffff,Los Angeles,132.21878386221712
8829a1d6c1fffff,Los Angeles,119.77332156835351
8829a1d6c3fffff,Los Angeles,117.0939878046337
8829a1d6c5fffff,Los Angeles,79.99893083493113
8829a1d6c7fffff,Los Angeles,90.8800554202554
8829a1d6c9fffff,Los Angeles,106.83070986992549
8829a1d6cbfffff,Los Angeles,106.09924558480778
8829a1d6cdfffff,Los Angeles,83.14161252589932
8829a1d6d1fffff,Los Angeles,131.69677880721306
8829a1d6d3fffff,Los Angeles,109.58969610410685
8829a1d6d5fffff,Los Angeles,126.45417060403602
8829a1d6d7fffff,Los Angeles,120.64699824283592
8829a1d6d9fffff,Los Angeles,111.07990779278981
8829a1d6dbfffff,Los Angeles,135.03301087547092
8829a1d6ddfffff,Los Angeles,118.17983401179258
8829a1d6e1fffff,Los Angeles,79.054105563655
8829a1d6e3fffff,Los Angeles,125.09843420567952
8829a1d6e5fffff,Los Angeles,115.159937048957
8829a1d6e7fffff,Los Angeles,133.8718995580984
8829a1d6e9fffff,Los Angeles,77.55011356828166
8829a1d6ebfffff,Los Angeles,63.78112676689514
8829a1d6edfffff,Los Angeles,107.06527348944532
8829a1d701fffff,Los Angeles,136.32040912285242
8829a1d703fffff,Los Angeles,112.68508388869051
8829a1d705fffff,Los Angeles,169.5056065931311
8829a1d707fffff,Los Angeles,134.28825057472724
8829a1d709fffff,Los Angeles,152.03659311540628
8829a1d70bfffff,Los Angeles,140.26205920159902
8829a1d70dfffff,Los Angeles,144.4775363159864
8829a1d711fffff,Los Angeles,158.22498597463516
8829a1d713fffff,Los Angeles,110.34105218238047
8829a1d715fffff,Los Angeles,125.4322824444419
8829a1d717fffff,Los Angeles,234.53283745736908
8829a1d719fffff,Los Angeles,160.2893734550115
8829a1d71bfffff,Los Angeles,130.77766819426927
8829a1d71dfffff,Los Angeles,155.71591197473538
8829a1d721fffff,Los Angeles,18.073486055885486
8829a1d723fffff,Los Angeles,78.5352507857846
8829a1d729fffff,Los Angeles,49.40277329412945
8829a1d72bfffff,Los Angeles,116.34677903281688
8829a1d731fffff,Los Angeles,180.82519492854723
8829a1d733fffff,Los Angeles,122.18536020476289
8829a1d735fffff,Los Angeles,81.82791064039188
8829a1d737fffff,Los Angeles,115.71064395708947
8829a1d739fffff,Los Angeles,111.41196604785358
8829a1d73bfffff,Los Angeles,91.55585199594435
8829a1d73dfffff,Los Angeles,150.47385993129797
8829a1d741fffff,Los Angeles,191.52704672132887
8829a1d743fffff,Los Angeles,108.7799017210187
8829a1d745fffff,Los Angeles,102.69329583577903
8829a1d747fffff,Los Angeles,150.0241715589347
8829a1d749fffff,Los Angeles,107.35722670480402
8829a1d74bfffff,Los Angeles,159.48581604390685
8829a1d74dfffff,Los Angeles,158.5683387720596
8829a1d751fffff,Los Angeles,125.93393084991995
8829a1d753fffff,Los Angeles,135.81793682279744
8829a1d755fffff,Los Angeles,129.45461894300453
8829a1d757fffff,Los Angeles,130.44181466762552
8829a1d759fffff,Los Angeles,135.54691042832266
8829a1d75bfffff,Los Angeles,140.3382570236657
8829a1d75dfffff,Los Angeles,162.98067933385497
8829a1d761fffff,Los Angeles,36.14617559771152
8829a1d763fffff,Los Angeles,136.61341744562768
8829a1d765fffff,Los Angeles,1.2966095213143858
8829a1d767fffff,Los Angeles,20.93750260553999
8829a1d769fffff,Los Angeles,66.43021203020744
8829a1d76bfffff,Los Angeles,140.51767760331364
8829a56597fffff,Los Angeles,1.0407366139040668
8829a56c01fffff,Los Angeles,1.6031417891677588
8829a56c03fffff,Los Angeles,19.664439651221645
8829a56c07fffff,Los Angeles,36.53679713708646
8829a56c0bfffff,Los Angeles,0.6435481227438151
8829a56c11fffff,Los Angeles,62.7716720995209
8829a56c13fffff,Los Angeles,107.16620255355481
8829a56c15fffff,Los Angeles,117.84718974310844
8829a56c17fffff,Los Angeles,133.85708035692852
8829a56c19fffff,Los Angeles,0.6192345202513874
8829a56c1bfffff,Los Angeles,37.38576157572163
8829a56c1dfffff,Los Angeles,0.0942864328463686
8829a56c21fffff,Los Angeles,103.98796793786047
8829a56c23fffff,Los Angeles,123.73462144264387
8829a56c25fffff,Los Angeles,114.8306445555018
8829a56c27fffff,Los Angeles,136.80310009013112
8829a56c29fffff,Los Angeles,5.107764695789205
8829a56c2bfffff,Los Angeles,62.56989720098947
8829a56c2dfffff,Los Angeles,5.048127380450875
8829a56c31fffff,Los Angeles,140.79431625936456
8829a56c33fffff,Los Angeles,106.82255066359536
8829a56c35fffff,Los Angeles,149.59838032622304
8829a56c37fffff,Los Angeles,134.37508823462426
8829a56c39fffff,Los Angeles,111.56013789328557
8829a56c3bfffff,Los Angeles,164.19638581655187
8829a56c3dfffff,Los Angeles,138.87300382431448
8829a56c81fffff,Los Angeles,106.81472498979542
8829a56c83fffff,Los Angeles,89.81455134248971
8829a56c85fffff,Los Angeles,146.8931437728039
8829a56c87fffff,Los Angeles,153.5406108414291
8829a56c89fffff,Los Angeles,104.12581139283763
8829a56c8bfffff,Los Angeles,123.85847692492807
8829a56c8dfffff,Los Angeles,116.39037866790744
8829a56c91fffff,Los Angeles,96.1887613283226
8829a56c93fffff,Los Angeles,80.46290953141518
8829a56c95fffff,Los Angeles,98.66027413803232
8829a56c97fffff,Los Angeles,102.86737256251708
8829a56c99fffff,Los Angeles,97.34966452309256
8829a56c9bfffff,Los Angeles,96.136247190106
8829a56c9dfffff,Los Angeles,130.78432707931051
8829a56ca1fffff,Los Angeles,119.08648782502064
8829a56ca3fffff,Los Angeles,127.45289089216072
8829a56ca5fffff,Los Angeles,133.2436538417204
8829a56ca7fffff,Los Angeles,111.96462285797645
8829a56ca9fffff,Los Angeles,119.37564859895221
8829a56cabfffff,Los Angeles,147.54134351342483
8829a56cadfffff,Los Angeles,128.05937636284602
8829a56cb1fffff,Los Angeles,122.28490239824171
8829a56cb3fffff,Los Angeles,97.82181064743781
8829a56cb5fffff,Los Angeles,113.29659366470338
8829a56cb7fffff,Los Angeles,107.23087789117734
8829a56cb9fffff,Los Angeles,99.72814151718492
8829a56cbbfffff,Los Angeles,139.1433584547655
8829a56cbdfffff,Los Angeles,137.04776543122495
8829a56cc1fffff,Los Angeles,110.51105518758675
8829a56cc3fffff,Los Angeles,99.06340830482353
8829a56cc5fffff,Los Angeles,108.47376606902826
8829a56cc7fffff,Los Angeles,98.22254535540215
8829a56cc9fffff,Los Angeles,63.35307947877386
8829a56ccbfffff,Los Angeles,133.84860492967553
8829a56ccdfffff,Los Angeles,100.55992358678809
8829a56cd1fffff,Los Angeles,93.24163380389527
8829a56cd3fffff,Los Angeles,100.58649110030245
8829a56cd5fffff,Los Angeles,118.51915220015249
8829a56cd7fffff,Los Angeles,126.96651659261555
8829a56cd9fffff,Los Angeles,120.01563376826486
8829a56cdbfffff,Los Angeles,150.87256430823732
8829a56cddfffff,Los Angeles,98.86745923612176
8829a56ce1fffff,Los Angeles,139.77397784381583
8829a56ce3fffff,Los Angeles,99.56719870179604
8829a56ce5fffff,Los Angeles,182.609845289173
8829a56ce7fffff,Los Angeles,117.85559624249213
8829a56ce9fffff,Los Angeles,136.1373100526536
8829a56cebfffff,Los Angeles,105.21424993195565
8829a56cedfffff,Los Angeles,153.06503229047277
8829a56d01fffff,Los Angeles,4.21809074299663
8829a56d03fffff,Los Angeles,70.20968714086598
8829a56d07fffff,Los Angeles,3.030705526725445
8829a56d09fffff,Los Angeles,1.8663087141863894
8829a56d0bfffff,Los Angeles,92.5835361123953
8829a56d11fffff,Los Angeles,92.25380009520411
8829a56d13fffff,Los Angeles,95.34790231658444
8829a56d15fffff,Los Angeles,87.49216634175843
8829a56d17fffff,Los Angeles,98.70073039160066
8829a56d19fffff,Los Angeles,136.13702862563463
8829a56d1bfffff,Los Angeles,110.53435280463052
8829a56d1dfffff,Los Angeles,117.30241265629549
8829a56d31fffff,Los Angeles,5.912947945285588
8829a56d33fffff,Los Angeles,93.58266585524629
8829a56d37fffff,Los Angeles,12.161339757040269
8829a56d39fffff,Los Angeles,38.490653019499014
8829a56d3bfffff,Los Angeles,119.14699389278083
8829a56d53fffff,Los Angeles,16.331431944953287
8829a56d55fffff,Los Angeles,14.984838112102585
8829a56d57fffff,Los Angeles,59.7374655708103
8829a56d81fffff,Los Angeles,106.85228815178255
8829a56d83fffff,Los Angeles,124.91203025701871
8829a56d85fffff,Los Angeles,95.71708703432587
8829a56d87fffff,Los Angeles,126.09736138608352
8829a56d89fffff,Los Angeles,133.54822097498354
8829a56d8bfffff,Los Angeles,117.75890671170527
8829a56d8dfffff,Los Angeles,116.52676926984007
8829a56d91fffff,Los Angeles,124.184393413209
8829a56d93fffff,Los Angeles,113.84255034454704
8829a56d95fffff,Los Angeles,122.89144761862424
8829a56d97fffff,Los Angeles,113.13326519354679
8829a56d99fffff,Los Angeles,98.33515517227355
8829a56d9bfffff,Los Angeles,153.14772507800132
8829a56d9dfffff,Los Angeles,124.84568007711715
8829a56da1fffff,Los Angeles,98.20571991468643
8829a56da3fffff,Los Angeles,86.95843076094674
8829a56da5fffff,Los Angeles,114.15186407260582
8829a56da7fffff,Los Angeles,89.23315147031005
8829a56da9fffff,Los Angeles,90.85140237131444
8829a56dabfffff,Los Angeles,101.46936142330333
8829a56dadfffff,Los Angeles,71.99602408687316
8829a56db1fffff,Los Angeles,156.5705452221215
8829a56db3fffff,Los Angeles,163.04475174942613
8829a56db5fffff,Los Angeles,141.95705085639142
8829a56db7fffff,Los Angeles,153.007726688318
8829a56db9fffff,Los Angeles,99.18756323076694
8829a56dbbfffff,Los Angeles,135.21011592534757
8829a56dbdfffff,Los Angeles,87.85335907724424
8829a56dc1fffff,Los Angeles,109.09206166926165
8829a56dc3fffff,Los Angeles,111.95133915586722
8829a56dc5fffff,Los Angeles,149.88257311995366
8829a56dc7fffff,Los Angeles,124.82542517539743
8829a56dc9fffff,Los Angeles,114.70370052267661
8829a56dcbfffff,Los Angeles,125.70623771824172
8829a56dcdfffff,Los Angeles,120.19718525749848
8829a56dd1fffff,Los Angeles,101.57252895880423
8829a56dd3fffff,Los Angeles,109.16985743054957
8829a56dd5fffff,Los Angeles,109.57981847327848
8829a56dd7fffff,Los Angeles,97.03378765775008
8829a56dd9fffff,Los Angeles,93.82652495478393
8829a56ddbfffff,Los Angeles,162.2851367146074
8829a56dddfffff,Los Angeles,97.02895149909114
8829a56de1fffff,Los Angeles,151.49301763641355
8829a56de3fffff,Los Angeles,139.59351260438441
8829a56de5fffff,Los Angeles,105.01832530244867
8829a56de7fffff,Los Angeles,95.2478294465226
8829a56de9fffff,Los Angeles,145.0702810134667
8829a56debfffff,Los Angeles,166.66826933329395
8829a56dedfffff,Los Angeles,110.21218356374916
8829a56e97fffff,Los Angeles,10.248998041066598
8829a56ea3fffff,Los Angeles,8.347426923829214
8829a56ea5fffff,Los Angeles,2.1337670962730186
8829a56ea7fffff,Los Angeles,14.065303723991656
8829a56eb1fffff,Los Angeles,34.47700159457015
8829a56eb3fffff,Los Angeles,169.03946283727566
8829a56eb5fffff,Los Angeles,87.5299835609547
8829a56eb7fffff,Los Angeles,166.75857424206868
8829a56ebbfffff,Los Angeles,13.226551640650166
8844a10201fffff,Miami,78.94804651863242
8844a10203fffff,Miami,53.64091971236894
8844a10205fffff,Miami,0.2539045511009691
8844a10207fffff,Miami,16.51339944492718
8844a10209fffff,Miami,22.536090666866432
8844a1020bfffff,Miami,129.79973691736222
8844a1020dfffff,Miami,24.365157779556455
8844a1021dfffff,Miami,11.979966432829439
8844a10245fffff,Miami,26.42024527586806
8844a10247fffff,Miami,26.112175083679226
8844a1024dfffff,Miami,52.746701589003635
8844a10251fffff,Miami,127.03304966906822
8844a10253fffff,Miami,10.364343245020676
8844a10255fffff,Miami,90.62452587959866
8844a10257fffff,Miami,1.486161136908148
8844a10259fffff,Miami,14.938458722308784
8844a1025bfffff,Miami,48.95505623831004
8844a1025dfffff,Miami,5.0000226121538205
8844a11001fffff,Miami,22.277082601351882
8844a11003fffff,Miami,70.53473261092938
8844a11007fffff,Miami,55.465187959568446
8844a11009fffff,Miami,69.05232883488686
8844a1100bfffff,Miami,7.462595145982965
8844a11011fffff,Miami,100.59132099852813
8844a11013fffff,Miami,56.50281504149959
8844a11015fffff,Miami,93.92901196576385
8844a11017fffff,Miami,52.180771250676344
8844a11019fffff,Miami,5.837622745903315
8844a1101bfffff,Miami,179.10626893963763
8844a1101dfffff,Miami,3.1967945239985323
8844a11031fffff,Miami,228.8049151507376
8844a11033fffff,Miami,170.08705714859803
8844a11035fffff,Miami,2.987075648500632
8844a11037fffff,Miami,122.9448043957991
8844a11039fffff,Miami,58.815922920298206
8844a1103bfffff,Miami,87.25010738065662
8844a1103dfffff,Miami,87.85824895581997
8844a11043fffff,Miami,28.36316160632976
8844a11047fffff,Miami,0.40385365846369586
8844a11049fffff,Miami,53.82391399647398
8844a1104bfffff,Miami,34.557232340339425
8844a11055fffff,Miami,68.60883657370827
8844a11059fffff,Miami,65.16889793332818
8844a1105bfffff,Miami,1.3036358992050128
8844a1105dfffff,Miami,11.859111371528847
8844a11083fffff,Miami,4.4712670356960915
8844a11087fffff,Miami,35.54453792971367
8844a1108bfffff,Miami,3.1247099765138
8844a11091fffff,Miami,78.41276897770258
8844a11093fffff,Miami,195.27722416298536
8844a11097fffff,Miami,11.349485238314335
8844a11099fffff,Miami,135.22849533681514
8844a1109bfffff,Miami,188.49528594002325
8844a1109dfffff,Miami,14.549505985420744
8844a110a1fffff,Miami,80.41735440822428
8844a110a5fffff,Miami,176.89553399634238
8844a110a7fffff,Miami,46.71068838775247
8844a110a9fffff,Miami,5.0077069887331405
8844a110abfffff,Miami,7.622207300646187
8844a110adfffff,Miami,69.09799658001542
8844a110c1fffff,Miami,90.09967790087647
8844a110c3fffff,Miami,31.10124360025553
8844a110c5fffff,Miami,40.877055897474754
8844a110c7fffff,Miami,30.254454248108857
8844a110c9fffff,Miami,161.72862956474836
8844a110cbfffff,Miami,60.600939082909
8844a110cdfffff,Miami,95.25979239197827
8844a110d1fffff,Miami,143.0711978356471
8844a110d3fffff,Miami,233.16599341577324
8844a110d7fffff,Miami,34.4654585096436
8844a110d9fffff,Miami,190.05115369285323
8844a110dbfffff,Miami,163.47590993214789
8844a110ddfffff,Miami,36.86383248046359
8844a110e1fffff,Miami,46.010647608115896
8844a110e5fffff,Miami,169.5207921235685
8844a110e7fffff,Miami,57.92160743514843
8844a110e9fffff,Miami,16.6257589409446
8844a110ebfffff,Miami,63.22667415972296
8844a110edfffff,Miami,7.683802298257749
8844a11191fffff,Miami,2.550191140227344
8844a11193fffff,Miami,32.646927445009
8844a11199fffff,Miami,59.60584704784237
8844a1119bfffff,Miami,89.64190060095116
8844a111d1fffff,Miami,70.5213383897144
8844a111d3fffff,Miami,101.95935097667304
8844a111d9fffff,Miami,158.16897080536552
8844a111dbfffff,Miami,137.11701620525594
8844a111ddfffff,Miami,8.88726791438166
8844a11221fffff,Miami,111.40183062614145
8844a11223fffff,Miami,9.391329789583088
8844a11227fffff,Miami,15.426387111877741
8844a11229fffff,Miami,130.75052242149516
8844a1122bfffff,Miami,14.62799588758557
8844a1122dfffff,Miami,7.3144595507444
8844a11235fffff,Miami,20.8865250580295
8844a11237fffff,Miami,105.08982127463679
8844a11263fffff,Miami,37.080349885562704
8844a11267fffff,Miami,6.042853358191433
8844a11281fffff,Miami,184.84244678178158
8844a11283fffff,Miami,195.88235872298466
8844a11285fffff,Miami,133.51886658790042
8844a11287fffff,Miami,192.26371062324085
8844a11289fffff,Miami,237.08693622127822
8844a1128bfffff,Miami,175.98893608865026
8844a1128dfffff,Miami,55.48051256626929
8844a11291fffff,Miami,196.2139761959449
8844a11293fffff,Miami,192.4369937919441
8844a11295fffff,Miami,155.18141420460822
8844a11297fffff,Miami,148.17204352925145
8844a11299fffff,Miami,162.77697714189915
8844a1129bfffff,Miami,175.11750046458724
8844a1129dfffff,Miami,152.20582313556497
8844a112a3fffff,Miami,7.194673858371344
8844a112a7fffff,Miami,69.51762468650003
8844a112abfffff,Miami,79.6649067352327
8844a112b1fffff,Miami,180.43578521059558
8844a112b3fffff,Miami,183.30624219724706
8844a112b5fffff,Miami,88.97700883668946
8844a112b7fffff,Miami,171.92634819467227
8844a112b9fffff,Miami,245.42268556136904
8844a112bbfffff,Miami,217.65756898467293
8844a112bdfffff,Miami,163.52678394374811
8844a112c3fffff,Miami,58.42751799760751
8844a112c7fffff,Miami,23.041871962306338
8844a112cbfffff,Miami,71.63136229994868
8844a112d1fffff,Miami,177.35159752175053
8844a112d3fffff,Miami,132.56471366434516
8844a112d5fffff,Miami,182.55216981477417
8844a112d7fffff,Miami,134.6778449161321
8844a112d9fffff,Miami,150.7959625833383
8844a112dbfffff,Miami,158.4559666007592
8844a112ddfffff,Miami,142.3394184568621
8844a112e1fffff,Miami,24.43085060194491
8844a112e5fffff,Miami,55.21151081557576
8844a112e7fffff,Miami,4.833587912996224
8844a112ebfffff,Miami,33.973436380262434
8844a11401fffff,Miami,56.35977049884272
8844a11403fffff,Miami,0.7268580670441591
8844a11405fffff,Miami,49.46185107823053
8844a11407fffff,Miami,10.219443779519475
8844a11409fffff,Miami,122.35526572029387
8844a1140bfffff,Miami,35.48693784158638
8844a1140dfffff,Miami,160.3127939083792
8844a11419fffff,Miami,1.1230614554250287
8844a11429fffff,Miami,48.45657966645546
8844a1142dfffff,Miami,56.8872942287699
8844a11441fffff,Miami,154.15512981845382
8844a11443fffff,Miami,143.41558425795765
8844a11445fffff,Miami,139.7163178734537
8844a11447fffff,Miami,159.4765121990766
8844a11449fffff,Miami,139.22554554028602
8844a1144bfffff,Miami,135.18674141616216
8844a1144dfffff,Miami,129.8108892988293
8844a11451fffff,Miami,122.73492132521392
8844a11453fffff,Miami,2.7246582294944153
8844a11455fffff,Miami,121.61394636554459
8844a11457fffff,Miami,42.01731103878955
8844a11459fffff,Miami,124.20059903862966
8844a1145bfffff,Miami,112.41505860615734
8844a1145dfffff,Miami,123.27693025315583
8844a11461fffff,Miami,193.6470460070103
8844a11463fffff,Miami,153.2948193976041
8844a11465fffff,Miami,162.96357043453895
8844a11467fffff,Miami,121.96845193552362
8844a11469fffff,Miami,130.2238627039695
8844a1146bfffff,Miami,231.81467413417369
8844a1146dfffff,Miami,164.25663511824186
8844a11501fffff,Miami,120.89749140414148
8844a11503fffff,Miami,13.577554609392541
8844a11505fffff,Miami,170.56263776591084
8844a11507fffff,Miami,11.435474103191256
8844a11509fffff,Miami,190.71343666600205
8844a1150bfffff,Miami,89.92111420704889
8844a1150dfffff,Miami,166.18845838389728
8844a11515fffff,Miami,1.084231538156906
8844a11521fffff,Miami,1.762189208591017
8844a11529fffff,Miami,89.96740726345045
8844a1152bfffff,Miami,5.782637129701846
8844a1153dfffff,Miami,0.9973303730353936
8844a11541fffff,Miami,161.80551517753835
8844a11543fffff,Miami,185.0046104494851
8844a11545fffff,Miami,155.4928199888688
8844a11547fffff,Miami,170.23498393962774
8844a11549fffff,Miami,154.6543348916395
8844a1154bfffff,Miami,193.70093530293113
8844a1154dfffff,Miami,182.18139137211114
8844a11551fffff,Miami,160.99242705580343
8844a11553fffff,Miami,81.40877289115477
8844a11555fffff,Miami,122.07610023966105
8844a11557fffff,Miami,132.37644532789594
8844a11559fffff,Miami,170.9490744778689
8844a1155bfffff,Miami,105.10310811362169
8844a1155dfffff,Miami,201.89583232020559
8844a11561fffff,Miami,65.20217177318638
8844a11563fffff,Miami,133.64696319171114
8844a11567fffff,Miami,63.52636303658852
8844a11569fffff,Miami,83.96787965228383
8844a1156bfffff,Miami,160.65175662665175
8844a11601fffff,Miami,144.84201398628127
8844a11603fffff,Miami,221.03153406990353
8844a11605fffff,Miami,168.5804853029041
8844a11607fffff,Miami,197.48187540912846
8844a11609fffff,Miami,165.52698991283168
8844a1160bfffff,Miami,90.50329940502165
8844a1160dfffff,Miami,168.72682683516368
8844a11611fffff,Miami,108.53556396560766
8844a11613fffff,Miami,109.14674644271255
8844a11615fffff,Miami,162.88461193644585
8844a11617fffff,Miami,150.1454651987601
8844a11619fffff,Miami,94.22410485172935
8844a1161bfffff,Miami,21.733116352401424
8844a1161dfffff,Miami,165.52110305955173
8844a11621fffff,Miami,136.9164316289268
8844a11623fffff,Miami,157.43215338110585
8844a11625fffff,Miami,129.93806559873357
8844a11627fffff,Miami,112.41254252211729
8844a11629fffff,Miami,228.17512221934564
8844a1162bfffff,Miami,148.96167448266004
8844a1162dfffff,Miami,178.02616143852615
8844a11631fffff,Miami,131.4463859537548
8844a11633fffff,Miami,138.3562022631656
8844a11635fffff,Miami,125.94902143004045
8844a11637fffff,Miami,176.7851209613179
8844a11639fffff,Miami,195.04253972050648
8844a1163bfffff,Miami,161.81708970539117
8844a1163dfffff,Miami,157.99692770322034
8844a11641fffff,Miami,34.6618082673394
8844a11643fffff,Miami,9.992184287291513
8844a11645fffff,Miami,91.03662659578373
8844a11647fffff,Miami,18.41827989142461
8844a11649fffff,Miami,111.19105154681395
8844a1164bfffff,Miami,73.64502930424173
8844a1164dfffff,Miami,56.833269738214746
8844a11651fffff,Miami,48.254464425605384
8844a11653fffff,Miami,4.288993565639692
8844a11655fffff,Miami,165.6909942957058
8844a11657fffff,Miami,107.29158801026882
8844a11659fffff,Miami,4.213755424097072
8844a1165dfffff,Miami,14.788714915766196
8844a11661fffff,Miami,145.82630689260455
8844a11663fffff,Miami,160.19054841234305
8844a11665fffff,Miami,199.03029760701983
8844a11667fffff,Miami,274.79366947527194
8844a11669fffff,Miami,229.51267561632608
8844a1166bfffff,Miami,57.65131888130625
8844a1166dfffff,Miami,239.6762337940077
8844a1168dfffff,Miami,23.8336238210291
8844a116a9fffff,Miami,13.598070156296902
8844a116adfffff,Miami,6.364893656592199
8844a116c1fffff,Miami,1.6708039503199894
8844a116c5fffff,Miami,25.607021655786507
8844a116c7fffff,Miami,22.494159058586842
8844a116cdfffff,Miami,1.6051726074733874
8844a116e1fffff,Miami,139.8578129974908
8844a116e3fffff,Miami,96.39064009604878
8844a116e5fffff,Miami,175.86328574963562
8844a116e7fffff,Miami,104.34898831827078
8844a116e9fffff,Miami,165.2214922621477
8844a116ebfffff,Miami,96.89287944260396
8844a116edfffff,Miami,165.77732335770813
8844a11701fffff,Miami,198.8609051822234
8844a11703fffff,Miami,139.94032277379665
8844a11705fffff,Miami,203.3223905701985
8844a11707fffff,Miami,151.37764840552813
8844a11709fffff,Miami,140.25165171151647
8844a1170bfffff,Miami,182.56906304936345
8844a1170dfffff,Miami,135.3810776450983
8844a11711fffff,Miami,179.701362910446
8844a11713fffff,Miami,198.77325662229694
8844a11715fffff,Miami,153.48287713682592
8844a11717fffff,Miami,176.22146632704525
8844a11719fffff,Miami,153.82064338343366
8844a1171bfffff,Miami,126.84313363377073
8844a1171dfffff,Miami,167.24203539998084
8844a11721fffff,Miami,202.88032378859893
8844a11723fffff,Miami,217.46753338936486
8844a11725fffff,Miami,146.4983984645021
8844a11727fffff,Miami,157.37146642209314
8844a11729fffff,Miami,234.0336501204612
8844a1172bfffff,Miami,189.9397099539802
8844a1172dfffff,Miami,217.12902629112403
8844a11731fffff,Miami,177.86506582215978
8844a11733fffff,Miami,152.45234411048958
8844a11735fffff,Miami,234.28523265437602
8844a11737fffff,Miami,129.00181166082697
8844a11739fffff,Miami,163.7716730624755
8844a1173bfffff,Miami,165.224520578795
8844a1173dfffff,Miami,172.60599315438486
8844a11741fffff,Miami,131.11533581105215
8844a11743fffff,Miami,151.44607442123376
8844a11745fffff,Miami,224.33630977869515
8844a11747fffff,Miami,161.89220690589872
8844a11749fffff,Miami,170.74567845759006
8844a1174bfffff,Miami,154.9241626266952
8844a1174dfffff,Miami,179.84471048354393
8844a11751fffff,Miami,144.72192090938654
8844a11753fffff,Miami,172.78911858296078
8844a11755fffff,Miami,126.58616594787622
8844a11757fffff,Miami,228.60798743180698
8844a11759fffff,Miami,134.9381997750303
8844a1175bfffff,Miami,184.13724165844312
8844a1175dfffff,Miami,141.85678196842787
8844a11761fffff,Miami,195.64088358766276
8844a11763fffff,Miami,163.66388981613525
8844a11765fffff,Miami,181.0878592992603
8844a11767fffff,Miami,186.7212005531994
8844a11769fffff,Miami,204.18577925320693
8844a1176bfffff,Miami,209.6145411975406
8844a1176dfffff,Miami,220.93645520471466
8844a18c01fffff,Miami,136.8650796003515
8844a18c03fffff,Miami,105.6447963275092
8844a18c05fffff,Miami,198.62320557293907
8844a18c07fffff,Miami,127.24299140840816
8844a18c09fffff,Miami,159.8385184165936
8844a18c0bfffff,Miami,79.99215061094623
8844a18c0dfffff,Miami,230.71440818679042
8844a18c11fffff,Miami,8.047202609865526
8844a18c15fffff,Miami,114.46455239575141
8844a18c17fffff,Miami,87.52284803590256
8844a18c1dfffff,Miami,31.88880172979549
8844a18c21fffff,Miami,155.65271308476875
8844a18c23fffff,Miami,121.87540511603738
8844a18c25fffff,Miami,121.89676837431465
8844a18c27fffff,Miami,180.14728766006286
8844a18c29fffff,Miami,183.2304719239567
8844a18c2bfffff,Miami,152.12517027184612
8844a18c2dfffff,Miami,102.69099706547908
8844a18c31fffff,Miami,127.07494536809844
8844a18c33fffff,Miami,134.30337436957734
8844a18c35fffff,Miami,123.36786838325813
8844a18c37fffff,Miami,138.05487512574376
8844a18c39fffff,Miami,123.22838361714024
8844a18c3bfffff,Miami,142.49168499846942
8844a18c3dfffff,Miami,123.7731562149895
8844a18c41fffff,Miami,1.1239303657988469
8844a18c43fffff,Miami,76.56362147240154
8844a18c45fffff,Miami,3.350269385417127
8844a18c47fffff,Miami,178.5942942307685
8844a18c55fffff,Miami,16.957314331570608
8844a18c61fffff,Miami,74.05075160845396
8844a18c63fffff,Miami,124.95767423950063
8844a18c65fffff,Miami,59.03140962527421
8844a18c67fffff,Miami,106.47624294260012
8844a18c69fffff,Miami,0.19970533361424467
8844a18c6bfffff,Miami,128.85703461410236
8844a18c6dfffff,Miami,7.918782741359478
8844a18c85fffff,Miami,3.1893257980075735
8844a18c87fffff,Miami,0.8601816029689862
8844a18ca1fffff,Miami,143.13647867006773
8844a18ca3fffff,Miami,134.9860197465738
8844a18ca5fffff,Miami,183.07372554443734
8844a18ca7fffff,Miami,223.98787298588388
8844a18ca9fffff,Miami,130.66237301193567
8844a18cabfffff,Miami,56.02548703454831
8844a18cadfffff,Miami,180.60902928809904
8844a18cb1fffff,Miami,2.526058802083822
8844a18cb5fffff,Miami,65.24345547180042
8844a18cb7fffff,Miami,25.61283108057449
8844a18cb9fffff,Miami,0.6112419497895055
8844a18cbdfffff,Miami,13.181449428906694
8844a18ce1fffff,Miami,101.40655617011632
8844a18ce3fffff,Miami,44.672655450763656
8844a18ce5fffff,Miami,121.60586544747261
8844a18ce7fffff,Miami,143.11606637729852
8844a18ce9fffff,Miami,26.274356679725965
8844a18cebfffff,Miami,0.15049295053464756
8844a18cedfffff,Miami,118.68173082955194
8844a18d11fffff,Miami,164.40464870789236
8844a18d13fffff,Miami,165.74463865735274
8844a18d15fffff,Miami,89.0760172263446
8844a18d17fffff,Miami,159.93087233413894
8844a18d19fffff,Miami,113.44364185277009
8844a18d1bfffff,Miami,170.2398276876637
8844a18d1dfffff,Miami,40.158235654375424
8844a18d31fffff,Miami,15.237766506445956
8844a18d33fffff,Miami,144.23742483074705
8844a18d35fffff,Miami,17.27030274527859
8844a18d37fffff,Miami,108.363260847371
8844a18d39fffff,Miami,7.065188205601504
8844a18d3bfffff,Miami,181.78158582734994
8844a18d51fffff,Miami,101.3599040425059
8844a18d53fffff,Miami,106.32846071788904
8844a18d55fffff,Miami,20.76713307645126
8844a18d57fffff,Miami,42.474472077481316
8844a18d59fffff,Miami,36.777972068475826
8844a18d5bfffff,Miami,103.53282456117748
8844a18d5dfffff,Miami,18.52898305916217
8844a18d81fffff,Miami,209.1663361202051
8844a18d83fffff,Miami,200.93322969987238
8844a18d85fffff,Miami,182.9614191625603
8844a18d87fffff,Miami,171.23458200712477
8844a18d89fffff,Miami,169.35221176033323
8844a18d8bfffff,Miami,174.45135259645272
8844a18d8dfffff,Miami,150.4429178046421
8844a18d91fffff,Miami,166.06707439027016
8844a18d93fffff,Miami,71.33637345952022
8844a18d95fffff,Miami,205.47900555034676
8844a18d97fffff,Miami,320.15817316034077
8844a18d99fffff,Miami,139.96943692106225
8844a18d9bfffff,Miami,145.62966656000816
8844a18d9dfffff,Miami,171.5338812832714
8844a18da1fffff,Miami,197.4560970152877
8844a18da3fffff,Miami,200.05845757467557
8844a18da5fffff,Miami,193.7820113452346
8844a18da7fffff,Miami,174.99889469040465
8844a18da9fffff,Miami,181.10221184008475
8844a18dabfffff,Miami,153.40897613383854
8844a18dadfffff,Miami,147.77281626614507
8844a18db1fffff,Miami,141.38628689791776
8844a18db3fffff,Miami,124.51513383323689
8844a18db5fffff,Miami,161.1829941108661
8844a18db7fffff,Miami,130.0281614666611
8844a18db9fffff,Miami,240.8713077228331
8844a18dbbfffff,Miami,152.14601967599762
8844a18dbdfffff,Miami,143.11850316977657
8844a18dc1fffff,Miami,176.63414385077698
8844a18dc3fffff,Miami,193.48177999947478
8844a18dc5fffff,Miami,154.08656974804325
8844a18dc7fffff,Miami,246.3950306259628
8844a18dc9fffff,Miami,156.12199123655594
8844a18dcbfffff,Miami,132.63979718394745
8844a18dcdfffff,Miami,183.8604767294475
8844a18dd1fffff,Miami,128.17925055254778
8844a18dd3fffff,Miami,158.74298526151108
8844a18dd5fffff,Miami,127.32833111755436
8844a18dd7fffff,Miami,149.8323996655447
8844a18dd9fffff,Miami,125.01325482116815
8844a18ddbfffff,Miami,144.9273819359208
8844a18dddfffff,Miami,132.84918651745494
8844a18de1fffff,Miami,162.79751086862967
8844a18de3fffff,Miami,123.46483027198474
8844a18de5fffff,Miami,160.13267167958082
8844a18de7fffff,Miami,153.0258086788397
8844a18de9fffff,Miami,139.03791840256693
8844a18debfffff,Miami,171.83104426755116
8844a18dedfffff,Miami,193.60117043843908
8844a18f33fffff,Miami,0.4218366619639309
8829b6c001fffff,Phoenix,22.23150012240139
8829b6c003fffff,Phoenix,36.422421249167314
8829b6c005fffff,Phoenix,30.736548311311207
8829b6c007fffff,Phoenix,28.004872222025615
8829b6c009fffff,Phoenix,30.858724463588057
8829b6c00bfffff,Phoenix,28.966167377088222
8829b6c00dfffff,Phoenix,21.987950774923767
8829b6c011fffff,Phoenix,26.186766122264633
8829b6c013fffff,Phoenix,22.968423812188036
8829b6c015fffff,Phoenix,43.93423208970736
8829b6c017fffff,Phoenix,36.47908967492815
8829b6c019fffff,Phoenix,45.074614945078366
8829b6c01bfffff,Phoenix,18.20677764038508
8829b6c01dfffff,Phoenix,50.17426949052278
8829b6c021fffff,Phoenix,3.6726106086362917
8829b6c023fffff,Phoenix,28.058273853497774
8829b6c025fffff,Phoenix,19.033544657604104
8829b6c027fffff,Phoenix,12.091286972240637
8829b6c029fffff,Phoenix,19.141875096396713
8829b6c02bfffff,Phoenix,16.870979285355546
8829b6c02dfffff,Phoenix,25.166882161543935
8829b6c031fffff,Phoenix,15.171522325003595
8829b6c035fffff,Phoenix,1.1894592501932095
8829b6c039fffff,Phoenix,43.5956420974303
8829b6c03bfffff,Phoenix,26.301684990933705
8829b6c03dfffff,Phoenix,28.735880690477785
8829b6c041fffff,Phoenix,52.24201264496358
8829b6c043fffff,Phoenix,26.68318002833648
8829b6c045fffff,Phoenix,39.6205227194724
8829b6c047fffff,Phoenix,37.08655166712159
8829b6c049fffff,Phoenix,25.311776395979322
8829b6c04bfffff,Phoenix,42.79715886156718
8829b6c04dfffff,Phoenix,23.015070867584004
8829b6c051fffff,Phoenix,23.937681385926584
8829b6c053fffff,Phoenix,23.72217115392986
8829b6c055fffff,Phoenix,37.72370797248525
8829b6c057fffff,Phoenix,43.48065469784135
8829b6c059fffff,Phoenix,21.921436111134433
8829b6c05bfffff,Phoenix,27.564047189208697
8829b6c05dfffff,Phoenix,46.17334610951915
8829b6c061fffff,Phoenix,27.43727563771315
8829b6c063fffff,Phoenix,18.858044886219133
8829b6c065fffff,Phoenix,28.95240230683671
8829b6c067fffff,Phoenix,17.38025082900157
8829b6c069fffff,Phoenix,24.517266512196993
8829b6c06bfffff,Phoenix,29.35296342419459
8829b6c06dfffff,Phoenix,26.792218091380754
8829b6c0a1fffff,Phoenix,1.4925917373805364
8829b6c0a9fffff,Phoenix,1.11782620295881
8829b6c0c3fffff,Phoenix,1.0011753809307382
8829b6c0c5fffff,Phoenix,3.7458872858875654
8829b6c0c9fffff,Phoenix,4.7693150132125925
8829b6c0cbfffff,Phoenix,3.8478455664077
8829b6c0cdfffff,Phoenix,19.775077515115168
8829b6c0e1fffff,Phoenix,0.9548805515794504
8829b6c0e7fffff,Phoenix,6.921837177672821
8829b6c0e9fffff,Phoenix,6.148958216845175
8829b6c0ebfffff,Phoenix,0.05468266936654591
8829b6c0edfffff,Phoenix,8.077247046583338
8829b6c101fffff,Phoenix,22.60622290967332
8829b6c103fffff,Phoenix,12.05155619764431
8829b6c105fffff,Phoenix,9.408202427560783
8829b6c107fffff,Phoenix,20.17552079781208
8829b6c109fffff,Phoenix,24.433338028425595
8829b6c10bfffff,Phoenix,38.38249160189884
8829b6c10dfffff,Phoenix,25.480466362965906
8829b6c111fffff,Phoenix,17.717216209547196
8829b6c113fffff,Phoenix,0.24010051486806
8829b6c115fffff,Phoenix,11.166872728275154
8829b6c119fffff,Phoenix,3.7039374261378963
8829b6c11bfffff,Phoenix,4.045651172672252
8829b6c11dfffff,Phoenix,11.369021301530497
8829b6c121fffff,Phoenix,21.43871212258175
8829b6c123fffff,Phoenix,3.051045957317797
8829b6c125fffff,Phoenix,17.295678612462982
8829b6c127fffff,Phoenix,0.9812597027863362
8829b6c129fffff,Phoenix,22.669050724660103
8829b6c12bfffff,Phoenix,23.27191839626272
8829b6c12dfffff,Phoenix,9.670662006858935
8829b6c139fffff,Phoenix,8.06997583437482
8829b6c13bfffff,Phoenix,0.3795168556937686
8829b6c13dfffff,Phoenix,5.649825437459363
8829b6c141fffff,Phoenix,20.428245742173683
8829b6c143fffff,Phoenix,27.044315974709228
8829b6c145fffff,Phoenix,32.744424850300256
8829b6c147fffff,Phoenix,21.740753587551193
8829b6c149fffff,Phoenix,31.7538341414659
8829b6c14bfffff,Phoenix,27.610520735276495
8829b6c14dfffff,Phoenix,23.91586674163675
8829b6c151fffff,Phoenix,10.222499232498679
8829b6c153fffff,Phoenix,12.530619959148794
8829b6c155fffff,Phoenix,21.473530935023987
8829b6c157fffff,Phoenix,10.036938390201188
8829b6c159fffff,Phoenix,16.83724015561786
8829b6c15bfffff,Phoenix,20.129600993702116
8829b6c15dfffff,Phoenix,15.970748445793541
8829b6c161fffff,Phoenix,13.186128675046525
8829b6c163fffff,Phoenix,13.01641267408466
8829b6c165fffff,Phoenix,8.44155394274093
8829b6c167fffff,Phoenix,12.270886786486008
8829b6c169fffff,Phoenix,22.490866781355145
8829b6c16bfffff,Phoenix,21.179826316986784
8829b6c16dfffff,Phoenix,22.490858636816885
8829b6c1c9fffff,Phoenix,0.5996119613075751
8829b6c1cdfffff,Phoenix,2.430425417575032
8829b6c201fffff,Phoenix,38.05687878940135
8829b6c203fffff,Phoenix,35.793297061743765
8829b6c205fffff,Phoenix,31.472698092839387
8829b6c207fffff,Phoenix,31.29435957187375
8829b6c209fffff,Phoenix,37.940949841791856
8829b6c20bfffff,Phoenix,30.536248549958028
8829b6c20dfffff,Phoenix,47.05732620441809
8829b6c211fffff,Phoenix,17.4494117074542
8829b6c213fffff,Phoenix,17.603980467449066
8829b6c215fffff,Phoenix,30.35363699644327
8829b6c217fffff,Phoenix,23.73063542935366
8829b6c219fffff,Phoenix,28.321184064897462
8829b6c21bfffff,Phoenix,15.879694734596823
8829b6c21dfffff,Phoenix,22.98374302740016
8829b6c221fffff,Phoenix,17.51911270634846
8829b6c223fffff,Phoenix,17.248681791536512
8829b6c225fffff,Phoenix,10.756342247028854
8829b6c227fffff,Phoenix,24.321626585200995
8829b6c229fffff,Phoenix,28.967381283762027
8829b6c22bfffff,Phoenix,9.133635329595556
8829b6c22dfffff,Phoenix,15.602754981330575
8829b6c231fffff,Phoenix,23.44206791521094
8829b6c233fffff,Phoenix,24.378015694395852
8829b6c235fffff,Phoenix,37.98237160915644
8829b6c237fffff,Phoenix,48.54794323269236
8829b6c239fffff,Phoenix,27.7406032285735
8829b6c23bfffff,Phoenix,33.86629522840156
8829b6c23dfffff,Phoenix,35.77428019757468
8829b6c241fffff,Phoenix,42.592662969041356
8829b6c243fffff,Phoenix,35.759394350331064
8829b6c245fffff,Phoenix,45.23928397565985
8829b6c247fffff,Phoenix,39.482016661022755
8829b6c249fffff,Phoenix,34.07175504110606
8829b6c24bfffff,Phoenix,45.00204748765375
8829b6c24dfffff,Phoenix,47.79734391864366
8829b6c251fffff,Phoenix,26.41329837611117
8829b6c253fffff,Phoenix,20.49152206478756
8829b6c255fffff,Phoenix,23.658154961083103
8829b6c257fffff,Phoenix,20.489599703308148
8829b6c259fffff,Phoenix,21.560775767184825
8829b6c25bfffff,Phoenix,20.162402161924597
8829b6c25dfffff,Phoenix,26.78474293548707
8829b6c261fffff,Phoenix,26.718239847878717
8829b6c263fffff,Phoenix,22.87233805588173
8829b6c267fffff,Phoenix,16.850084351486196
8829b6c269fffff,Phoenix,37.35412748234407
8829b6c26bfffff,Phoenix,22.69700367709999
8829b6c26dfffff,Phoenix,15.227869138347966
8829b6c281fffff,Phoenix,23.873086379332303
8829b6c283fffff,Phoenix,19.699337348556814
8829b6c285fffff,Phoenix,19.49190968692701
8829b6c287fffff,Phoenix,20.551002453624573
8829b6c289fffff,Phoenix,20.068898489198546
8829b6c28bfffff,Phoenix,26.518853003072948
8829b6c28dfffff,Phoenix,22.166771804528928
8829b6c291fffff,Phoenix,29.159904836956358
8829b6c293fffff,Phoenix,23.948424123749
8829b6c295fffff,Phoenix,36.61370218679348
8829b6c297fffff,Phoenix,16.83929052740497
8829b6c299fffff,Phoenix,28.956647072345977
8829b6c29bfffff,Phoenix,27.92913886959847
8829b6c29dfffff,Phoenix,28.471688259185196
8829b6c2a1fffff,Phoenix,18.891904341502496
8829b6c2a3fffff,Phoenix,9.603716879516895
8829b6c2a5fffff,Phoenix,24.55974676421536
8829b6c2a7fffff,Phoenix,18.70507888240465
8829b6c2a9fffff,Phoenix,21.620638100050883
8829b6c2abfffff,Phoenix,17.3533150687144
8829b6c2adfffff,Phoenix,14.11967123654224
8829b6c2b1fffff,Phoenix,4.890076303017009
8829b6c2b3fffff,Phoenix,1.8570756684940304
8829b6c2b5fffff,Phoenix,2.931396527343135
8829b6c2b9fffff,Phoenix,21.908883100076228
8829b6c2bbfffff,Phoenix,10.30122558594717
8829b6c2bdfffff,Phoenix,13.750837540564735
8829b6c2c1fffff,Phoenix,18.69569071895171
8829b6c2c3fffff,Phoenix,48.063364931973645
8829b6c2c5fffff,Phoenix,17.60587082645466
8829b6c2c7fffff,Phoenix,36.36823809255793
8829b6c2c9fffff,Phoenix,27.99249120620744
8829b6c2cbfffff,Phoenix,24.91665117151192
8829b6c2cdfffff,Phoenix,19.139008174375242
8829b6c2d1fffff,Phoenix,21.484057115426214
8829b6c2d3fffff,Phoenix,22.899720161663296
8829b6c2d5fffff,Phoenix,22.360232755774422
8829b6c2d7fffff,Phoenix,21.465894539789282
8829b6c2d9fffff,Phoenix,33.077929148122614
8829b6c2dbfffff,Phoenix,26.674474745911986
8829b6c2ddfffff,Phoenix,36.87799040906946
8829b6c2e1fffff,Phoenix,25.041186268280647
8829b6c2e3fffff,Phoenix,18.601030577087737
8829b6c2e5fffff,Phoenix,21.77264926599149
8829b6c2e7fffff,Phoenix,20.01206085649387
8829b6c2e9fffff,Phoenix,24.81790721179849
8829b6c2ebfffff,Phoenix,23.903281811467245
8829b6c2edfffff,Phoenix,20.79311443049384
8829b6c301fffff,Phoenix,10.567155776155296
8829b6c303fffff,Phoenix,6.614110265214614
8829b6c305fffff,Phoenix,18.37833120013879
8829b6c307fffff,Phoenix,7.4216056910123
8829b6c309fffff,Phoenix,14.176622851602225
8829b6c30bfffff,Phoenix,18.61837147260702
8829b6c30dfffff,Phoenix,20.339567312979934
8829b6c311fffff,Phoenix,20.603233027358364
8829b6c313fffff,Phoenix,35.81176869166721
8829b6c315fffff,Phoenix,20.387235884253833
8829b6c317fffff,Phoenix,43.15085784497993
8829b6c319fffff,Phoenix,18.460932006437446
8829b6c31bfffff,Phoenix,23.124899533520864
8829b6c31dfffff,Phoenix,21.096124909044025
8829b6c321fffff,Phoenix,31.72371518917533
8829b6c323fffff,Phoenix,34.518794591482994
8829b6c325fffff,Phoenix,35.07709264286378
8829b6c327fffff,Phoenix,35.32356667610258
8829b6c329fffff,Phoenix,21.37707739135328
8829b6c32bfffff,Phoenix,25.487647166718837
8829b6c32dfffff,Phoenix,23.91940585256583
8829b6c331fffff,Phoenix,38.97194347963771
8829b6c333fffff,Phoenix,20.92104029550772
8829b6c335fffff,Phoenix,33.12086552630848
8829b6c337fffff,Phoenix,24.625786702075327
8829b6c339fffff,Phoenix,17.156883040464958
8829b6c33bfffff,Phoenix,35.31425705717742
8829b6c33dfffff,Phoenix,23.075758493919132
8829b6c341fffff,Phoenix,5.458235059495711
8829b6c343fffff,Phoenix,3.0969577104058184
8829b6c345fffff,Phoenix,23.91080533401672
8829b6c347fffff,Phoenix,14.324071469796706
8829b6c349fffff,Phoenix,26.8069421142952
8829b6c34bfffff,Phoenix,9.763157507113391
8829b6c34dfffff,Phoenix,7.44510552951006
8829b6c351fffff,Phoenix,16.4730552749839
8829b6c353fffff,Phoenix,8.195190415176718
8829b6c355fffff,Phoenix,26.89275037513898
8829b6c357fffff,Phoenix,19.199765456532297
8829b6c35bfffff,Phoenix,15.597295181371678
8829b6c35dfffff,Phoenix,8.902584826254499
8829b6c361fffff,Phoenix,23.017118524321837
8829b6c363fffff,Phoenix,13.957235294668527
8829b6c365fffff,Phoenix,30.71852263626492
8829b6c367fffff,Phoenix,16.08485054680695
8829b6c369fffff,Phoenix,35.29907512318995
8829b6c36bfffff,Phoenix,32.8456584106803
8829b6c36dfffff,Phoenix,38.56050011249434
8829b6c601fffff,Phoenix,4.790864441216238
8829b6c605fffff,Phoenix,4.945484219227792
8829b6c607fffff,Phoenix,0.17380635365897276
8829b6c609fffff,Phoenix,8.58263166084966
8829b6c60bfffff,Phoenix,2.1859361354488485
8829b6c60dfffff,Phoenix,21.60458600761929
8829b6c619fffff,Phoenix,0.4691860027564998
8829b6c629fffff,Phoenix,1.500792483944981
8829b6c641fffff,Phoenix,21.589631139895445
8829b6c643fffff,Phoenix,4.88721735922974
8829b6c645fffff,Phoenix,28.42648629135862
8829b6c647fffff,Phoenix,17.69050516483406
8829b6c649fffff,Phoenix,15.857314433884294
8829b6c64bfffff,Phoenix,7.0007301559239075
8829b6c64dfffff,Phoenix,15.843204659504275
8829b6c651fffff,Phoenix,8.016725433172542
8829b6c653fffff,Phoenix,2.644258448358932
8829b6c655fffff,Phoenix,1.0044553251339026
8829b6c657fffff,Phoenix,7.388668934930857
8829b6c659fffff,Phoenix,3.2020498315623964
8829b6c65bfffff,Phoenix,0.12806977795282903
8829b6c65dfffff,Phoenix,7.382720006990589
8829b6c661fffff,Phoenix,15.205576468868639
8829b6c663fffff,Phoenix,18.021848187850676
8829b6c665fffff,Phoenix,19.63082756710987
8829b6c667fffff,Phoenix,18.56246670154273
8829b6c669fffff,Phoenix,20.96481979884487
8829b6c66bfffff,Phoenix,29.473955596148063
8829b6c66dfffff,Phoenix,21.529960679997746
8829b6c709fffff,Phoenix,0.24744944846905914
8829b6c70bfffff,Phoenix,0.7601356645476275
8829b6c70dfffff,Phoenix,0.9674495158669819
8829b6c719fffff,Phoenix,0.38848559212501577
8829b6c741fffff,Phoenix,18.37108298279943
8829b6c743fffff,Phoenix,14.329981890453961
8829b6c745fffff,Phoenix,21.649135603238985
8829b6c747fffff,Phoenix,17.79063536226439
8829b6c749fffff,Phoenix,26.558277567577605
8829b6c74bfffff,Phoenix,20.87067092516553
8829b6c74dfffff,Phoenix,18.602076758663866
8829b6c751fffff,Phoenix,5.825032445889351
8829b6c753fffff,Phoenix,1.9657357629556134
8829b6c755fffff,Phoenix,4.238699387993076
8829b6c759fffff,Phoenix,15.61585453897696
8829b6c75bfffff,Phoenix,10.95458036501556
8829b6c75dfffff,Phoenix,23.86158215782757
8829b6c761fffff,Phoenix,1.190637441874931
8829b6c765fffff,Phoenix,0.6767168968710254
8829b6c769fffff,Phoenix,19.355515396107904
8829b6c76bfffff,Phoenix,12.971034070833229
8829b6c76dfffff,Phoenix,15.33771775151169
8829b6ca01fffff,Phoenix,9.010175193801338
8829b6ca03fffff,Phoenix,2.110162671478059
8829b6ca09fffff,Phoenix,14.506604558620399
8829b6ca0bfffff,Phoenix,6.627176489800166
8829b6ca19fffff,Phoenix,11.84730441754862
8829b6ca1dfffff,Phoenix,2.1008095266476907
8829b6ca29fffff,Phoenix,2.5029120189066965
8829b6ca2dfffff,Phoenix,0.4995989042117145
8829b6ca39fffff,Phoenix,0.23190193777471532
8829b6ca41fffff,Phoenix,7.912961572760458
8829b6ca43fffff,Phoenix,6.551595036747511
8829b6ca45fffff,Phoenix,4.713628397136577
8829b6ca49fffff,Phoenix,16.217192621492835
8829b6ca4bfffff,Phoenix,29.77288234279637
8829b6ca4dfffff,Phoenix,11.69566516701023
8829b6ca51fffff,Phoenix,39.01793900986687
8829b6ca53fffff,Phoenix,22.053631691281463
8829b6ca55fffff,Phoenix,24.58588268974172
8829b6ca57fffff,Phoenix,17.869446454439277
8829b6ca59fffff,Phoenix,18.46355253831086
8829b6ca5bfffff,Phoenix,12.909288248648162
8829b6ca5dfffff,Phoenix,7.464330807161345
8829b6ca61fffff,Phoenix,2.639900109702631
8829b6ca63fffff,Phoenix,0.8058758799418353
8829b6ca67fffff,Phoenix,0.47679557616488344
8829b6ca69fffff,Phoenix,3.5275239959159923
8829b6d001fffff,Phoenix,32.589183177828794
8829b6d003fffff,Phoenix,43.38195187843664
8829b6d005fffff,Phoenix,24.29154900951797
8829b6d007fffff,Phoenix,39.86661498309432
8829b6d009fffff,Phoenix,34.3306761438553
8829b6d00bfffff,Phoenix,43.56813791389923
8829b6d00dfffff,Phoenix,34.11428188776263
8829b6d011fffff,Phoenix,23.1260099037986
8829b6d013fffff,Phoenix,38.17786995842148
8829b6d015fffff,Phoenix,37.08168631407503
8829b6d017fffff,Phoenix,37.08391900311986
8829b6d019fffff,Phoenix,27.411691668764423
8829b6d01bfffff,Phoenix,37.159798110596576
8829b6d01dfffff,Phoenix,38.42770956806749
8829b6d021fffff,Phoenix,31.44231139070216
8829b6d023fffff,Phoenix,28.420603532541755
8829b6d025fffff,Phoenix,31.41168930551645
8829b6d027fffff,Phoenix,28.56910019929435
8829b6d029fffff,Phoenix,29.43788908949801
8829b6d02bfffff,Phoenix,39.77166215518127
8829b6d02dfffff,Phoenix,30.33237581481561
8829b6d031fffff,Phoenix,46.433602857531525
8829b6d033fffff,Phoenix,35.25118349833766
8829b6d035fffff,Phoenix,28.649741337019545
8829b6d037fffff,Phoenix,34.279103601617486
8829b6d039fffff,Phoenix,31.02343926371965
8829b6d03bfffff,Phoenix,48.891121700930064
8829b6d03dfffff,Phoenix,38.63972547696881
8829b6d041fffff,Phoenix,32.33131829627609
8829b6d043fffff,Phoenix,42.4667004331113
8829b6d045fffff,Phoenix,22.00370015431268
8829b6d047fffff,Phoenix,33.94553588643668
8829b6d049fffff,Phoenix,40.383733440902965
8829b6d04bfffff,Phoenix,39.68736069748882
8829b6d04dfffff,Phoenix,41.74102831772328
8829b6d051fffff,Phoenix,36.63319265462378
8829b6d053fffff,Phoenix,38.66082536063568
8829b6d055fffff,Phoenix,41.391810438778386
8829b6d057fffff,Phoenix,38.2692607182953
8829b6d059fffff,Phoenix,43.9342666702286
8829b6d05bfffff,Phoenix,33.79944123066119
8829b6d05dfffff,Phoenix,33.26783355130054
8829b6d061fffff,Phoenix,43.65292951012123
8829b6d063fffff,Phoenix,35.75315636818372
8829b6d065fffff,Phoenix,41.93138697421592
8829b6d067fffff,Phoenix,31.6049294150528
8829b6d069fffff,Phoenix,35.384290693315414
8829b6d06bfffff,Phoenix,30.78779329929902
8829b6d06dfffff,Phoenix,38.536421157667
8829b6d081fffff,Phoenix,34.70320473334309
8829b6d083fffff,Phoenix,22.014139425203535
8829b6d085fffff,Phoenix,32.88804752027427
8829b6d087fffff,Phoenix,29.307859249217856
8829b6d089fffff,Phoenix,37.50125915215767
8829b6d08bfffff,Phoenix,20.11984947993109
8829b6d08dfffff,Phoenix,29.978661259398912
8829b6d091fffff,Phoenix,21.485293508453136
8829b6d093fffff,Phoenix,25.670508993443526
8829b6d095fffff,Phoenix,22.002631637615853
8829b6d097fffff,Phoenix,31.090707913803957
8829b6d099fffff,Phoenix,34.283471885469744
8829b6d09bfffff,Phoenix,27.393804388248814
8829b6d09dfffff,Phoenix,29.39219210474989
8829b6d0a1fffff,Phoenix,31.490173400306
8829b6d0a3fffff,Phoenix,29.43231596551317
8829b6d0a5fffff,Phoenix,48.142487484887496
8829b6d0a7fffff,Phoenix,42.133954069910054
8829b6d0a9fffff,Phoenix,32.77104064052809
8829b6d0abfffff,Phoenix,34.20608496639526
8829b6d0adfffff,Phoenix,35.74427376928306
8829b6d0b1fffff,Phoenix,32.90645902307194
8829b6d0b3fffff,Phoenix,28.73435368622174
8829b6d0b5fffff,Phoenix,27.582953801554712
8829b6d0b7fffff,Phoenix,29.21262145434914
8829b6d0b9fffff,Phoenix,33.59829266356093
8829b6d0bbfffff,Phoenix,22.147954030152942
8829b6d0bdfffff,Phoenix,34.26078268075352
8829b6d0c1fffff,Phoenix,37.924001884211016
8829b6d0c3fffff,Phoenix,29.6635268624893
8829b6d0c5fffff,Phoenix,37.883379018904186
8829b6d0c7fffff,Phoenix,31.65029681301193
8829b6d0c9fffff,Phoenix,29.764853064270355
8829b6d0cbfffff,Phoenix,24.247922301155533
8829b6d0cdfffff,Phoenix,33.075947170167346
8829b6d0d1fffff,Phoenix,35.761298308093444
8829b6d0d3fffff,Phoenix,30.713368961859455
8829b6d0d5fffff,Phoenix,36.99006221209086
8829b6d0d7fffff,Phoenix,23.9624434221382
8829b6d0d9fffff,Phoenix,27.66996707370969
8829b6d0dbfffff,Phoenix,33.57849894019433
8829b6d0ddfffff,Phoenix,33.05451563010307
8829b6d0e1fffff,Phoenix,33.05446311715763
8829b6d0e3fffff,Phoenix,26.269513518407056
8829b6d0e5fffff,Phoenix,40.68008686180226
8829b6d0e7fffff,Phoenix,21.27242047212727
8829b6d0e9fffff,Phoenix,39.213352629998866
8829b6d0ebfffff,Phoenix,41.184203989214865
8829b6d0edfffff,Phoenix,33.48806321001821
8829b6d101fffff,Phoenix,33.43677446604724
8829b6d103fffff,Phoenix,26.953191622861546
8829b6d105fffff,Phoenix,21.904670158439377
8829b6d107fffff,Phoenix,16.33498794249483
8829b6d109fffff,Phoenix,37.35498546544586
8829b6d10bfffff,Phoenix,42.526003472282284
8829b6d10dfffff,Phoenix,26.221229724690055
8829b6d111fffff,Phoenix,33.60644872522423
8829b6d113fffff,Phoenix,27.42000737064837
8829b6d115fffff,Phoenix,34.23124412468356
8829b6d117fffff,Phoenix,31.70437705233885
8829b6d119fffff,Phoenix,31.606840703086615
8829b6d11bfffff,Phoenix,36.58418269262196
8829b6d11dfffff,Phoenix,34.05308089295279
8829b6d121fffff,Phoenix,16.55069896269578
8829b6d123fffff,Phoenix,17.638014324326235
8829b6d125fffff,Phoenix,18.66740089690894
8829b6d127fffff,Phoenix,19.755006183234027
8829b6d129fffff,Phoenix,25.95225162184963
8829b6d12bfffff,Phoenix,16.579990268132462
8829b6d12dfffff,Phoenix,22.364736121739497
8829b6d131fffff,Phoenix,17.61389057395035
8829b6d133fffff,Phoenix,18.68583487290264
8829b6d135fffff,Phoenix,4.420568709060154
8829b6d137fffff,Phoenix,1.8590946504763266
8829b6d139fffff,Phoenix,31.676305786252623
8829b6d13bfffff,Phoenix,26.349147849093136
8829b6d13dfffff,Phoenix,20.594252055890376
8829b6d141fffff,Phoenix,33.93572112803337
8829b6d143fffff,Phoenix,37.401862294594046
8829b6d145fffff,Phoenix,30.33269529878207
8829b6d147fffff,Phoenix,38.77616142169267
8829b6d149fffff,Phoenix,35.689822374112715
8829b6d14bfffff,Phoenix,36.85742897162736
8829b6d14dfffff,Phoenix,31.541933859979164
8829b6d151fffff,Phoenix,28.043722167221134
8829b6d153fffff,Phoenix,44.06754878039337
8829b6d155fffff,Phoenix,41.447095735635735
8829b6d157fffff,Phoenix,44.989906845314906
8829b6d159fffff,Phoenix,34.428450419009565
8829b6d15bfffff,Phoenix,36.25398603580577
8829b6d15dfffff,Phoenix,40.73528902320266
8829b6d161fffff,Phoenix,34.44251178362327
8829b6d163fffff,Phoenix,32.74499476890059
8829b6d165fffff,Phoenix,34.911017161967294
8829b6d167fffff,Phoenix,30.552903211124125
8829b6d169fffff,Phoenix,24.616481949574123
8829b6d16bfffff,Phoenix,34.23515234726331
8829b6d16dfffff,Phoenix,34.01500112697989
8829b6d181fffff,Phoenix,27.251762951917488
8829b6d183fffff,Phoenix,26.08254635990927
8829b6d185fffff,Phoenix,35.822426400424355
8829b6d187fffff,Phoenix,40.831404969963586
8829b6d189fffff,Phoenix,20.335299132269622
8829b6d18bfffff,Phoenix,21.972736489388616
8829b6d18dfffff,Phoenix,26.573522804667196
8829b6d191fffff,Phoenix,33.401968652488755
8829b6d193fffff,Phoenix,38.64343601103811
8829b6d195fffff,Phoenix,28.226154712709953
8829b6d197fffff,Phoenix,37.68050663194554
8829b6d199fffff,Phoenix,38.632963845621504
8829b6d19bfffff,Phoenix,34.02791453402075
8829b6d19dfffff,Phoenix,31.52838140310372
8829b6d1a1fffff,Phoenix,25.603462682345917
8829b6d1a3fffff,Phoenix,29.02037206783634
8829b6d1a5fffff,Phoenix,8.704304542726156
8829b6d1a7fffff,Phoenix,19.18666795168034
8829b6d1a9fffff,Phoenix,26.439829649035556
8829b6d1abfffff,Phoenix,34.51741015614538
8829b6d1adfffff,Phoenix,3.937206551915775
8829b6d1b1fffff,Phoenix,1.4202653227484932
8829b6d1b3fffff,Phoenix,0.12098555367554056
8829b6d1b5fffff,Phoenix,17.78425122178397
8829b6d1b7fffff,Phoenix,1.1343973823226488
8829b6d1b9fffff,Phoenix,19.904312186585567
8829b6d1bbfffff,Phoenix,22.85674156219473
8829b6d1bdfffff,Phoenix,24.804787446454146
8829b6d1c1fffff,Phoenix,21.55092899608092
8829b6d1c3fffff,Phoenix,27.37955582210941
8829b6d1c5fffff,Phoenix,24.520262952832063
8829b6d1c7fffff,Phoenix,19.5633616666306
8829b6d1c9fffff,Phoenix,25.23892602456311
8829b6d1cbfffff,Phoenix,27.98857587669874
8829b6d1cdfffff,Phoenix,27.197672651404737
8829b6d1d1fffff,Phoenix,35.19823026776322
8829b6d1d3fffff,Phoenix,42.66028451949793
8829b6d1d5fffff,Phoenix,26.472568902384825
8829b6d1d7fffff,Phoenix,34.26414081620303
8829b6d1d9fffff,Phoenix,31.962113744247734
8829b6d1dbfffff,Phoenix,29.988716739316377
8829b6d1ddfffff,Phoenix,33.02485388487153
8829b6d1e1fffff,Phoenix,36.272084780232866
8829b6d1e3fffff,Phoenix,29.41188422475973
8829b6d1e5fffff,Phoenix,23.716201735470346
8829b6d1e7fffff,Phoenix,29.22362735333452
8829b6d1e9fffff,Phoenix,25.922204769424468
8829b6d1ebfffff,Phoenix,26.38138139829794
8829b6d1edfffff,Phoenix,30.433669358967723
8829b6d201fffff,Phoenix,23.981988527538505
8829b6d203fffff,Phoenix,31.67707420590462
8829b6d205fffff,Phoenix,22.008786601073673
8829b6d207fffff,Phoenix,32.920316183554164
8829b6d209fffff,Phoenix,22.658402513828367
8829b6d20bfffff,Phoenix,22.830141345994274
8829b6d20dfffff,Phoenix,22.73935546835071
8829b6d211fffff,Phoenix,27.637062982724284
8829b6d213fffff,Phoenix,25.52499860458206
8829b6d215fffff,Phoenix,26.833111268288672
8829b6d217fffff,Phoenix,41.4334025372004
8829b6d219fffff,Phoenix,19.503897345292625
8829b6d21bfffff,Phoenix,23.0293785206871
8829b6d21dfffff,Phoenix,25.78585915617075
8829b6d221fffff,Phoenix,32.842262292630785
8829b6d223fffff,Phoenix,39.61584976985728
8829b6d225fffff,Phoenix,30.066830658565475
8829b6d227fffff,Phoenix,31.171451161626752
8829b6d229fffff,Phoenix,31.01852627023349
8829b6d22bfffff,Phoenix,32.81066667628336
8829b6d22dfffff,Phoenix,42.75570329213312
8829b6d231fffff,Phoenix,28.015285907108037
8829b6d233fffff,Phoenix,35.51976189682638
8829b6d235fffff,Phoenix,31.390478940013782
8829b6d237fffff,Phoenix,29.998212260002273
8829b6d239fffff,Phoenix,30.170196553773803
8829b6d23bfffff,Phoenix,39.30239205835681
8829b6d23dfffff,Phoenix,34.07217945460663
8829b6d241fffff,Phoenix,25.353942901001904
8829b6d243fffff,Phoenix,16.522122522279616
8829b6d245fffff,Phoenix,19.001856319361593
8829b6d247fffff,Phoenix,27.249958429949725
8829b6d249fffff,Phoenix,8.096266688030092
8829b6d24bfffff,Phoenix,13.534351970849293
8829b6d24dfffff,Phoenix,4.86025729328191
8829b6d251fffff,Phoenix,25.099295265533367
8829b6d253fffff,Phoenix,18.46710897536389
8829b6d255fffff,Phoenix,20.078753638743493
8829b6d257fffff,Phoenix,17.835484709657585
8829b6d259fffff,Phoenix,18.138917713410002
8829b6d25bfffff,Phoenix,22.251443022542148
8829b6d25dfffff,Phoenix,25.330942806120795
8829b6d261fffff,Phoenix,30.744447645541282
8829b6d263fffff,Phoenix,32.77872657901404
8829b6d265fffff,Phoenix,36.85093568666986
8829b6d267fffff,Phoenix,31.374915672873545
8829b6d269fffff,Phoenix,22.948312731726126
8829b6d26bfffff,Phoenix,20.10151415866558
8829b6d26dfffff,Phoenix,24.307686778657047
8829b6d281fffff,Phoenix,23.112355900354792
8829b6d283fffff,Phoenix,31.108897180194734
8829b6d285fffff,Phoenix,41.14926090899913
8829b6d287fffff,Phoenix,42.943127688548024
8829b6d289fffff,Phoenix,24.992212719932386
8829b6d28bfffff,Phoenix,21.337160947581197
8829b6d28dfffff,Phoenix,27.229875674451772
8829b6d291fffff,Phoenix,26.141195115420462
8829b6d293fffff,Phoenix,25.870122816146687
8829b6d295fffff,Phoenix,28.215038625369623
8829b6d297fffff,Phoenix,25.202688084084034
8829b6d299fffff,Phoenix,36.84933546218079
8829b6d29bfffff,Phoenix,20.893888934828425
8829b6d29dfffff,Phoenix,16.93731784688138
8829b6d2a1fffff,Phoenix,26.488107762589447
8829b6d2a3fffff,Phoenix,21.722987653727547
8829b6d2a5fffff,Phoenix,28.252422789852897
8829b6d2a7fffff,Phoenix,37.642977485536385
8829b6d2a9fffff,Phoenix,39.299283034547315
8829b6d2abfffff,Phoenix,30.392128581373054
8829b6d2adfffff,Phoenix,34.202804028482234
8829b6d2b1fffff,Phoenix,29.328058632157646
8829b6d2b3fffff,Phoenix,38.532371233003204
8829b6d2b5fffff,Phoenix,24.73752497412304
8829b6d2b7fffff,Phoenix,28.702838820244818
8829b6d2b9fffff,Phoenix,36.34471972343983
8829b6d2bbfffff,Phoenix,36.551975580714846
8829b6d2bdfffff,Phoenix,34.43239774382146
8829b6d2c1fffff,Phoenix,31.118466894825623
8829b6d2c3fffff,Phoenix,29.57672663999008
8829b6d2c5fffff,Phoenix,41.26543927906235
8829b6d2c7fffff,Phoenix,35.31745432307617
8829b6d2c9fffff,Phoenix,35.34947237074193
8829b6d2cbfffff,Phoenix,32.87485447161592
8829b6d2cdfffff,Phoenix,39.51072975747628
8829b6d2d1fffff,Phoenix,29.915794000768784
8829b6d2d3fffff,Phoenix,24.694002535949092
8829b6d2d5fffff,Phoenix,24.590887680099982
8829b6d2d7fffff,Phoenix,24.397659321779432
8829b6d2d9fffff,Phoenix,21.69546220927169
8829b6d2dbfffff,Phoenix,23.287695269455877
8829b6d2ddfffff,Phoenix,18.572953769864565
8829b6d2e1fffff,Phoenix,36.11533037154489
8829b6d2e3fffff,Phoenix,25.055875222454155
8829b6d2e5fffff,Phoenix,37.96032124888165
8829b6d2e7fffff,Phoenix,33.78447943234962
8829b6d2e9fffff,Phoenix,24.29058837232821
8829b6d2ebfffff,Phoenix,30.821557494836153
8829b6d2edfffff,Phoenix,33.52914918511885
8829b6d301fffff,Phoenix,33.48218756289132
8829b6d303fffff,Phoenix,39.734106025845406
8829b6d305fffff,Phoenix,37.16802614023597
8829b6d307fffff,Phoenix,34.96628687214987
8829b6d309fffff,Phoenix,38.44409011257327
8829b6d30bfffff,Phoenix,30.469210339099067
8829b6d30dfffff,Phoenix,34.428613812383496
8829b6d311fffff,Phoenix,36.340111737833304
8829b6d313fffff,Phoenix,23.42662825424721
8829b6d315fffff,Phoenix,44.44445593065071
8829b6d317fffff,Phoenix,35.23086965736727
8829b6d319fffff,Phoenix,39.90487031655815
8829b6d31bfffff,Phoenix,33.98828628393811
8829b6d31dfffff,Phoenix,42.100018949581944
8829b6d321fffff,Phoenix,40.039761704139444
8829b6d323fffff,Phoenix,32.73677838776161
8829b6d325fffff,Phoenix,33.163845172235916
8829b6d327fffff,Phoenix,33.92179003967531
8829b6d329fffff,Phoenix,34.883678920112956
8829b6d32bfffff,Phoenix,41.69605762497713
8829b6d32dfffff,Phoenix,30.83779606945963
8829b6d331fffff,Phoenix,27.582835654381277
8829b6d333fffff,Phoenix,21.7226873478532
8829b6d335fffff,Phoenix,39.62961416813361
8829b6d337fffff,Phoenix,32.26397853470108
8829b6d339fffff,Phoenix,36.14049409570788
8829b6d33bfffff,Phoenix,34.787306444824246
8829b6d33dfffff,Phoenix,35.39300541645817
8829b6d341fffff,Phoenix,25.821651271938062
8829b6d343fffff,Phoenix,30.218161535699437
8829b6d345fffff,Phoenix,38.446527405794086
8829b6d347fffff,Phoenix,32.7636617799614
8829b6d349fffff,Phoenix,17.179882311161936
8829b6d34bfffff,Phoenix,37.409998274157445
8829b6d34dfffff,Phoenix,31.688232589807004
8829b6d351fffff,Phoenix,31.856715982312462
8829b6d353fffff,Phoenix,37.42244945972518
8829b6d355fffff,Phoenix,39.2811997071355
8829b6d357fffff,Phoenix,37.84397859303122
8829b6d359fffff,Phoenix,38.60783443573462
8829b6d35bfffff,Phoenix,28.35759340755226
8829b6d35dfffff,Phoenix,32.146542071218796
8829b6d361fffff,Phoenix,35.94777019985971
8829b6d363fffff,Phoenix,40.062190591954895
8829b6d365fffff,Phoenix,14.132090195011001
8829b6d367fffff,Phoenix,40.09751101999999
8829b6d369fffff,Phoenix,42.34304722144699
8829b6d36bfffff,Phoenix,36.47429421788777
8829b6d36dfffff,Phoenix,23.282483441434117
8829b6d401fffff,Phoenix,22.570953779682643
8829b6d403fffff,Phoenix,18.572451797684344
8829b6d405fffff,Phoenix,17.15269179635162
8829b6d407fffff,Phoenix,16.185640943008917
8829b6d409fffff,Phoenix,25.735849677534937
8829b6d40bfffff,Phoenix,13.121896323603863
8829b6d40dfffff,Phoenix,24.703881252234762
8829b6d411fffff,Phoenix,20.626186336767372
8829b6d413fffff,Phoenix,19.749512421612568
8829b6d415fffff,Phoenix,35.019637767496306
8829b6d417fffff,Phoenix,40.36358960280844
8829b6d419fffff,Phoenix,32.4161400622999
8829b6d41bfffff,Phoenix,16.345219138205128
8829b6d41dfffff,Phoenix,17.60712163509505
8829b6d421fffff,Phoenix,22.634144816178214
8829b6d423fffff,Phoenix,24.771814200775253
8829b6d425fffff,Phoenix,22.722851972189023
8829b6d427fffff,Phoenix,26.051908024655994
8829b6d429fffff,Phoenix,27.100376340906255
8829b6d42bfffff,Phoenix,22.46432301580366
8829b6d42dfffff,Phoenix,19.146701043173817
8829b6d431fffff,Phoenix,25.165539523093983
8829b6d433fffff,Phoenix,15.377688196437461
8829b6d435fffff,Phoenix,24.7216846314145
8829b6d437fffff,Phoenix,21.434952000381898
8829b6d439fffff,Phoenix,31.235584109740866
8829b6d43bfffff,Phoenix,22.74411931861764
8829b6d43dfffff,Phoenix,27.1263440109886
8829b6d441fffff,Phoenix,7.366460157276626
8829b6d443fffff,Phoenix,18.70539151503921
8829b6d445fffff,Phoenix,20.563846560121156
8829b6d447fffff,Phoenix,16.981700325054224
8829b6d449fffff,Phoenix,14.292757951843122
8829b6d44bfffff,Phoenix,18.454964328403143
8829b6d44dfffff,Phoenix,27.422804561453358
8829b6d451fffff,Phoenix,17.50222329038814
8829b6d453fffff,Phoenix,24.57174770129033
8829b6d455fffff,Phoenix,27.918443410307468
8829b6d457fffff,Phoenix,21.379820293126308
8829b6d459fffff,Phoenix,14.986259224034862
8829b6d45bfffff,Phoenix,14.449320294565137
8829b6d45dfffff,Phoenix,20.433321716013413
8829b6d461fffff,Phoenix,21.815603699483592
8829b6d463fffff,Phoenix,33.907368209953646
8829b6d465fffff,Phoenix,32.69706051395359
8829b6d467fffff,Phoenix,32.18517698999709
8829b6d469fffff,Phoenix,25.916654760878185
8829b6d46bfffff,Phoenix,24.23166156172357
8829b6d46dfffff,Phoenix,25.12405683216285
8829b6d481fffff,Phoenix,18.829285132309654
8829b6d483fffff,Phoenix,7.634459689126577
8829b6d485fffff,Phoenix,22.222908785125746
8829b6d487fffff,Phoenix,6.3888182746590765
8829b6d489fffff,Phoenix,12.133267555356355
8829b6d48bfffff,Phoenix,0.5013443780237147
8829b6d48dfffff,Phoenix,2.021103625496917
8829b6d4a1fffff,Phoenix,13.839159275526335
8829b6d4a3fffff,Phoenix,13.09788599174486
8829b6d4a5fffff,Phoenix,17.34456736895149
8829b6d4a7fffff,Phoenix,22.75022155783718
8829b6d4a9fffff,Phoenix,13.601062167021052
8829b6d4abfffff,Phoenix,20.59854119103541
8829b6d4adfffff,Phoenix,28.918231816122855
8829b6d4b1fffff,Phoenix,2.5621005269979413
8829b6d4b3fffff,Phoenix,2.7291575762034728
8829b6d4b5fffff,Phoenix,10.435344520867561
8829b6d4b7fffff,Phoenix,1.427314659425144
8829b6d4b9fffff,Phoenix,4.451347004817703
8829b6d4bbfffff,Phoenix,0.08917279662981974
8829b6d4bdfffff,Phoenix,7.929912470913282
8829b6d4c1fffff,Phoenix,27.09934400758677
8829b6d4c3fffff,Phoenix,12.955721740347787
8829b6d4c5fffff,Phoenix,14.075026624472855
8829b6d4c7fffff,Phoenix,29.183690765368866
8829b6d4c9fffff,Phoenix,18.31429557182437
8829b6d4cbfffff,Phoenix,0.882425270563288
8829b6d4cdfffff,Phoenix,20.233799928772868
8829b6d4d5fffff,Phoenix,0.8534668214522467
8829b6d4e1fffff,Phoenix,17.301415442903437
8829b6d4e3fffff,Phoenix,27.347628629880774
8829b6d4e5fffff,Phoenix,14.763518369070878
8829b6d4e7fffff,Phoenix,21.76191810919103
8829b6d4e9fffff,Phoenix,18.330648078908926
8829b6d4ebfffff,Phoenix,5.082510036824989
8829b6d4edfffff,Phoenix,17.871126097632825
8829b6d501fffff,Phoenix,21.55961361190788
8829b6d503fffff,Phoenix,11.842497351587241
8829b6d505fffff,Phoenix,24.7513425034254
8829b6d507fffff,Phoenix,12.695990822279073
8829b6d509fffff,Phoenix,21.639628842246147
8829b6d50bfffff,Phoenix,19.852338129266165
8829b6d50dfffff,Phoenix,18.155169862079404
8829b6d511fffff,Phoenix,28.22679460524124
8829b6d513fffff,Phoenix,18.41914067628442
8829b6d515fffff,Phoenix,17.295876741492133
8829b6d517fffff,Phoenix,16.21273745509227
8829b6d519fffff,Phoenix,19.48917547035799
8829b6d51bfffff,Phoenix,25.132866343260147
8829b6d51dfffff,Phoenix,17.406378539823685
8829b6d521fffff,Phoenix,28.77696092050794
8829b6d523fffff,Phoenix,29.505834999366293
8829b6d525fffff,Phoenix,31.91956862125111
8829b6d527fffff,Phoenix,21.667574630909264
8829b6d529fffff,Phoenix,17.6070952696008
8829b6d52bfffff,Phoenix,29.499748848921293
8829b6d52dfffff,Phoenix,20.09893170645023
8829b6d531fffff,Phoenix,17.339370816250838
8829b6d533fffff,Phoenix,22.55021123661061
8829b6d535fffff,Phoenix,27.72592383161324
8829b6d537fffff,Phoenix,21.38041119261079
8829b6d539fffff,Phoenix,22.716165099671713
8829b6d53bfffff,Phoenix,11.026568953267402
8829b6d53dfffff,Phoenix,21.590816935635967
8829b6d541fffff,Phoenix,20.965448455231332
8829b6d543fffff,Phoenix,36.54676349332138
8829b6d545fffff,Phoenix,28.113246798151017
8829b6d547fffff,Phoenix,23.875097221782248
8829b6d549fffff,Phoenix,30.224598711511476
8829b6d54bfffff,Phoenix,21.68598569308133
8829b6d54dfffff,Phoenix,29.957508426535117
8829b6d551fffff,Phoenix,27.89840164221626
8829b6d553fffff,Phoenix,20.39486054568406
8829b6d555fffff,Phoenix,20.33193901751623
8829b6d557fffff,Phoenix,32.13721290167527
8829b6d559fffff,Phoenix,24.459650613963067
8829b6d55bfffff,Phoenix,31.35519202826751
8829b6d55dfffff,Phoenix,22.657000912479127
8829b6d561fffff,Phoenix,25.505481055540827
8829b6d563fffff,Phoenix,18.77862808350007
8829b6d565fffff,Phoenix,20.422820770190565
8829b6d567fffff,Phoenix,22.600571353056452
8829b6d569fffff,Phoenix,20.415924529413488
8829b6d56bfffff,Phoenix,34.03770727909296
8829b6d56dfffff,Phoenix,21.631740093267503
8829b6d581fffff,Phoenix,22.52210504024541
8829b6d583fffff,Phoenix,27.8177289888462
8829b6d585fffff,Phoenix,36.08609005595484
8829b6d587fffff,Phoenix,26.26311370342958
8829b6d589fffff,Phoenix,46.83132956272066
8829b6d58bfffff,Phoenix,32.29858604605226
8829b6d58dfffff,Phoenix,45.91879282977403
8829b6d591fffff,Phoenix,17.64872480786821
8829b6d593fffff,Phoenix,18.107226847821106
8829b6d595fffff,Phoenix,22.146866342671213
8829b6d597fffff,Phoenix,14.745727460817065
8829b6d599fffff,Phoenix,17.8102217767124
8829b6d59bfffff,Phoenix,22.07363843480569
8829b6d59dfffff,Phoenix,16.916916518393183
8829b6d5a1fffff,Phoenix,21.056006441071027
8829b6d5a3fffff,Phoenix,20.482314565803748
8829b6d5a5fffff,Phoenix,16.764436061108665
8829b6d5a7fffff,Phoenix,24.962442430830645
8829b6d5a9fffff,Phoenix,29.028143420266975
8829b6d5abfffff,Phoenix,32.47954213560254
8829b6d5adfffff,Phoenix,14.401402678902095
8829b6d5b1fffff,Phoenix,18.317814199004893
8829b6d5b3fffff,Phoenix,20.698884902934793
8829b6d5b5fffff,Phoenix,24.72079472280927
8829b6d5b7fffff,Phoenix,23.45222651896499
8829b6d5b9fffff,Phoenix,15.752563093393075
8829b6d5bbfffff,Phoenix,21.878566223608264
8829b6d5bdfffff,Phoenix,25.631638441865924
8829b6d5c1fffff,Phoenix,17.604496429378216
8829b6d5c3fffff,Phoenix,18.3635590737364
8829b6d5c5fffff,Phoenix,22.341813945520702
8829b6d5c7fffff,Phoenix,24.180533528427613
8829b6d5c9fffff,Phoenix,29.232141647038805
8829b6d5cbfffff,Phoenix,17.632217547280145
8829b6d5cdfffff,Phoenix,33.964299086786326
8829b6d5d1fffff,Phoenix,22.049014007731465
8829b6d5d3fffff,Phoenix,38.2421943901956
8829b6d5d5fffff,Phoenix,20.407988231113645
8829b6d5d7fffff,Phoenix,22.581258415328957
8829b6d5d9fffff,Phoenix,21.627011862498772
8829b6d5dbfffff,Phoenix,15.209714278347967
8829b6d5ddfffff,Phoenix,12.514215463344087
8829b6d5e1fffff,Phoenix,23.81119031922598
8829b6d5e3fffff,Phoenix,58.401973149955985
8829b6d5e5fffff,Phoenix,25.26320175030541
8829b6d5e7fffff,Phoenix,40.37027586530556
8829b6d5e9fffff,Phoenix,19.646073302210844
8829b6d5ebfffff,Phoenix,26.21923474375058
8829b6d5edfffff,Phoenix,15.272158841695541
8829b6d601fffff,Phoenix,3.3020577945607164
8829b6d603fffff,Phoenix,5.438884345598746
8829b6d605fffff,Phoenix,1.6342002615199178
8829b6d607fffff,Phoenix,14.030015882415556
8829b6d609fffff,Phoenix,4.5938668433848315
8829b6d60bfffff,Phoenix,4.462281265644192
8829b6d60dfffff,Phoenix,8.029947888067152
8829b6d611fffff,Phoenix,13.324852904366132
8829b6d613fffff,Phoenix,4.999142995134765
8829b6d615fffff,Phoenix,5.852669955944592
8829b6d617fffff,Phoenix,7.63494158031657
8829b6d619fffff,Phoenix,5.236750830608506
8829b6d61bfffff,Phoenix,1.470685455419266
8829b6d61dfffff,Phoenix,3.3932759682181857
8829b6d621fffff,Phoenix,23.99097535835703
8829b6d623fffff,Phoenix,19.77999903439079
8829b6d625fffff,Phoenix,29.71718415465856
8829b6d627fffff,Phoenix,15.99456049352119
8829b6d629fffff,Phoenix,9.84252357030874
8829b6d62bfffff,Phoenix,8.381386813468637
8829b6d62dfffff,Phoenix,48.321995778000115
8829b6d631fffff,Phoenix,13.118582504257954
8829b6d633fffff,Phoenix,5.6077800894785845
8829b6d635fffff,Phoenix,17.168171621486074
8829b6d637fffff,Phoenix,15.857794006596665
8829b6d639fffff,Phoenix,11.08180044688999
8829b6d63bfffff,Phoenix,8.212525012164683
8829b6d63dfffff,Phoenix,23.871339918878114
8829b6d641fffff,Phoenix,16.497904284545648
8829b6d643fffff,Phoenix,2.1795291704604707
8829b6d645fffff,Phoenix,19.25643789259758
8829b6d647fffff,Phoenix,17.433789010920393
8829b6d649fffff,Phoenix,10.05529625948336
8829b6d64dfffff,Phoenix,23.507125517704708
8829b6d651fffff,Phoenix,8.199067807369255
8829b6d653fffff,Phoenix,1.03488128250543
8829b6d655fffff,Phoenix,0.302521072139079
8829b6d657fffff,Phoenix,6.738010773727086
8829b6d659fffff,Phoenix,5.252380631081906
8829b6d65dfffff,Phoenix,4.400414923597669
8829b6d661fffff,Phoenix,21.940060045244877
8829b6d663fffff,Phoenix,10.355675637912716
8829b6d665fffff,Phoenix,20.184205604879573
8829b6d667fffff,Phoenix,31.985912340108335
8829b6d669fffff,Phoenix,24.55568309154084
8829b6d66bfffff,Phoenix,15.177486704353855
8829b6d66dfffff,Phoenix,34.61191306356964
8829b6d6a1fffff,Phoenix,19.120668391272996
8829b6d6a3fffff,Phoenix,8.369612548710517
8829b6d6a5fffff,Phoenix,7.1510238680540805
8829b6d6a7fffff,Phoenix,21.30993424856219
8829b6d6a9fffff,Phoenix,14.017982664738758
8829b6d6abfffff,Phoenix,1.7035887262886138
8829b6d6adfffff,Phoenix,5.195438010824999
8829b6d6b5fffff,Phoenix,0.3661475541375781
8829b6d6c5fffff,Phoenix,1.062628304130492
8829b6d6e1fffff,Phoenix,7.101463918206505
8829b6d6e3fffff,Phoenix,3.148419168118988
8829b6d6e5fffff,Phoenix,6.981743838743089
8829b6d6e7fffff,Phoenix,7.677943665891287
8829b6d6e9fffff,Phoenix,7.01363935399336
8829b6d6ebfffff,Phoenix,1.2644949521952027
8829b6d701fffff,Phoenix,28.09224917503584
8829b6d703fffff,Phoenix,13.490040510856463
8829b6d705fffff,Phoenix,24.61365116281217
8829b6d707fffff,Phoenix,19.70191549624291
8829b6d709fffff,Phoenix,16.944341980017974
8829b6d70bfffff,Phoenix,24.179416420764362
8829b6d70dfffff,Phoenix,18.748825391901462
8829b6d711fffff,Phoenix,19.750695444314275
8829b6d713fffff,Phoenix,27.392987446359815
8829b6d715fffff,Phoenix,14.983798793793866
8829b6d717fffff,Phoenix,18.987697141857094
8829b6d719fffff,Phoenix,30.86830372667019
8829b6d71bfffff,Phoenix,32.26148168561192
8829b6d71dfffff,Phoenix,17.723374334993917
8829b6d721fffff,Phoenix,22.703353391424123
8829b6d723fffff,Phoenix,28.162475994574052
8829b6d725fffff,Phoenix,33.79832647564953
8829b6d727fffff,Phoenix,20.76800095683687
8829b6d729fffff,Phoenix,30.696821824007134
8829b6d72bfffff,Phoenix,23.303515539422726
8829b6d72dfffff,Phoenix,30.34759234239609
8829b6d731fffff,Phoenix,19.610418866517463
8829b6d733fffff,Phoenix,26.0356159242328
8829b6d735fffff,Phoenix,19.897961524392674
8829b6d737fffff,Phoenix,27.77417993851312
8829b6d739fffff,Phoenix,11.603363483483879
8829b6d73bfffff,Phoenix,16.18541919557476
8829b6d73dfffff,Phoenix,12.015980387812537
8829b6d741fffff,Phoenix,19.740972831910923
8829b6d743fffff,Phoenix,18.293556962772044
8829b6d745fffff,Phoenix,19.77101069230493
8829b6d747fffff,Phoenix,20.605050229035474
8829b6d749fffff,Phoenix,23.181148645488904
8829b6d74bfffff,Phoenix,18.782264306884684
8829b6d74dfffff,Phoenix,20.653142963885422
8829b6d751fffff,Phoenix,15.548363501001873
8829b6d753fffff,Phoenix,44.147380137133474
8829b6d755fffff,Phoenix,18.70539549836997
8829b6d757fffff,Phoenix,21.335079664270612
8829b6d759fffff,Phoenix,20.581167472449213
8829b6d75bfffff,Phoenix,39.18703577602908
8829b6d75dfffff,Phoenix,18.035033313711708
8829b6d761fffff,Phoenix,33.515279199965505
8829b6d763fffff,Phoenix,29.087344370349427
8829b6d765fffff,Phoenix,30.81585408201397
8829b6d767fffff,Phoenix,27.545399329911817
8829b6d769fffff,Phoenix,25.185487530977756
8829b6d76bfffff,Phoenix,23.806315452448782
8829b6d76dfffff,Phoenix,21.835840795359516
8829b6d801fffff,Phoenix,39.43057349794249
8829b6d803fffff,Phoenix,19.753025657926976
8829b6d807fffff,Phoenix,12.575479599585181
8829b6d809fffff,Phoenix,16.91904737326855
8829b6d80bfffff,Phoenix,22.82845620845217
8829b6d80dfffff,Phoenix,3.2639619989930124
8829b6d811fffff,Phoenix,13.624994790886369
8829b6d813fffff,Phoenix,17.81543631121744
8829b6d815fffff,Phoenix,15.610202166421526
8829b6d817fffff,Phoenix,19.427803294588095
8829b6d819fffff,Phoenix,12.409907542524033
8829b6d81bfffff,Phoenix,15.682839915330707
8829b6d81dfffff,Phoenix,22.127346527381324
8829b6d831fffff,Phoenix,19.56104258838545
8829b6d833fffff,Phoenix,23.74115257462344
8829b6d835fffff,Phoenix,0.7379528308733182
8829b6d837fffff,Phoenix,14.052240151866616
8829b6d839fffff,Phoenix,17.965564326274567
8829b6d83bfffff,Phoenix,21.72295668203448
8829b6d83dfffff,Phoenix,0.9821729205338492
8829b6d841fffff,Phoenix,10.852752971004149
8829b6d843fffff,Phoenix,11.415363743397773
8829b6d845fffff,Phoenix,0.5673637552311673
8829b6d847fffff,Phoenix,13.461438370864974
8829b6d849fffff,Phoenix,15.626082685338892
8829b6d84bfffff,Phoenix,14.370519576814692
8829b6d84dfffff,Phoenix,4.010524074268899
8829b6d851fffff,Phoenix,12.690728721302548
8829b6d853fffff,Phoenix,11.524823994311152
8829b6d855fffff,Phoenix,16.746077292779635
8829b6d857fffff,Phoenix,14.979268662805708
8829b6d859fffff,Phoenix,14.51455215496159
8829b6d85bfffff,Phoenix,15.313881810158708
8829b6d85dfffff,Phoenix,14.22395209855074
8829b6d863fffff,Phoenix,0.44722477111029313
8829b6d881fffff,Phoenix,28.698128654938287
8829b6d883fffff,Phoenix,24.11772694422607
8829b6d885fffff,Phoenix,19.416638767270207
8829b6d887fffff,Phoenix,21.258517226176647
8829b6d889fffff,Phoenix,21.732167217380507
8829b6d88bfffff,Phoenix,22.90577344171908
8829b6d88dfffff,Phoenix,21.684150199691334
8829b6d891fffff,Phoenix,37.04222796001813
8829b6d893fffff,Phoenix,15.151581977669132
8829b6d895fffff,Phoenix,25.612965115437277
8829b6d897fffff,Phoenix,25.738021717410213
8829b6d899fffff,Phoenix,22.28412061602363
8829b6d89bfffff,Phoenix,38.01215025452592
8829b6d89dfffff,Phoenix,17.17446617356787
8829b6d8a1fffff,Phoenix,23.258017644084845
8829b6d8a3fffff,Phoenix,13.708923497581974
8829b6d8a5fffff,Phoenix,12.086121008944284
8829b6d8a7fffff,Phoenix,0.4755875850526598
8829b6d8a9fffff,Phoenix,16.957839700411718
8829b6d8abfffff,Phoenix,25.2700575150609
8829b6d8adfffff,Phoenix,18.48916686696454
8829b6d8b1fffff,Phoenix,22.12651074560708
8829b6d8b3fffff,Phoenix,13.750513409884066
8829b6d8b5fffff,Phoenix,12.550582787487441
8829b6d8b7fffff,Phoenix,1.254217008244764
8829b6d8b9fffff,Phoenix,39.46582333769991
8829b6d8bbfffff,Phoenix,21.25181402490573
8829b6d8bdfffff,Phoenix,22.04634214185698
8829b6d8c1fffff,Phoenix,27.764094431332314
8829b6d8c3fffff,Phoenix,27.434510799641075
8829b6d8c5fffff,Phoenix,16.053350024158245
8829b6d8c7fffff,Phoenix,22.086120196086302
8829b6d8c9fffff,Phoenix,40.30470027148873
8829b6d8cbfffff,Phoenix,35.83363254473789
8829b6d8cdfffff,Phoenix,19.27504659017135
8829b6d8d1fffff,Phoenix,21.505399368165868
8829b6d8d3fffff,Phoenix,28.334544892239123
8829b6d8d5fffff,Phoenix,18.512285566003555
8829b6d8d7fffff,Phoenix,29.760611740424284
8829b6d8d9fffff,Phoenix,20.63058005840876
8829b6d8dbfffff,Phoenix,28.780485994944968
8829b6d8ddfffff,Phoenix,28.76385477001107
8829b6d8e1fffff,Phoenix,18.835821734728867
8829b6d8e3fffff,Phoenix,21.06614766096257
8829b6d8e5fffff,Phoenix,16.625894994108844
8829b6d8e7fffff,Phoenix,25.6630802574309
8829b6d8e9fffff,Phoenix,15.51054917666527
8829b6d8ebfffff,Phoenix,20.092288475254872
8829b6d8edfffff,Phoenix,18.332016278458607
8829b6d98bfffff,Phoenix,1.7695695201311918
8829b6d991fffff,Phoenix,24.278114284226362
8829b6d993fffff,Phoenix,35.29676171785188
8829b6d997fffff,Phoenix,2.925147250062832
8829b6d999fffff,Phoenix,20.108869805557447
8829b6d99bfffff,Phoenix,23.36677305551712
8829b6d9d1fffff,Phoenix,19.374267251391046
8829b6d9d3fffff,Phoenix,21.047906343648574
8829b6d9d7fffff,Phoenix,9.031867196135607
8829b6d9d9fffff,Phoenix,38.03763170217064
8829b6d9dbfffff,Phoenix,21.671750822476792
8829b6d9ddfffff,Phoenix,0.12709047185307107
8829b6da01fffff,Phoenix,17.2420835363995
8829b6da03fffff,Phoenix,21.04761015015015
8829b6da05fffff,Phoenix,18.028606319598406
8829b6da07fffff,Phoenix,17.65449643580512
8829b6da09fffff,Phoenix,1.558801575250167
8829b6da0bfffff,Phoenix,13.318850175639565
8829b6da0dfffff,Phoenix,13.325148596352284
8829b6da11fffff,Phoenix,18.160912376828318
8829b6da13fffff,Phoenix,15.950759419029938
8829b6da15fffff,Phoenix,15.60270876909902
8829b6da17fffff,Phoenix,17.978427251753388
8829b6da19fffff,Phoenix,18.020691992334363
8829b6da1bfffff,Phoenix,20.617255703340156
8829b6da1dfffff,Phoenix,21.426352566660526
8829b6da21fffff,Phoenix,28.03807995694145
8829b6da23fffff,Phoenix,17.418529035206273
8829b6da25fffff,Phoenix,0.1282375945436581
8829b6da27fffff,Phoenix,16.675655002201978
8829b6da29fffff,Phoenix,18.938998031834455
8829b6da2bfffff,Phoenix,18.78824755397537
8829b6da2dfffff,Phoenix,11.40493748811682
8829b6da31fffff,Phoenix,11.894883421719038
8829b6da33fffff,Phoenix,6.346319072993894
8829b6da35fffff,Phoenix,13.776464460301478
8829b6da37fffff,Phoenix,12.54157236487245
8829b6da39fffff,Phoenix,14.27971828470283
8829b6da3bfffff,Phoenix,7.227019615215244
8829b6da3dfffff,Phoenix,12.228112916641582
8829b6da41fffff,Phoenix,18.895863210475902
8829b6da43fffff,Phoenix,16.108284713746404
8829b6da45fffff,Phoenix,18.92906019828471
8829b6da47fffff,Phoenix,12.114691176885177
8829b6da49fffff,Phoenix,17.505165031703473
8829b6da4bfffff,Phoenix,19.531278506130647
8829b6da4dfffff,Phoenix,27.311464512990256
8829b6da51fffff,Phoenix,21.193819733914797
8829b6da53fffff,Phoenix,22.92223691240993
8829b6da55fffff,Phoenix,10.30178858414126
8829b6da57fffff,Phoenix,8.301138758747175
8829b6da59fffff,Phoenix,26.798297031585566
8829b6da5bfffff,Phoenix,35.80458136235147
8829b6da5dfffff,Phoenix,17.54182726894759
8829b6da61fffff,Phoenix,27.32519431291281
8829b6da63fffff,Phoenix,15.925487492025013
8829b6da65fffff,Phoenix,1.8182100795482419
8829b6da67fffff,Phoenix,18.739275607260893
8829b6da69fffff,Phoenix,31.942203752685337
8829b6da6bfffff,Phoenix,16.47628988354446
8829b6da6dfffff,Phoenix,13.475958040292024
8829b6da81fffff,Phoenix,9.5478278020033
8829b6da83fffff,Phoenix,30.80771580768193
8829b6da85fffff,Phoenix,7.975543819901109
8829b6da87fffff,Phoenix,17.19021750251537
8829b6da8bfffff,Phoenix,11.573980427256185
8829b6da8dfffff,Phoenix,0.028402637964110765
8829b6da91fffff,Phoenix,24.061302192070475
8829b6da93fffff,Phoenix,12.178182719349989
8829b6da95fffff,Phoenix,39.557456906151245
8829b6da97fffff,Phoenix,26.56834705152961
8829b6da99fffff,Phoenix,17.397050884567985
8829b6da9bfffff,Phoenix,6.197916385669762
8829b6da9dfffff,Phoenix,28.686845849615697
8829b6daa1fffff,Phoenix,33.89991192262481
8829b6daa3fffff,Phoenix,19.62966612783312
8829b6daa5fffff,Phoenix,18.74117005586224
8829b6daa7fffff,Phoenix,14.809715644263584
8829b6daa9fffff,Phoenix,11.064925378894602
8829b6daabfffff,Phoenix,18.871149091208284
8829b6daadfffff,Phoenix,13.262528669185626
8829b6dab1fffff,Phoenix,28.85316243363987
8829b6dab3fffff,Phoenix,26.108210874640502
8829b6dab5fffff,Phoenix,18.192859460213576
8829b6dab7fffff,Phoenix,20.23476594688322
8829b6dab9fffff,Phoenix,24.863460652927152
8829b6dabbfffff,Phoenix,34.46042672381866
8829b6dabdfffff,Phoenix,28.129615419030927
8829b6dac1fffff,Phoenix,1.149508296473306
8829b6dac5fffff,Phoenix,7.672725201920722
8829b6dac9fffff,Phoenix,4.972853511331662
8829b6dacbfffff,Phoenix,0.47334904223515717
8829b6dacdfffff,Phoenix,9.459831269538698
8829b6dad1fffff,Phoenix,0.3303648382580543
8829b6dad3fffff,Phoenix,7.003424831498559
8829b6dad7fffff,Phoenix,5.638597273782023
8829b6dad9fffff,Phoenix,2.9099240948837757
8829b6dadbfffff,Phoenix,12.409714826258684
8829b6dae1fffff,Phoenix,15.90963894418754
8829b6dae3fffff,Phoenix,8.342912838263553
8829b6dae5fffff,Phoenix,15.181888637429912
8829b6dae7fffff,Phoenix,17.042273426378202
8829b6dae9fffff,Phoenix,15.018100547754337
8829b6daebfffff,Phoenix,1.5738051289739867
8829b6daedfffff,Phoenix,13.050344546046436
8829b6db5bfffff,Phoenix,0.10460420060495494
8848e96127fffff,Phoenix,0.5187726631359917
8848e961a5fffff,Phoenix,0.021701280996072034
8848e96523fffff,Phoenix,0.10085228177526136
8848e96527fffff,Phoenix,1.3959097977595971
8848e96535fffff,Phoenix,0.6104534551532367
8848e96803fffff,Phoenix,4.125177577598519
8848e96805fffff,Phoenix,1.322773739216023
8848e96809fffff,Phoenix,1.6098293142057016
8848e9680bfffff,Phoenix,0.10032513742480655
8848e9680dfffff,Phoenix,2.027597657188388
8848e96811fffff,Phoenix,8.025145126035268
8848e96813fffff,Phoenix,13.036797689866274
8848e96815fffff,Phoenix,16.549101096197948
8848e96817fffff,Phoenix,15.386111193645672
8848e96819fffff,Phoenix,7.232449416130695
8848e9681bfffff,Phoenix,4.688422888154038
8848e9681dfffff,Phoenix,3.2661667585693674
8848e96821fffff,Phoenix,3.706591872490738
8848e96823fffff,Phoenix,18.609504013242404
8848e96825fffff,Phoenix,7.937505904402981
8848e96827fffff,Phoenix,13.686264832368206
8848e96829fffff,Phoenix,2.929343842740829
8848e9682bfffff,Phoenix,2.0660259456225964
8848e9682dfffff,Phoenix,5.3723405549171925
8848e96831fffff,Phoenix,11.273708916753106
8848e96833fffff,Phoenix,10.13795464630392
8848e96835fffff,Phoenix,13.901043519271159
8848e96837fffff,Phoenix,16.33452913257963
8848e96839fffff,Phoenix,9.91746442041103
8848e9683bfffff,Phoenix,17.33215076421741
8848e9683dfffff,Phoenix,11.916090592181611
8848e9684dfffff,Phoenix,2.811174510991282
8848e96853fffff,Phoenix,0.2714170884002066
8848e96855fffff,Phoenix,0.9846988583063242
8848e96859fffff,Phoenix,1.8787867970572798
8848e9685bfffff,Phoenix,1.9463903158474234
8848e9685dfffff,Phoenix,1.559248610308167
8848e96863fffff,Phoenix,1.602000656179185
8848e96865fffff,Phoenix,1.1065018347618412
8848e96867fffff,Phoenix,2.015924474885631
8848e96869fffff,Phoenix,0.11492533494010364
8848e9686dfffff,Phoenix,3.311526237353145
8848e96881fffff,Phoenix,17.286190883215887
8848e96883fffff,Phoenix,16.981534477742425
8848e96885fffff,Phoenix,21.880465988266828
8848e96887fffff,Phoenix,19.511728060577497
8848e96889fffff,Phoenix,20.057912443775667
8848e9688bfffff,Phoenix,25.128961026555224
8848e9688dfffff,Phoenix,24.624334853339445
8848e96891fffff,Phoenix,10.468313475241459
8848e96893fffff,Phoenix,3.2667888165673475
8848e96895fffff,Phoenix,18.11694866221481
8848e96897fffff,Phoenix,2.29532497003479
8848e96899fffff,Phoenix,8.298452470649055
8848e9689bfffff,Phoenix,7.466591332908575
8848e9689dfffff,Phoenix,18.41376664951228
8848e968a1fffff,Phoenix,25.54051411057804
8848e968a3fffff,Phoenix,28.569631118357396
8848e968a5fffff,Phoenix,16.60586151177171
8848e968a7fffff,Phoenix,9.160064856356584
8848e968a9fffff,Phoenix,27.35685804364105
8848e968abfffff,Phoenix,20.189903752504772
8848e968adfffff,Phoenix,13.253798998180354
8848e968b1fffff,Phoenix,0.9538939535992468
8848e968b3fffff,Phoenix,6.792804288308143
8848e968b5fffff,Phoenix,4.027012551676048
8848e968b7fffff,Phoenix,15.67359039304914
8848e968b9fffff,Phoenix,5.713128143110316
8848e968bbfffff,Phoenix,4.055887403937479
8848e968bdfffff,Phoenix,12.311835314563982
8848e968c1fffff,Phoenix,15.340438578614274
8848e968c3fffff,Phoenix,18.278589775738975
8848e968c5fffff,Phoenix,15.332833387423472
8848e968c7fffff,Phoenix,18.24603287236079
8848e968c9fffff,Phoenix,11.761844489013116
8848e968cbfffff,Phoenix,14.542115432801264
8848e968cdfffff,Phoenix,17.52399012416584
8848e968d1fffff,Phoenix,21.71151127723025
8848e968d3fffff,Phoenix,20.73712769543484
8848e968d5fffff,Phoenix,34.76330757084756
8848e968d7fffff,Phoenix,19.339201396990983
8848e968d9fffff,Phoenix,16.2649433218048
8848e968dbfffff,Phoenix,9.537725755864013
8848e968ddfffff,Phoenix,17.71487893525443
8848e968e1fffff,Phoenix,11.148676613347313
8848e968e3fffff,Phoenix,23.095100837168342
8848e968e5fffff,Phoenix,19.177753517456885
8848e968e7fffff,Phoenix,21.036054396586913
8848e968e9fffff,Phoenix,10.591049457409444
8848e968ebfffff,Phoenix,12.199383962265637
8848e968edfffff,Phoenix,12.484622645529573
8848e9690bfffff,Phoenix,1.0139646179536617
8848e96911fffff,Phoenix,11.222379699513704
8848e96913fffff,Phoenix,28.34013084316941
8848e96915fffff,Phoenix,10.649591291113342
8848e96917fffff,Phoenix,19.351051377671983
8848e96919fffff,Phoenix,0.9304853431975968
8848e9691bfffff,Phoenix,19.730304804838497
8848e96923fffff,Phoenix,1.3833933358381971
8848e9692dfffff,Phoenix,0.08992191444853621
8848e96931fffff,Phoenix,21.245586542761906
8848e96933fffff,Phoenix,21.359347714264118
8848e96935fffff,Phoenix,18.942819597745196
8848e96937fffff,Phoenix,32.701616610192666
8848e96939fffff,Phoenix,6.605812279026706
8848e9693bfffff,Phoenix,18.39544513454073
8848e9693dfffff,Phoenix,2.5325274353284892
8848e96941fffff,Phoenix,0.4142517772009171
8848e96949fffff,Phoenix,5.038037881906784
8848e9694bfffff,Phoenix,0.7773312285238198
8848e9694dfffff,Phoenix,9.429826620282673
8848e96951fffff,Phoenix,3.209822748955118
8848e96953fffff,Phoenix,1.0672659226822192
8848e96955fffff,Phoenix,1.1744181406055982
8848e96957fffff,Phoenix,3.544369448592138
8848e96959fffff,Phoenix,1.208048270453302
8848e9695bfffff,Phoenix,3.4507970300161754
8848e96961fffff,Phoenix,13.884595398183647
8848e96963fffff,Phoenix,0.7703606733683406
8848e96965fffff,Phoenix,20.43513134068534
8848e96967fffff,Phoenix,3.1329851164087694
8848e96969fffff,Phoenix,5.8636600872909606
8848e9696dfffff,Phoenix,16.425977145929018
8848e96981fffff,Phoenix,29.08666485542517
8848e96983fffff,Phoenix,20.379911787135068
8848e96985fffff,Phoenix,31.470462584718298
8848e96987fffff,Phoenix,27.899278143350095
8848e96989fffff,Phoenix,22.681547068936705
8848e9698bfffff,Phoenix,26.276834448185998
8848e9698dfffff,Phoenix,34.35183122648771
8848e96991fffff,Phoenix,13.279526166812877
8848e96993fffff,Phoenix,1.7455222064498965
8848e96995fffff,Phoenix,15.988948314241888
8848e96997fffff,Phoenix,6.892616740109369
8848e96999fffff,Phoenix,20.315955636106565
8848e9699bfffff,Phoenix,12.455208791851383
8848e9699dfffff,Phoenix,25.890222089656046
8848e969a1fffff,Phoenix,19.759260015483882
8848e969a3fffff,Phoenix,21.8352613494498
8848e969a5fffff,Phoenix,27.789496959388632
8848e969a7fffff,Phoenix,13.245127017398149
8848e969a9fffff,Phoenix,22.74603038634905
8848e969abfffff,Phoenix,27.75398627419274
8848e969adfffff,Phoenix,26.54455903017495
8848e969b1fffff,Phoenix,7.533731034876546
8848e969b3fffff,Phoenix,23.07699394059513
8848e969b5fffff,Phoenix,15.264950034510468
8848e969b7fffff,Phoenix,28.649253347211097
8848e969b9fffff,Phoenix,20.379827779735624
8848e969bbfffff,Phoenix,3.44327725752794
8848e969bdfffff,Phoenix,29.910973332379484
8848e969c1fffff,Phoenix,21.423767083769693
8848e969c3fffff,Phoenix,16.847616288873976
8848e969c5fffff,Phoenix,28.110994683882343
8848e969c7fffff,Phoenix,31.92929144527736
8848e969c9fffff,Phoenix,20.475393653045284
8848e969cbfffff,Phoenix,6.854103485399489
8848e969cdfffff,Phoenix,28.79496577131196
8848e969d1fffff,Phoenix,18.104329519976826
8848e969d3fffff,Phoenix,20.22029430287696
8848e969d5fffff,Phoenix,26.46648749983713
8848e969d7fffff,Phoenix,31.12631329066654
8848e969d9fffff,Phoenix,19.772281838334287
8848e969dbfffff,Phoenix,18.294957635265863
8848e969ddfffff,Phoenix,25.65664127514589
8848e969e1fffff,Phoenix,23.675300347722533
8848e969e3fffff,Phoenix,21.022557801497356
8848e969e5fffff,Phoenix,20.97494191668782
8848e969e7fffff,Phoenix,27.14453808493809
8848e969e9fffff,Phoenix,20.929555391308693
8848e969ebfffff,Phoenix,29.570569750182983
8848e969edfffff,Phoenix,23.997827553944884
8848e96a07fffff,Phoenix,0.25214104563436757
8848e96a11fffff,Phoenix,8.707236276686139
8848e96a13fffff,Phoenix,5.878603415526617
8848e96a15fffff,Phoenix,1.5263981065598204
8848e96a1bfffff,Phoenix,5.719296238897241
8848e96a1dfffff,Phoenix,0.22804822703378919
8848e96a21fffff,Phoenix,4.740374834343621
8848e96a23fffff,Phoenix,9.390891934773284
8848e96a25fffff,Phoenix,12.16060762345984
8848e96a27fffff,Phoenix,1.3184836881312787
8848e96a2bfffff,Phoenix,6.368405101691915
8848e96a31fffff,Phoenix,3.882673456350994
8848e96a35fffff,Phoenix,0.9726135074297878
8848e96a39fffff,Phoenix,4.831624730083049
8848e96a3bfffff,Phoenix,3.0777947146804228
8848e96a3dfffff,Phoenix,11.721580953609964
8848e96a81fffff,Phoenix,0.9778883562311865
8848e96a83fffff,Phoenix,3.760412967532719
8848e96a85fffff,Phoenix,5.728152706555961
8848e96a87fffff,Phoenix,8.61274192218873
8848e96a89fffff,Phoenix,1.4729010469396988
8848e96a8bfffff,Phoenix,3.8960659642997313
8848e96a8dfffff,Phoenix,2.027302933704107
8848e96a91fffff,Phoenix,3.2363598733208314
8848e96a93fffff,Phoenix,6.690982758402249
8848e96a97fffff,Phoenix,1.58192533779674
8848e96a99fffff,Phoenix,1.0120073874627522
8848e96a9bfffff,Phoenix,3.917926399297192
8848e96a9dfffff,Phoenix,4.614483789335729
8848e96aa1fffff,Phoenix,12.275009896590213
8848e96aa3fffff,Phoenix,10.284308967294137
8848e96aa5fffff,Phoenix,16.347521317427386
8848e96aa7fffff,Phoenix,4.560309915378023
8848e96aa9fffff,Phoenix,4.511868825174237
8848e96aabfffff,Phoenix,9.484415621119672
8848e96aadfffff,Phoenix,6.153897587663619
8848e96ab1fffff,Phoenix,14.975066829355496
8848e96ab3fffff,Phoenix,7.545401510350317
8848e96ab5fffff,Phoenix,16.255461617117135
8848e96ab7fffff,Phoenix,16.14007582928783
8848e96ab9fffff,Phoenix,7.0750633511253715
8848e96abbfffff,Phoenix,7.457461021068759
8848e96abdfffff,Phoenix,17.799422402584096
8848e96ac1fffff,Phoenix,1.9779066780894807
8848e96ac3fffff,Phoenix,2.0122209730229983
8848e96ac5fffff,Phoenix,1.3962026508869925
8848e96ac9fffff,Phoenix,3.2174168703003385
8848e96acbfffff,Phoenix,0.7651470111586218
8848e96acdfffff,Phoenix,5.952910088586168
8848e96ad5fffff,Phoenix,2.4575924999209473
8848e96ad7fffff,Phoenix,1.9905301415464525
8848e96ae1fffff,Phoenix,22.057531825607406
8848e96ae3fffff,Phoenix,9.526747882822573
8848e96ae5fffff,Phoenix,0.9235522477087493
8848e96ae7fffff,Phoenix,1.0724241182286771
8848e96ae9fffff,Phoenix,3.410890943278564
8848e96aebfffff,Phoenix,5.49911754002006
8848e96aedfffff,Phoenix,7.015613081179669
8848e96b01fffff,Phoenix,6.661935585463257
8848e96b03fffff,Phoenix,14.290605163926106
8848e96b05fffff,Phoenix,8.16176794814064
8848e96b07fffff,Phoenix,22.107199137108452
8848e96b09fffff,Phoenix,1.6013184944030678
8848e96b0bfffff,Phoenix,1.7676564072998404
8848e96b11fffff,Phoenix,14.184897924359781
8848e96b13fffff,Phoenix,1.9625163651031574
8848e96b15fffff,Phoenix,8.292229052798165
8848e96b17fffff,Phoenix,11.997638595790944
8848e96b19fffff,Phoenix,11.41682238514774
8848e96b1bfffff,Phoenix,17.176992937080747
8848e96b1dfffff,Phoenix,10.04935631206033
8848e96b21fffff,Phoenix,10.81421319781515
8848e96b23fffff,Phoenix,14.443744506938467
8848e96b25fffff,Phoenix,12.733378820478379
8848e96b27fffff,Phoenix,17.54164110586868
8848e96b29fffff,Phoenix,12.473707277119928
8848e96b2bfffff,Phoenix,8.207367072469713
8848e96b2dfffff,Phoenix,15.138450954764815
8848e96b31fffff,Phoenix,13.099480968664734
8848e96b33fffff,Phoenix,8.293281131019583
8848e96b35fffff,Phoenix,7.3779903229551405
8848e96b37fffff,Phoenix,6.335953466434386
8848e96b39fffff,Phoenix,12.421907108669483
8848e96b3bfffff,Phoenix,6.754296417589923
8848e96b3dfffff,Phoenix,26.22314877743818
8848e96b47fffff,Phoenix,0.6850803996794208
8848e96b53fffff,Phoenix,1.0266853268916647
8848e96b55fffff,Phoenix,0.8725522891593351
8848e96b57fffff,Phoenix,1.6582114769477232
8848e96b61fffff,Phoenix,0.7971675712975775
8848e96b67fffff,Phoenix,1.178210996446473
8848e96c01fffff,Phoenix,27.809822831456383
8848e96c03fffff,Phoenix,17.76215194733748
8848e96c05fffff,Phoenix,17.459114583452582
8848e96c07fffff,Phoenix,11.93789212420022
8848e96c09fffff,Phoenix,14.54266489275598
8848e96c0bfffff,Phoenix,16.896842008213294
8848e96c0dfffff,Phoenix,23.051397122870316
8848e96c11fffff,Phoenix,26.504385468862772
8848e96c13fffff,Phoenix,22.95801623226873
8848e96c15fffff,Phoenix,22.054468810929468
8848e96c17fffff,Phoenix,15.065997898878809
8848e96c19fffff,Phoenix,22.385128120672327
8848e96c1bfffff,Phoenix,20.473351364836002
8848e96c1dfffff,Phoenix,21.07907177306959
8848e96c21fffff,Phoenix,23.198548426243164
8848e96c23fffff,Phoenix,26.026741210716434
8848e96c25fffff,Phoenix,22.23903783205468
8848e96c27fffff,Phoenix,18.272086791862357
8848e96c29fffff,Phoenix,16.758406985414368
8848e96c2bfffff,Phoenix,12.878250828065282
8848e96c2dfffff,Phoenix,19.441870535266276
8848e96c31fffff,Phoenix,18.658865795849536
8848e96c33fffff,Phoenix,24.817850757296323
8848e96c35fffff,Phoenix,23.27181024177152
8848e96c37fffff,Phoenix,31.718138394190667
8848e96c39fffff,Phoenix,15.814817055572982
8848e96c3bfffff,Phoenix,22.50056592505986
8848e96c3dfffff,Phoenix,20.362285754363292
8848e96c41fffff,Phoenix,9.518248122284412
8848e96c43fffff,Phoenix,15.630132691079572
8848e96c45fffff,Phoenix,7.992861181185988
8848e96c47fffff,Phoenix,20.402078710458056
8848e96c49fffff,Phoenix,5.199366535195008
8848e96c4bfffff,Phoenix,10.05549979472056
8848e96c4dfffff,Phoenix,12.123973793504215
8848e96c51fffff,Phoenix,6.624003049160846
8848e96c53fffff,Phoenix,6.014979098233491
8848e96c55fffff,Phoenix,6.9762867610332275
8848e96c57fffff,Phoenix,9.236793972104635
8848e96c59fffff,Phoenix,9.679395144202564
8848e96c5bfffff,Phoenix,6.72450901451316
8848e96c5dfffff,Phoenix,18.666821688246035
8848e96c61fffff,Phoenix,13.126886342064285
8848e96c63fffff,Phoenix,21.07797981931744
8848e96c65fffff,Phoenix,11.897605939982432
8848e96c67fffff,Phoenix,18.81411722913129
8848e96c69fffff,Phoenix,7.345041239303186
8848e96c6bfffff,Phoenix,18.65304271993236
8848e96c6dfffff,Phoenix,5.9350220368174895
8848e96c81fffff,Phoenix,1.727863488176155
8848e96c83fffff,Phoenix,0.23559283426350147
8848e96c85fffff,Phoenix,16.843022231904584
8848e96c87fffff,Phoenix,5.715178187386744
8848e96c89fffff,Phoenix,2.924473090767592
8848e96c8dfffff,Phoenix,19.27869834624663
8848e96c91fffff,Phoenix,0.8410185959560542
8848e96c93fffff,Phoenix,0.2946231242831572
8848e96c95fffff,Phoenix,1.7113722363824548
8848e96ca1fffff,Phoenix,17.654517616398614
8848e96ca3fffff,Phoenix,14.675897772772307
8848e96ca5fffff,Phoenix,17.08568348719839
8848e96ca7fffff,Phoenix,19.97879403246415
8848e96ca9fffff,Phoenix,16.56327966688155
8848e96cabfffff,Phoenix,13.996792420843837
8848e96cadfffff,Phoenix,15.131432469482014
8848e96cb1fffff,Phoenix,12.665945341756878
8848e96cb3fffff,Phoenix,0.4649381802123596
8848e96cb5fffff,Phoenix,2.5006935811879556
8848e96cb7fffff,Phoenix,8.441184130961345
8848e96cb9fffff,Phoenix,1.5158762462857558
8848e96cbdfffff,Phoenix,1.7359115157738654
8848e96cc1fffff,Phoenix,11.412276436939315
8848e96cc3fffff,Phoenix,0.01773054648106446
8848e96cc5fffff,Phoenix,18.23142442089533
8848e96cc7fffff,Phoenix,26.88711312676052
8848e96cc9fffff,Phoenix,1.831670745606668
8848e96ccdfffff,Phoenix,11.863431348511813
8848e96ce1fffff,Phoenix,20.233282880284392
8848e96ce3fffff,Phoenix,17.837209481165104
8848e96ce5fffff,Phoenix,28.817467529158687
8848e96ce7fffff,Phoenix,16.327176861230235
8848e96ce9fffff,Phoenix,22.718259820138186
8848e96cebfffff,Phoenix,20.48964766298254
8848e96cedfffff,Phoenix,21.98695659404111
8848e96d01fffff,Phoenix,19.45882403416678
8848e96d03fffff,Phoenix,27.856013773272938
8848e96d05fffff,Phoenix,15.647797421982519
8848e96d07fffff,Phoenix,24.79012109006966
8848e96d09fffff,Phoenix,11.980054629662988
8848e96d0bfffff,Phoenix,16.692064056691418
8848e96d0dfffff,Phoenix,14.796355644930179
8848e96d11fffff,Phoenix,24.77572521804662
8848e96d13fffff,Phoenix,21.32471074435323
8848e96d15fffff,Phoenix,16.963088345728785
8848e96d17fffff,Phoenix,25.546062794243127
8848e96d19fffff,Phoenix,21.50701556860208
8848e96d1bfffff,Phoenix,20.473052743139096
8848e96d1dfffff,Phoenix,21.437238218586568
8848e96d21fffff,Phoenix,17.350662026931886
8848e96d23fffff,Phoenix,27.50788545149969
8848e96d25fffff,Phoenix,19.78616491093112
8848e96d27fffff,Phoenix,23.23568155535336
8848e96d29fffff,Phoenix,26.142500328399112
8848e96d2bfffff,Phoenix,26.992114904607753
8848e96d2dfffff,Phoenix,23.604904870014504
8848e96d31fffff,Phoenix,29.005855263218198
8848e96d33fffff,Phoenix,27.11479933182572
8848e96d35fffff,Phoenix,21.689544501781175
8848e96d37fffff,Phoenix,30.26773534692394
8848e96d39fffff,Phoenix,14.453887148748787
8848e96d3bfffff,Phoenix,22.08779737558929
8848e96d3dfffff,Phoenix,21.341024585731112
8848e96d41fffff,Phoenix,18.336644513245695
8848e96d43fffff,Phoenix,13.210359047034627
8848e96d45fffff,Phoenix,19.64809275054525
8848e96d47fffff,Phoenix,20.88844940740601
8848e96d49fffff,Phoenix,4.764331113969094
8848e96d4bfffff,Phoenix,13.6241436546943
8848e96d4dfffff,Phoenix,0.4562060418618126
8848e96d51fffff,Phoenix,27.64257399855717
8848e96d53fffff,Phoenix,20.530683592655887
8848e96d55fffff,Phoenix,28.882281252708058
8848e96d57fffff,Phoenix,28.035577709791703
8848e96d59fffff,Phoenix,21.39207760489777
8848e96d5bfffff,Phoenix,20.219756032797427
8848e96d5dfffff,Phoenix,18.56056772669376
8848e96d61fffff,Phoenix,23.21246724845801
8848e96d63fffff,Phoenix,24.94897997802135
8848e96d65fffff,Phoenix,30.10318223065927
8848e96d67fffff,Phoenix,21.818802060024804
8848e96d69fffff,Phoenix,22.040814830168262
8848e96d6bfffff,Phoenix,15.301496675356237
8848e96d6dfffff,Phoenix,26.41206969244759
8848e96d81fffff,Phoenix,27.604097381785895
8848e96d83fffff,Phoenix,13.623458204320414
8848e96d85fffff,Phoenix,26.16444563153391
8848e96d87fffff,Phoenix,20.21217951665294
8848e96d89fffff,Phoenix,20.13574104336164
8848e96d8bfffff,Phoenix,30.984535071160895
8848e96d8dfffff,Phoenix,20.797659343544773
8848e96d91fffff,Phoenix,23.289377553776472
8848e96d93fffff,Phoenix,16.668067473031872
8848e96d95fffff,Phoenix,21.71391207849329
8848e96d97fffff,Phoenix,22.91602005963962
8848e96d99fffff,Phoenix,12.94264685026941
8848e96d9bfffff,Phoenix,28.26535926949552
8848e96d9dfffff,Phoenix,23.796334688807406
8848e96da1fffff,Phoenix,24.41977289345915
8848e96da3fffff,Phoenix,24.498847558703464
8848e96da5fffff,Phoenix,33.61435571096758
8848e96da7fffff,Phoenix,25.033063698693265
8848e96da9fffff,Phoenix,24.79790070247452
8848e96dabfffff,Phoenix,24.547813338378415
8848e96dadfffff,Phoenix,24.107158507298813
8848e96db1fffff,Phoenix,20.54150108629118
8848e96db3fffff,Phoenix,19.828579367979707
8848e96db5fffff,Phoenix,26.111492494083354
8848e96db7fffff,Phoenix,18.53534578650619
8848e96db9fffff,Phoenix,24.606153672536625
8848e96dbbfffff,Phoenix,20.40464559982742
8848e96dbdfffff,Phoenix,22.29625487729157
8848e96dc1fffff,Phoenix,16.48844139646283
8848e96dc3fffff,Phoenix,27.188591431734103
8848e96dc5fffff,Phoenix,20.88071520541699
8848e96dc7fffff,Phoenix,22.24607496534271
8848e96dc9fffff,Phoenix,29.29544882282756
8848e96dcbfffff,Phoenix,31.02052095574153
8848e96dcdfffff,Phoenix,24.350199950804118
8848e96dd1fffff,Phoenix,37.41966920656598
8848e96dd3fffff,Phoenix,17.329606244512554
8848e96dd5fffff,Phoenix,28.54160483007756
8848e96dd7fffff,Phoenix,16.310292280534192
8848e96dd9fffff,Phoenix,53.151586413254186
8848e96ddbfffff,Phoenix,32.45887365989337
8848e96dddfffff,Phoenix,38.47423987220906
8848e96de1fffff,Phoenix,41.58771938427758
8848e96de3fffff,Phoenix,25.49240788381271
8848e96de5fffff,Phoenix,28.16486049278985
8848e96de7fffff,Phoenix,57.398814008262086
8848e96de9fffff,Phoenix,20.54082190404448
8848e96debfffff,Phoenix,38.51528209907398
8848e96dedfffff,Phoenix,33.3254852369821
8848e96e03fffff,Phoenix,7.535218442602786
8848e96e0bfffff,Phoenix,0.22345432523899117
8848e96e11fffff,Phoenix,5.426062174020393
8848e96e15fffff,Phoenix,16.82516006183626
8848e96e17fffff,Phoenix,1.7793485751531588
8848e96e19fffff,Phoenix,2.1048665224082366
8848e96e1bfffff,Phoenix,3.5680797229722607
8848e96e1dfffff,Phoenix,20.0799799696341
8848e96e23fffff,Phoenix,0.40624093561625374
8848e96e31fffff,Phoenix,4.733756825258511
8848e96e33fffff,Phoenix,6.8712610305367505
8848e96e35fffff,Phoenix,5.766603461823577
8848e96e37fffff,Phoenix,7.447420593156964
8848e96e39fffff,Phoenix,8.184148506955937
8848e96e3bfffff,Phoenix,1.6967169898493628
8848e96ea1fffff,Phoenix,10.305033321974928
8848e96ea5fffff,Phoenix,17.85165137605005
8848e96ea7fffff,Phoenix,14.434941388727037
8848e96ea9fffff,Phoenix,2.912220926833019
8848e96eadfffff,Phoenix,9.653131667850356
8848e96ec5fffff,Phoenix,0.6030226142230998
8848e96ec9fffff,Phoenix,0.9137337677501152
8848e96ee1fffff,Phoenix,2.4502650261659906
8848e96ee3fffff,Phoenix,3.062961721966338
8848e96ee5fffff,Phoenix,13.95813749081382
8848e96ee7fffff,Phoenix,14.34851463991107
8848e96ee9fffff,Phoenix,1.6067850702397677
8848e96eedfffff,Phoenix,8.35704715043628
8848e96f01fffff,Phoenix,7.846845598487034
8848e96f03fffff,Phoenix,3.2893259640145405
8848e96f05fffff,Phoenix,12.528721243243481
8848e96f07fffff,Phoenix,9.284749030665303
8848e96f09fffff,Phoenix,4.757381504474482
8848e96f0bfffff,Phoenix,6.764787048973013
8848e96f0dfffff,Phoenix,5.646411983164712
8848e96f11fffff,Phoenix,2.621996809413942
8848e96f13fffff,Phoenix,7.9297828118320846
8848e96f15fffff,Phoenix,1.822062171153095
8848e96f17fffff,Phoenix,15.418773030838892
8848e96f19fffff,Phoenix,3.7287269688876763
8848e96f1bfffff,Phoenix,1.8575959183398176
8848e96f1dfffff,Phoenix,3.39305070746489
8848e96f21fffff,Phoenix,17.08899494514845
8848e96f23fffff,Phoenix,11.705417794631305
8848e96f25fffff,Phoenix,11.97755509327825
8848e96f27fffff,Phoenix,8.770933878568597
8848e96f29fffff,Phoenix,15.065966789304928
8848e96f2bfffff,Phoenix,17.3410891272169
8848e96f2dfffff,Phoenix,18.48272932650421
8848e96f33fffff,Phoenix,5.432879057360062
8848e96f37fffff,Phoenix,3.7792916850985097
8848e96f39fffff,Phoenix,0.9482336120612184
8848e96f3bfffff,Phoenix,10.061497332436096
8848e96f3dfffff,Phoenix,6.431004817630944
8848e96f41fffff,Phoenix,0.8210653923257898
8848e96f43fffff,Phoenix,0.490243133522726
8848e96f45fffff,Phoenix,2.972487336569885
8848e96f47fffff,Phoenix,0.6898110708390502
8848e96f4dfffff,Phoenix,1.110150379811925
8848e96f51fffff,Phoenix,2.3500703165487518
8848e96f53fffff,Phoenix,0.10909179495161714
8848e96f55fffff,Phoenix,4.537450680948183
8848e96f57fffff,Phoenix,5.142145462370554
8848e96f61fffff,Phoenix,7.035920230223292
8848e96f63fffff,Phoenix,9.622761677942242
8848e96f65fffff,Phoenix,8.417227894628395
8848e96f67fffff,Phoenix,11.097715078189495
8848e96f6bfffff,Phoenix,3.7827564110213956
8848e96f6dfffff,Phoenix,1.9674926374338586
8848eba401fffff,Phoenix,22.89686191401543
8848eba403fffff,Phoenix,33.91319815981686
8848eba405fffff,Phoenix,12.793998570247954
8848eba407fffff,Phoenix,26.690833593428753
8848eba409fffff,Phoenix,35.44520888233844
8848eba40bfffff,Phoenix,30.840106406070607
8848eba40dfffff,Phoenix,30.375211602319172
8848eba411fffff,Phoenix,33.413054789204516
8848eba413fffff,Phoenix,17.667972692404796
8848eba415fffff,Phoenix,26.769368757129843
8848eba417fffff,Phoenix,21.274079401103368
8848eba419fffff,Phoenix,41.58588492552119
8848eba41bfffff,Phoenix,46.08124835513799
8848eba41dfffff,Phoenix,37.25637240179689
8848eba429fffff,Phoenix,1.2002082008464572
8848eba431fffff,Phoenix,21.067221560193218
8848eba433fffff,Phoenix,9.263982851660751
8848eba435fffff,Phoenix,14.87175693418808
8848eba437fffff,Phoenix,36.91408293639257
8848eba439fffff,Phoenix,15.325592535532538
8848eba43bfffff,Phoenix,21.42851145736028
8848eba43dfffff,Phoenix,19.115597187548865
8848eba441fffff,Phoenix,42.617364663058105
8848eba443fffff,Phoenix,30.318073716129614
8848eba445fffff,Phoenix,19.61174339834466
8848eba447fffff,Phoenix,33.88911935629234
8848eba449fffff,Phoenix,35.81785310991444
8848eba44bfffff,Phoenix,36.134889408392844
8848eba44dfffff,Phoenix,36.03997887416809
8848eba451fffff,Phoenix,42.97527066014279
8848eba453fffff,Phoenix,44.93324942177025
8848eba455fffff,Phoenix,36.37549250805505
8848eba457fffff,Phoenix,35.47892248236618
8848eba459fffff,Phoenix,39.054984404671494
8848eba45bfffff,Phoenix,29.584034112977783
8848eba45dfffff,Phoenix,32.23346368285523
8848eba463fffff,Phoenix,1.034285880777498
8848eba469fffff,Phoenix,0.00472858328081585
8848eba46bfffff,Phoenix,9.186960788685578
8848eba481fffff,Phoenix,37.363470895927705
8848eba483fffff,Phoenix,33.71371816349149
8848eba485fffff,Phoenix,33.56830876706438
8848eba487fffff,Phoenix,27.696076424887906
8848eba489fffff,Phoenix,41.0117403863132
8848eba48bfffff,Phoenix,41.624827566134826
8848eba48dfffff,Phoenix,33.77966875361556
8848eba491fffff,Phoenix,31.553699854736685
8848eba493fffff,Phoenix,38.016035307740104
8848eba495fffff,Phoenix,36.636479612288845
8848eba497fffff,Phoenix,36.77705308594353
8848eba499fffff,Phoenix,38.75326474521397
8848eba49bfffff,Phoenix,29.604622991019955
8848eba49dfffff,Phoenix,27.903111354238835
8848eba4a1fffff,Phoenix,22.16603066839721
8848eba4a3fffff,Phoenix,29.948899347070924
8848eba4a5fffff,Phoenix,33.15569036253068
8848eba4a7fffff,Phoenix,21.582699720967316
8848eba4a9fffff,Phoenix,12.305386316556712
8848eba4abfffff,Phoenix,24.93620177209982
8848eba4adfffff,Phoenix,9.959828622970164
8848eba4b1fffff,Phoenix,28.328733386604807
8848eba4b3fffff,Phoenix,37.54296144703729
8848eba4b5fffff,Phoenix,25.518073627408487
8848eba4b7fffff,Phoenix,28.93852975577287
8848eba4b9fffff,Phoenix,46.17066226368459
8848eba4bbfffff,Phoenix,30.464849572707003
8848eba4bdfffff,Phoenix,33.03910514831585
8848eba4c1fffff,Phoenix,17.566131433025326
8848eba4c3fffff,Phoenix,36.75313972121956
8848eba4c5fffff,Phoenix,25.798631893895056
8848eba4c7fffff,Phoenix,33.75588330540911
8848eba4c9fffff,Phoenix,24.02491452534152
8848eba4cbfffff,Phoenix,23.847876172250075
8848eba4cdfffff,Phoenix,21.454826679443464
8848eba4d1fffff,Phoenix,34.973437417521154
8848eba4d3fffff,Phoenix,34.51360215002533
8848eba4d5fffff,Phoenix,36.1070678755663
8848eba4d7fffff,Phoenix,20.559775920850733
8848eba4d9fffff,Phoenix,30.786054103250322
8848eba4dbfffff,Phoenix,38.74027164731451
8848eba4ddfffff,Phoenix,40.91198674986585
8848eba4e1fffff,Phoenix,24.50855261116533
8848eba4e3fffff,Phoenix,10.806516481215915
8848eba4e5fffff,Phoenix,14.356850510566524
8848eba4e7fffff,Phoenix,5.943839634506692
8848eba4e9fffff,Phoenix,33.76071729565222
8848eba4ebfffff,Phoenix,30.475070109765984
8848eba4edfffff,Phoenix,29.206202706604927
8848eba58bfffff,Phoenix,0.060508767695097415
8848eba591fffff,Phoenix,41.202873666545536
8848eba593fffff,Phoenix,32.3213805232858
8848eba595fffff,Phoenix,2.227198301698483
8848eba597fffff,Phoenix,36.18775475362328
8848eba599fffff,Phoenix,39.48484484158578
8848eba59bfffff,Phoenix,33.19350316021745
8848eba59dfffff,Phoenix,23.67152444689789
8848eba5cbfffff,Phoenix,1.8776123050622249
8848eba5d1fffff,Phoenix,37.12899194127302
8848eba5d3fffff,Phoenix,32.25744828659814
8848eba5d5fffff,Phoenix,7.492911583495264
8848eba5d7fffff,Phoenix,36.80281480487932
8848eba5d9fffff,Phoenix,31.13362732387519
8848eba5dbfffff,Phoenix,20.64672077157157
8848eba5ddfffff,Phoenix,30.919155034647055
8848eba601fffff,Phoenix,28.347276815486207
8848eba603fffff,Phoenix,27.28975597435246
8848eba605fffff,Phoenix,24.494457212906337
8848eba607fffff,Phoenix,27.12718975737747
8848eba609fffff,Phoenix,53.177687727796524
8848eba60bfffff,Phoenix,35.38676790349207
8848eba60dfffff,Phoenix,40.04394154958815
8848eba611fffff,Phoenix,3.447743229594332
8848eba613fffff,Phoenix,20.063378238574867
8848eba615fffff,Phoenix,26.43623263456561
8848eba617fffff,Phoenix,33.224644486629096
8848eba619fffff,Phoenix,2.647136600138428
8848eba61dfffff,Phoenix,16.805388592644196
8848eba621fffff,Phoenix,25.93216754711321
8848eba623fffff,Phoenix,26.51920172822675
8848eba625fffff,Phoenix,18.12374578238005
8848eba627fffff,Phoenix,38.537630135828586
8848eba629fffff,Phoenix,19.869192679417814
8848eba62bfffff,Phoenix,34.518009300676034
8848eba62dfffff,Phoenix,28.000015620104556
8848eba631fffff,Phoenix,39.68596950276698
8848eba633fffff,Phoenix,38.04072237252065
8848eba635fffff,Phoenix,25.06944830429438
8848eba637fffff,Phoenix,37.92925464085477
8848eba639fffff,Phoenix,33.11866923392584
8848eba63bfffff,Phoenix,47.00941994476119
8848eba63dfffff,Phoenix,34.090934977087976
8848eba641fffff,Phoenix,36.18334989205552
8848eba643fffff,Phoenix,48.58797976836744
8848eba645fffff,Phoenix,28.688712269839563
8848eba647fffff,Phoenix,36.68436534591376
8848eba649fffff,Phoenix,29.646495025913936
8848eba64bfffff,Phoenix,28.888484404851635
8848eba64dfffff,Phoenix,20.388641510146133
8848eba651fffff,Phoenix,21.69599060655167
8848eba653fffff,Phoenix,11.577633553819204
8848eba655fffff,Phoenix,35.86489548630367
8848eba657fffff,Phoenix,20.794279640232954
8848eba659fffff,Phoenix,17.35608200500462
8848eba65bfffff,Phoenix,11.391206525016697
8848eba65dfffff,Phoenix,17.958207541665136
8848eba661fffff,Phoenix,17.958315286653743
8848eba663fffff,Phoenix,26.54421756810282
8848eba665fffff,Phoenix,17.5795188253356
8848eba667fffff,Phoenix,13.165565862422138
8848eba669fffff,Phoenix,20.670493850459465
8848eba66bfffff,Phoenix,23.957646058691104
8848eba66dfffff,Phoenix,14.488853158761788
8848eba681fffff,Phoenix,39.48603836547567
8848eba683fffff,Phoenix,33.71240130575282
8848eba685fffff,Phoenix,39.473971523157296
8848eba687fffff,Phoenix,33.47641401556623
8848eba689fffff,Phoenix,26.01964164124127
8848eba68bfffff,Phoenix,32.44672129630549
8848eba68dfffff,Phoenix,36.05632347885887
8848eba691fffff,Phoenix,12.013593840043054
8848eba693fffff,Phoenix,33.37047721276751
8848eba695fffff,Phoenix,16.614066606064636
8848eba697fffff,Phoenix,33.18119728840611
8848eba699fffff,Phoenix,28.664105993277754
8848eba69bfffff,Phoenix,16.819151309302015
8848eba69dfffff,Phoenix,22.49480742840392
8848eba6a1fffff,Phoenix,43.4588150674756
8848eba6a3fffff,Phoenix,18.058063668923193
8848eba6a5fffff,Phoenix,42.947022862861274
8848eba6a7fffff,Phoenix,48.35267927915302
8848eba6a9fffff,Phoenix,38.09422848327443
8848eba6abfffff,Phoenix,34.8761421662927
8848eba6adfffff,Phoenix,42.816818396146104
8848eba6b1fffff,Phoenix,3.3595694540560856
8848eba6b3fffff,Phoenix,19.582709997289292
8848eba6b5fffff,Phoenix,5.210592741313655
8848eba6b7fffff,Phoenix,19.261427797875847
8848eba6b9fffff,Phoenix,22.832590487863428
8848eba6bbfffff,Phoenix,6.697492518408403
8848eba6bdfffff,Phoenix,33.271247258093545
8848eba6c1fffff,Phoenix,25.28011094125899
8848eba6c3fffff,Phoenix,14.656521592535018
8848eba6c5fffff,Phoenix,21.96654348293216
8848eba6c7fffff,Phoenix,17.481227978299643
8848eba6c9fffff,Phoenix,18.884325613837706
8848eba6cbfffff,Phoenix,16.871581828923702
8848eba6cdfffff,Phoenix,19.18514095513954
8848eba6d1fffff,Phoenix,28.013886460065986
8848eba6d3fffff,Phoenix,25.600378762460867
8848eba6d5fffff,Phoenix,28.30284615887859
8848eba6d7fffff,Phoenix,29.00620240744696
8848eba6d9fffff,Phoenix,22.590481495881242
8848eba6dbfffff,Phoenix,35.78700677328597
8848eba6ddfffff,Phoenix,15.49047701844152
8848eba6e1fffff,Phoenix,29.511319705599455
8848eba6e3fffff,Phoenix,34.43762796459773
8848eba6e5fffff,Phoenix,45.99973450070616
8848eba6e7fffff,Phoenix,41.05041965734955
8848eba6e9fffff,Phoenix,21.26149408184882
8848eba6ebfffff,Phoenix,23.45172299835746
8848eba6edfffff,Phoenix,27.220543187982372
8848eba713fffff,Phoenix,5.621972621661511
8848eba717fffff,Phoenix,0.23086838897475456
8848eba719fffff,Phoenix,0.9440248027296332
8848eba71bfffff,Phoenix,6.249651643794798
8848eba751fffff,Phoenix,0.5122110716026336
8848eba753fffff,Phoenix,1.1602931828543597
8848eba759fffff,Phoenix,0.5173367334959795
8848eba75bfffff,Phoenix,5.06412630939415
8848ebb437fffff,Phoenix,0.1983356045150878
8848ebb481fffff,Phoenix,24.45875398534856
8848ebb483fffff,Phoenix,36.81805798591809
8848ebb485fffff,Phoenix,36.25099923523481
8848ebb487fffff,Phoenix,32.66628283251388
8848ebb489fffff,Phoenix,13.541365504677694
8848ebb48bfffff,Phoenix,23.991032885341028
8848ebb48dfffff,Phoenix,14.214296253322244
8848ebb491fffff,Phoenix,8.192183346523471
8848ebb493fffff,Phoenix,8.83572300031242
8848ebb495fffff,Phoenix,14.743369090155468
8848ebb497fffff,Phoenix,18.80630841382531
8848ebb499fffff,Phoenix,24.517091410961118
8848ebb49bfffff,Phoenix,15.565417421381099
8848ebb49dfffff,Phoenix,22.537613044892264
8848ebb4a1fffff,Phoenix,27.614003158737084
8848ebb4a3fffff,Phoenix,47.86041175379726
8848ebb4a5fffff,Phoenix,31.930184283054967
8848ebb4a7fffff,Phoenix,22.615432545373796
8848ebb4a9fffff,Phoenix,33.724226555322616
8848ebb4abfffff,Phoenix,39.31756032720987
8848ebb4adfffff,Phoenix,36.9790393083279
8848ebb4b1fffff,Phoenix,31.626063604239313
8848ebb4b3fffff,Phoenix,17.4558236917149
8848ebb4b5fffff,Phoenix,30.705387149256264
8848ebb4b7fffff,Phoenix,22.219648666088336
8848ebb4b9fffff,Phoenix,18.662490822474943
8848ebb4bbfffff,Phoenix,21.85935175768832
8848ebb4bdfffff,Phoenix,40.588439502746944
8848ebb4d1fffff,Phoenix,8.991646231641456
8848ebb4d3fffff,Phoenix,21.412603594253337
8848ebb4d5fffff,Phoenix,15.645222730903093
8848ebb4d7fffff,Phoenix,17.033359684828547
8848ebb4dbfffff,Phoenix,0.9123729146777224
8848ebb4e1fffff,Phoenix,2.3354179393433276
8848ebb4e3fffff,Phoenix,24.678439584906865
8848ebb4e5fffff,Phoenix,6.641858354888347
8848ebb4e7fffff,Phoenix,31.981440180042778
8848ebb4ebfffff,Phoenix,4.766518453204364
8848ebb583fffff,Phoenix,1.592805449729948
8848ebb589fffff,Phoenix,0.2525894310839353
8848ebb58bfffff,Phoenix,11.23989610060265
8848ebb591fffff,Phoenix,22.622297361309094
8848ebb593fffff,Phoenix,22.64472314611232
8848ebb595fffff,Phoenix,27.455368038030933
8848ebb597fffff,Phoenix,13.792946992829085
8848ebb599fffff,Phoenix,23.043881388293002
8848ebb59bfffff,Phoenix,22.78487509409363
8848ebb59dfffff,Phoenix,29.033463450048295
8848ebb5b1fffff,Phoenix,1.014869575354796
8848ebb5b3fffff,Phoenix,0.7876211290012978
8848ebb5b9fffff,Phoenix,1.07413618613009
8848ebb5bbfffff,Phoenix,4.345706033934874
8848ebb5c1fffff,Phoenix,0.28270673721611744
8848ebb5c3fffff,Phoenix,6.609501165866713
8848ebb5c5fffff,Phoenix,1.181402258659165
8848ebb5c7fffff,Phoenix,1.1650063719698542
8848ebb5d1fffff,Phoenix,18.71070530958324
8848ebb5d3fffff,Phoenix,39.30288252472994
8848ebb5d5fffff,Phoenix,19.23569204773026
8848ebb5d7fffff,Phoenix,30.72065575891699
8848ebb5d9fffff,Phoenix,17.259131574513596
8848ebb5dbfffff,Phoenix,22.987344523664042
8848ebb5ddfffff,Phoenix,14.973386534935527
8848ebb5e9fffff,Phoenix,1.0144123429399932
8828308017fffff,San Francisco,51.13329438260117
882830801bfffff,San Francisco,56.103955430176676
8828308033fffff,San Francisco,18.852306589698696
8828308037fffff,San Francisco,13.362355288956438
882830803bfffff,San Francisco,13.475084826373271
882830805bfffff,San Francisco,18.34848292634313
8828308099fffff,San Francisco,2.382908985543428
88283080c1fffff,San Francisco,0.540620807370902
88283080c9fffff,San Francisco,90.03837129300273
88283080cbfffff,San Francisco,103.86296166837792
88283080d3fffff,San Francisco,0.5405237879424419
88283080d7fffff,San Francisco,6.87753212222351
88283080d9fffff,San Francisco,24.600302827837105
88283080ddfffff,San Francisco,18.553470679518714
88283080e1fffff,San Francisco,95.48850997637571
88283080e3fffff,San Francisco,40.61240787156982
88283080e5fffff,San Francisco,21.995952041693034
88283080e7fffff,San Francisco,52.897781868811734
88283080e9fffff,San Francisco,19.102489889770162
88283080edfffff,San Francisco,46.928486975494636
88283081cbfffff,San Francisco,21.898321933541354
8828308201fffff,San Francisco,36.302574698942394
8828308203fffff,San Francisco,49.612507297212225
8828308207fffff,San Francisco,0.9368554008918303
8828308209fffff,San Francisco,84.50519477698666
882830820bfffff,San Francisco,96.16795762481554
882830820dfffff,San Francisco,39.75960188782653
8828308211fffff,San Francisco,163.42272656397182
8828308213fffff,San Francisco,215.8099947296862
8828308215fffff,San Francisco,150.05103550060497
8828308217fffff,San Francisco,176.96318377311516
8828308219fffff,San Francisco,135.21799324582514
882830821bfffff,San Francisco,196.1177498751299
882830821dfffff,San Francisco,151.5901963154211
8828308239fffff,San Francisco,1.956325723302898
882830823bfffff,San Francisco,81.42073059319948
8828308243fffff,San Francisco,4.242600487122323
8828308247fffff,San Francisco,23.77057350834091
8828308251fffff,San Francisco,118.95116231393298
8828308253fffff,San Francisco,173.05518722924091
8828308255fffff,San Francisco,20.266823663941974
8828308257fffff,San Francisco,117.15051495616584
8828308259fffff,San Francisco,111.00791788055984
882830825bfffff,San Francisco,172.88150761244574
882830825dfffff,San Francisco,69.06908813319076
8828308281fffff,San Francisco,226.21931289163822
8828308283fffff,San Francisco,174.16725579888725
8828308285fffff,San Francisco,205.94362616378928
8828308287fffff,San Francisco,147.44369423536324
8828308289fffff,San Francisco,167.75813651795306
882830828bfffff,San Francisco,169.37459688842216
882830828dfffff,San Francisco,229.93240296287684
8828308291fffff,San Francisco,184.64092704987456
8828308293fffff,San Francisco,129.13093753637332
8828308295fffff,San Francisco,173.6661709110927
8828308297fffff,San Francisco,114.01259052323583
8828308299fffff,San Francisco,124.48889112404737
882830829bfffff,San Francisco,134.79179721075582
882830829dfffff,San Francisco,145.224147662574
88283082a1fffff,San Francisco,181.58695871939528
88283082a3fffff,San Francisco,163.10883382249966
88283082a5fffff,San Francisco,45.30770742646863
88283082a7fffff,San Francisco,62.829722569083216
88283082a9fffff,San Francisco,216.8988421467494
88283082abfffff,San Francisco,151.40744210535442
88283082adfffff,San Francisco,52.02683680530117
88283082b1fffff,San Francisco,162.56678869346058
88283082b3fffff,San Francisco,152.27056258218036
88283082b5fffff,San Francisco,185.2919666990201
88283082b7fffff,San Francisco,161.67641862077525
88283082b9fffff,San Francisco,175.2816484052755
88283082bbfffff,San Francisco,119.62441293774681
88283082bdfffff,San Francisco,162.5953502018567
88283082c1fffff,San Francisco,163.43518449099497
88283082c3fffff,San Francisco,140.81802260609436
88283082c5fffff,San Francisco,173.4669054139696
88283082c7fffff,San Francisco,147.4781747011522
88283082c9fffff,San Francisco,165.25804960576662
88283082cbfffff,San Francisco,137.03941321417196
88283082cdfffff,San Francisco,163.11297946622668
88283082d1fffff,San Francisco,162.54293999043088
88283082d3fffff,San Francisco,125.36608092766556
88283082d5fffff,San Francisco,139.25231541299695
88283082d7fffff,San Francisco,117.57407650272275
88283082d9fffff,San Francisco,133.99081460889187
88283082dbfffff,San Francisco,101.23754612850301
88283082ddfffff,San Francisco,118.60441126311774
88283082e1fffff,San Francisco,179.39924772724683
88283082e3fffff,San Francisco,190.17771525398842
88283082e5fffff,San Francisco,16.29757191536609
88283082e7fffff,San Francisco,145.74883443282596
88283082e9fffff,San Francisco,142.84471151947483
88283082ebfffff,San Francisco,151.42271636586327
88283082edfffff,San Francisco,122.49574073159968
8828308441fffff,San Francisco,9.146372774312956
8828308445fffff,San Francisco,11.267408186662275
8828308449fffff,San Francisco,8.544610007545213
882830844dfffff,San Francisco,11.944854112555543
8828308469fffff,San Francisco,2.0595057574394438
882830866dfffff,San Francisco,52.38459462548414
8828308703fffff,San Francisco,41.140681328331276
8828308709fffff,San Francisco,131.45555889441158
882830870bfffff,San Francisco,4.288682543537381
882830870dfffff,San Francisco,0.7093196527405085
8828308713fffff,San Francisco,13.090559160499332
8828308715fffff,San Francisco,9.118004188061906
8828308717fffff,San Francisco,11.699749484526492
8828308731fffff,San Francisco,1.969395623407983
8828308739fffff,San Francisco,2.0562034895078822
882830873bfffff,San Francisco,39.590114778553136
8828308741fffff,San Francisco,55.03928877632002
8828308743fffff,San Francisco,71.68195585167724
8828308745fffff,San Francisco,78.31257823675838
8828308747fffff,San Francisco,134.46726851245975
8828308749fffff,San Francisco,134.9356742550134
882830874bfffff,San Francisco,95.16670559560505
882830874dfffff,San Francisco,108.32532904987379
882830875dfffff,San Francisco,3.5409427109554716
8828308761fffff,San Francisco,91.00033294922865
8828308765fffff,San Francisco,67.76252705824322
8828308769fffff,San Francisco,128.7479958992508
882830876bfffff,San Francisco,151.86848056689777
882830876dfffff,San Francisco,141.546347986203
88283090b3fffff,San Francisco,1.5267353105178347
88283090b7fffff,San Francisco,0.4160387080416539
8828309421fffff,San Francisco,36.80823129209527
8828309423fffff,San Francisco,35.99381300158052
8828309425fffff,San Francisco,125.09956761759938
8828309427fffff,San Francisco,89.57435779247146
8828309429fffff,San Francisco,6.808879809430185
882830942bfffff,San Francisco,32.818082095293654
882830942dfffff,San Francisco,9.426410555076464
8828309435fffff,San Francisco,40.561100713551205
8828309437fffff,San Francisco,18.302034075707276
882830943dfffff,San Francisco,5.166562027891059
8828309501fffff,San Francisco,153.7835813803361
8828309503fffff,San Francisco,160.20986293776778
8828309505fffff,San Francisco,93.61265455441985
8828309507fffff,San Francisco,145.45824906591537
8828309509fffff,San Francisco,68.03752434995623
882830950bfffff,San Francisco,159.07268344871414
882830950dfffff,San Francisco,99.18770939436071
8828309511fffff,San Francisco,135.40033848056316
8828309513fffff,San Francisco,210.28427914928844
8828309515fffff,San Francisco,140.55762634297406
8828309517fffff,San Francisco,142.91189329142682
8828309519fffff,San Francisco,133.82528370106604
882830951bfffff,San Francisco,164.25343605140753
882830951dfffff,San Francisco,112.44551280846288
8828309521fffff,San Francisco,143.53704901736887
8828309523fffff,San Francisco,161.42885711028498
8828309525fffff,San Francisco,189.8555477831594
8828309527fffff,San Francisco,215.04970734362746
8828309529fffff,San Francisco,43.5445285778102
882830952bfffff,San Francisco,120.96096695265071
882830952dfffff,San Francisco,116.56433868439959
8828309531fffff,San Francisco,107.82682644380978
8828309533fffff,San Francisco,133.59498507162303
8828309535fffff,San Francisco,123.95724381632375
8828309537fffff,San Francisco,122.07834777443162
8828309539fffff,San Francisco,151.1520647539857
882830953bfffff,San Francisco,112.47201393613202
882830953dfffff,San Francisco,215.6744369492694
8828309551fffff,San Francisco,6.254620840482404
8828309553fffff,San Francisco,114.77666140357793
8828309555fffff,San Francisco,33.306627963752064
8828309557fffff,San Francisco,150.56830958169002
8828309561fffff,San Francisco,58.37475310784382
8828309563fffff,San Francisco,71.56676367784867
8828309565fffff,San Francisco,86.34151412203516
8828309567fffff,San Francisco,98.81180553820143
8828309569fffff,San Francisco,1.79688392434107
882830956bfffff,San Francisco,16.555030034077774
8828309581fffff,San Francisco,120.6722781366412
8828309583fffff,San Francisco,128.51187891862932
8828309585fffff,San Francisco,125.6428745883913
8828309587fffff,San Francisco,87.41188853020502
8828309589fffff,San Francisco,110.26594169325084
882830958bfffff,San Francisco,108.6882313581981
882830958dfffff,San Francisco,92.93150296989462
8828309591fffff,San Francisco,2.3337606673723412
8828309595fffff,San Francisco,67.07041956189506
8828309597fffff,San Francisco,54.173214235765094
882830959dfffff,San Francisco,78.38188296895277
88283095a1fffff,San Francisco,64.28229943346608
88283095a3fffff,San Francisco,120.55736232914775
88283095a5fffff,San Francisco,86.64794229207985
88283095a7fffff,San Francisco,126.3208476130536
88283095a9fffff,San Francisco,121.48931168052539
88283095abfffff,San Francisco,94.50543711977649
88283095adfffff,San Francisco,130.9717168404631
88283095b1fffff,San Francisco,121.29681562423758
88283095b3fffff,San Francisco,41.16410268658227
88283095b5fffff,San Francisco,118.72714415145992
88283095b7fffff,San Francisco,91.01717995640563
88283095b9fffff,San Francisco,75.62126733892477
88283095bbfffff,San Francisco,125.56785883698144
88283095bdfffff,San Francisco,89.38443828415915
88283095c1fffff,San Francisco,156.41496591104226
88283095c3fffff,San Francisco,132.65811186870647
88283095c5fffff,San Francisco,124.43337550505582
88283095c7fffff,San Francisco,108.86320596052559
88283095c9fffff,San Francisco,37.32528452875569
88283095cbfffff,San Francisco,101.56902068753048
88283095cdfffff,San Francisco,156.69064086163667
88283095d5fffff,San Francisco,98.98384580606044
88283095d7fffff,San Francisco,19.544477322132895
88283095ddfffff,San Francisco,61.965764366008024
88283095e1fffff,San Francisco,123.21700230255875
88283095e3fffff,San Francisco,141.40776080349698
88283095e5fffff,San Francisco,133.61184827281508
88283095e7fffff,San Francisco,99.3778965457493
88283095e9fffff,San Francisco,140.69608109354388
88283095ebfffff,San Francisco,132.3792315558228
88283095edfffff,San Francisco,146.11891201517977
