cell_id,city,exposure_million_miles,claims,hdv_freq_per_million_miles_true
San_Francisco_000000,San Francisco,0.8774536872215528,5,4.485272112687732
San_Francisco_000001,San Francisco,1.183088537596584,1,3.8530219946838247
San_Francisco_000002,San Francisco,2.1531059571198776,10,3.5515332682861955
San_Francisco_000003,San Francisco,3.725478811773817,14,4.019350140552395
San_Francisco_000004,San Francisco,1.1171058192389376,3,3.3678654859703663
San_Francisco_000005,San Francisco,0.722500584905637,2,4.037115752963346
San_Francisco_000006,San Francisco,0.9414455075919679,7,5.469245331408893
San_Francisco_000007,San Francisco,2.4928526110560933,8,4.386014354406527
San_Francisco_000008,San Francisco,1.398652110653336,9,3.8557046241579602
San_Francisco_000009,San Francisco,1.13342096101547,5,3.409288557641504
San_Francisco_000010,San Francisco,1.0588199635145656,8,5.0556813764044355
San_Francisco_000011,San Francisco,1.0778583538490978,5,4.826269647381412
San_Francisco_000012,San Francisco,1.4599828388671847,10,4.495660199353095
San_Francisco_000013,San Francisco,2.440427776340531,11,4.958446829111576
San_Francisco_000014,San Francisco,1.3105969802940014,3,4.481924944343111
San_Francisco_000015,San Francisco,1.074807572802693,3,3.8029918320711356
San_Francisco_000016,San Francisco,0.920519589923779,3,4.902935702780918
San_Francisco_000017,San Francisco,0.6985251578365922,5,5.63420936732052
San_Francisco_000018,San Francisco,1.6670691974439196,7,3.6357890671205335
San_Francisco_000019,San Francisco,1.334324015271626,6,2.542659599580565
San_Francisco_000020,San Francisco,2.1625080839132043,8,4.253444672481303
San_Francisco_000021,San Francisco,1.3255685115393623,7,4.071696164612636
San_Francisco_000022,San Francisco,1.2528870662871687,11,4.481151649466183
San_Francisco_000023,San Francisco,1.4200819145272319,6,3.8884789292890107
San_Francisco_000024,San Francisco,1.370879318940918,9,5.272430935153612
San_Francisco_000025,San Francisco,2.0571250477387406,6,4.1739885989269725
San_Francisco_000026,San Francisco,1.2983514263705667,9,3.513407013122561
San_Francisco_000027,San Francisco,1.4376463915409192,5,3.9942459810584285
San_Francisco_000028,San Francisco,2.5530811469157877,7,4.48629080024008
San_Francisco_000029,San Francisco,4.514470744729249,17,3.5817779100817675
San_Francisco_000030,San Francisco,1.2228440570166683,10,4.372796740482849
San_Francisco_000031,San Francisco,1.341369017811267,4,4.317348334781024
San_Francisco_000032,San Francisco,1.578585004254028,12,4.106022513805968
San_Francisco_000033,San Francisco,0.9252310934729806,2,4.355049994208626
San_Francisco_000034,San Francisco,1.8072374679940513,5,4.261888434765106
San_Francisco_000035,San Francisco,1.4269392328349602,13,4.470714794812732
San_Francisco_000036,San Francisco,1.9065392907521919,16,3.788507610971996
San_Francisco_000037,San Francisco,1.1035851412798618,4,3.6911622808498974
San_Francisco_000038,San Francisco,1.3464530139507582,6,4.202474633861432
San_Francisco_000039,San Francisco,0.7631329349053422,3,3.623121843126098
San_Francisco_000040,San Francisco,2.108040830452879,11,3.4337177194496404
San_Francisco_000041,San Francisco,0.9779615721551113,3,4.330436742528489
San_Francisco_000042,San Francisco,2.2060319434371483,12,4.580967038341931
San_Francisco_000043,San Francisco,1.8367994853937721,7,3.701568619561147
San_Francisco_000044,San Francisco,2.325773276050271,11,3.6255734946619897
San_Francisco_000045,San Francisco,2.257857825572906,7,4.100248588694396
San_Francisco_000046,San Francisco,2.168024233427489,7,4.3849105581681345
San_Francisco_000047,San Francisco,1.3705184199510225,6,3.996160841204727
San_Francisco_000048,San Francisco,2.5983853950442657,4,3.78112766443065
San_Francisco_000049,San Francisco,1.1151314719916687,3,4.346511509371971
San_Francisco_000050,San Francisco,1.6155700927800607,4,3.0287047899215462
San_Francisco_000051,San Francisco,1.8132333953895952,7,3.9893058460501134
San_Francisco_000052,San Francisco,0.8689035419320484,2,4.220232267582826
San_Francisco_000053,San Francisco,1.325521372231509,4,3.9166657591511522
San_Francisco_000054,San Francisco,1.0941391924649708,5,4.5288548980485235
San_Francisco_000055,San Francisco,0.8765062809223457,4,4.159052908888709
San_Francisco_000056,San Francisco,1.6347029037903935,6,4.396691524534835
San_Francisco_000057,San Francisco,2.488703763564462,9,3.5277546806844353
San_Francisco_000058,San Francisco,0.7558822929926166,2,3.275349862563415
San_Francisco_000059,San Francisco,2.1185727061656605,3,3.2420634208830506
San_Francisco_000060,San Francisco,0.8506813692688653,3,5.283434598462542
San_Francisco_000061,San Francisco,1.2712943147485634,5,4.387622678815378
San_Francisco_000062,San Francisco,1.179934557926063,7,4.474262421179027
San_Francisco_000063,San Francisco,2.757057156069551,11,3.6691736772918917
San_Francisco_000064,San Francisco,2.10493095185036,9,4.7742884904999885
San_Francisco_000065,San Francisco,0.5862403689003272,1,3.769167007001179
San_Francisco_000066,San Francisco,1.6109593294324636,5,4.106532278022341
San_Francisco_000067,San Francisco,2.3859284885058423,9,3.635799649841093
San_Francisco_000068,San Francisco,1.1629518064438256,4,4.419416846075038
San_Francisco_000069,San Francisco,0.9497245166770485,2,4.449770193378001
San_Francisco_000070,San Francisco,1.4737179751333924,1,4.339767800548112
San_Francisco_000071,San Francisco,0.8303314273730078,2,3.459557999470943
San_Francisco_000072,San Francisco,1.4189534185948265,1,3.9479621726955685
San_Francisco_000073,San Francisco,2.0000255562457045,4,3.096985868320221
San_Francisco_000074,San Francisco,2.6903708977865257,14,4.286557744087221
San_Francisco_000075,San Francisco,2.984000894419698,8,3.508292986232939
San_Francisco_000076,San Francisco,0.7792856223528235,3,3.9606269199499247
San_Francisco_000077,San Francisco,1.0471316898191352,6,4.333288262565512
San_Francisco_000078,San Francisco,1.638553281544034,8,4.673257721268752
San_Francisco_000079,San Francisco,0.6799896303857039,6,4.18846710602658
San_Francisco_000080,San Francisco,2.342824618755233,12,4.785137879954937
San_Francisco_000081,San Francisco,0.9972404509890846,5,5.0531840867751185
San_Francisco_000082,San Francisco,1.2469607595876524,0,4.488378244364965
San_Francisco_000083,San Francisco,2.3565796848732985,9,4.075210749342441
San_Francisco_000084,San Francisco,0.9276831326073125,5,3.125251688460158
San_Francisco_000085,San Francisco,1.2148530879643284,5,4.2558608048543904
San_Francisco_000086,San Francisco,1.0242915507832207,2,3.3628464316178714
San_Francisco_000087,San Francisco,0.8783628851520071,3,5.5331737969722345
San_Francisco_000088,San Francisco,2.563269931974965,11,4.107013859796382
San_Francisco_000089,San Francisco,0.7325498892937612,5,3.516403047483641
San_Francisco_000090,San Francisco,1.5153973215334626,9,4.773340791373528
San_Francisco_000091,San Francisco,0.7095205624299926,1,3.505959888235239
San_Francisco_000092,San Francisco,0.7458272462173923,5,4.789545886902481
San_Francisco_000093,San Francisco,1.2400285571689778,3,3.367235574716885
San_Francisco_000094,San Francisco,2.6696315312315755,15,3.34214042767222
San_Francisco_000095,San Francisco,1.205529288871403,9,3.9556130717947244
San_Francisco_000096,San Francisco,2.5580528065885177,10,4.443916865280659
San_Francisco_000097,San Francisco,1.2142974746565631,9,4.554969324572473
San_Francisco_000098,San Francisco,2.4793261840272844,14,4.961667691557351
San_Francisco_000099,San Francisco,0.9900510738656993,6,4.634582128096423
San_Francisco_000100,San Francisco,2.3613424695092373,11,3.8747924569634025
San_Francisco_000101,San Francisco,0.9817563443022386,6,4.148322584266437
San_Francisco_000102,San Francisco,1.7765290716702493,5,4.376490510041694
San_Francisco_000103,San Francisco,1.2850299036620387,3,2.5675444913205343
San_Francisco_000104,San Francisco,1.7557629306441274,6,5.528629522063266
San_Francisco_000105,San Francisco,2.309647052505464,15,4.252581144403563
San_Francisco_000106,San Francisco,1.0691298266866827,8,4.811650033946394
San_Francisco_000107,San Francisco,0.8039646857262054,3,3.0867294329865227
San_Francisco_000108,San Francisco,0.7097914324066308,6,3.7806105842730098
San_Francisco_000109,San Francisco,1.8941215362889547,14,4.87273208939348
San_Francisco_000110,San Francisco,0.7328148981803326,3,5.007541610898745
San_Francisco_000111,San Francisco,1.9301620593528928,10,3.0139044617426243
San_Francisco_000112,San Francisco,1.482186870749962,6,4.171930216924888
San_Francisco_000113,San Francisco,1.756716420164548,9,5.608309908332332
San_Francisco_000114,San Francisco,0.5555939653662412,1,4.051691760955493
San_Francisco_000115,San Francisco,1.7324767419766716,7,5.03412425161548
San_Francisco_000116,San Francisco,1.507518217143575,10,4.775009617681616
San_Francisco_000117,San Francisco,1.5585359171659336,4,4.282624106463602
San_Francisco_000118,San Francisco,1.8097869376870488,6,4.079616591269684
San_Francisco_000119,San Francisco,1.2581394236541155,6,4.003072369597483
San_Francisco_000120,San Francisco,0.7686874712743523,4,4.77589840238409
San_Francisco_000121,San Francisco,0.8991489210301133,1,4.787052366262189
San_Francisco_000122,San Francisco,1.1003849146645686,4,3.7664155239872117
San_Francisco_000123,San Francisco,1.1176961839347137,4,3.997072514753976
San_Francisco_000124,San Francisco,1.702675698908815,8,4.86227566605559
San_Francisco_000125,San Francisco,0.6603408051202659,1,3.134047686471131
San_Francisco_000126,San Francisco,4.890801550271845,18,4.798212314738696
San_Francisco_000127,San Francisco,2.3443536788325465,9,3.1266036561327573
San_Francisco_000128,San Francisco,1.8515456047420242,5,4.5612847990043
San_Francisco_000129,San Francisco,0.8387635340733518,7,4.502449749091367
San_Francisco_000130,San Francisco,1.5143654745765067,1,3.7071603930989765
San_Francisco_000131,San Francisco,2.706954052811711,10,5.131850165319766
San_Francisco_000132,San Francisco,2.265733894099669,16,5.330774252925168
San_Francisco_000133,San Francisco,1.0946738311897295,7,3.759036746423616
San_Francisco_000134,San Francisco,0.616187902087099,0,5.05962198983774
San_Francisco_000135,San Francisco,2.012125897367823,10,3.9260022147929865
San_Francisco_000136,San Francisco,0.8237259495527101,3,6.078508070951237
San_Francisco_000137,San Francisco,1.6887417728514957,8,3.0116783870709884
San_Francisco_000138,San Francisco,1.780915193476072,9,5.221264388353044
San_Francisco_000139,San Francisco,1.081319203837348,3,3.0554457351832665
San_Francisco_000140,San Francisco,1.333679090490131,3,3.835286277521867
San_Francisco_000141,San Francisco,0.6189915282498459,1,4.385245480597491
San_Francisco_000142,San Francisco,0.585933984611199,0,3.5084823270872305
San_Francisco_000143,San Francisco,1.4164569101973892,2,4.052294461909763
San_Francisco_000144,San Francisco,1.000066715696147,5,4.631573001468497
San_Francisco_000145,San Francisco,2.2547774228108035,5,3.3477806677764037
San_Francisco_000146,San Francisco,1.7433284367305117,5,4.005498732530423
San_Francisco_000147,San Francisco,1.6942985458454454,6,3.982144039664924
San_Francisco_000148,San Francisco,0.6918604754543287,3,3.988155143118741
San_Francisco_000149,San Francisco,2.099523640198543,6,4.5461656137788555
San_Francisco_000150,San Francisco,1.8159099782083958,13,5.830902193516645
San_Francisco_000151,San Francisco,0.882842988319213,4,5.529739679990175
San_Francisco_000152,San Francisco,0.7772028273196551,5,3.1679481220499386
San_Francisco_000153,San Francisco,2.6140090053223237,11,3.9417942781666935
San_Francisco_000154,San Francisco,2.1648744903950803,7,3.3657246484633405
San_Francisco_000155,San Francisco,0.9645647397121009,4,3.2775900408008254
San_Francisco_000156,San Francisco,1.3801852383752276,6,3.8375530975154213
San_Francisco_000157,San Francisco,1.9803400675686,6,2.9676652055498756
San_Francisco_000158,San Francisco,0.8074265376861509,5,4.167381054185091
San_Francisco_000159,San Francisco,1.4748734956176,12,4.11698957175456
San_Francisco_000160,San Francisco,1.4421711390341048,9,3.94640783344144
San_Francisco_000161,San Francisco,0.7653949512427344,1,5.278160516487639
San_Francisco_000162,San Francisco,0.8136320037746925,1,4.385227448388097
San_Francisco_000163,San Francisco,1.6904896375811824,7,3.970070448654807
San_Francisco_000164,San Francisco,1.5789581274745392,3,4.049719697640919
San_Francisco_000165,San Francisco,0.7167208169120651,4,4.392197164624438
San_Francisco_000166,San Francisco,1.7369186863076669,7,4.449976386493443
San_Francisco_000167,San Francisco,0.7818335533780467,5,3.782247630198553
San_Francisco_000168,San Francisco,1.0236448126193238,2,3.221702696207017
San_Francisco_000169,San Francisco,1.4543645448533864,7,4.168557443373728
San_Francisco_000170,San Francisco,1.1807391554469637,8,6.129372521323021
San_Francisco_000171,San Francisco,1.4653378169686682,9,4.442874344542401
San_Francisco_000172,San Francisco,1.1901765537058557,1,3.601426208958104
San_Francisco_000173,San Francisco,1.3655795159936146,6,4.535629380910096
San_Francisco_000174,San Francisco,2.5270165994826423,11,4.441576800576525
San_Francisco_000175,San Francisco,1.2731312538526796,2,3.2456995367547843
San_Francisco_000176,San Francisco,1.710925912390798,4,3.8802655533691954
San_Francisco_000177,San Francisco,0.7872923288507043,2,5.057980947393946
San_Francisco_000178,San Francisco,2.285471022868065,4,4.316121335887955
San_Francisco_000179,San Francisco,1.6241025693943167,6,5.127353464830859
San_Francisco_000180,San Francisco,1.8860496782515708,9,4.725532154279438
San_Francisco_000181,San Francisco,3.148334120052569,11,3.59872768164751
San_Francisco_000182,San Francisco,0.6996938791931306,3,3.682362042513429
San_Francisco_000183,San Francisco,0.7951028540200937,3,3.762955371593549
San_Francisco_000184,San Francisco,1.2390594367156758,4,3.1441104505883857
San_Francisco_000185,San Francisco,1.4392182715432877,4,3.5627456749687876
San_Francisco_000186,San Francisco,0.7029563350911348,3,3.329813122269177
San_Francisco_000187,San Francisco,2.376049767418503,5,3.939085158482586
San_Francisco_000188,San Francisco,1.534589340435317,7,4.595784603114497
San_Francisco_000189,San Francisco,2.0644373830388094,6,3.899325508596628
San_Francisco_000190,San Francisco,1.6557684515534128,7,4.750206655819216
San_Francisco_000191,San Francisco,1.646676633019582,3,4.353940951072202
San_Francisco_000192,San Francisco,1.827997671540643,9,4.164171404295358
San_Francisco_000193,San Francisco,1.1481490801123562,4,4.95729616837101
San_Francisco_000194,San Francisco,3.7072252593831108,14,3.4288406297041645
San_Francisco_000195,San Francisco,1.8544469323026511,11,3.9779868277230994
San_Francisco_000196,San Francisco,1.21706191197518,3,4.023621934993863
San_Francisco_000197,San Francisco,1.7749467730424755,13,4.1048599925501215
San_Francisco_000198,San Francisco,1.2911230216911445,4,3.6876110813682135
San_Francisco_000199,San Francisco,1.431006981242628,6,3.6967704952116978
San_Francisco_000200,San Francisco,0.8351171145062644,4,5.065676729941882
San_Francisco_000201,San Francisco,1.0744266331061425,5,4.610487225083842
San_Francisco_000202,San Francisco,2.511302769500067,5,4.093932872179906
San_Francisco_000203,San Francisco,1.3315226984205508,2,4.248627352146088
San_Francisco_000204,San Francisco,0.5616804588244758,4,4.963768930765922
San_Francisco_000205,San Francisco,0.9854377498624753,5,3.6549350543895143
San_Francisco_000206,San Francisco,0.8998106894491315,3,3.492285731291609
San_Francisco_000207,San Francisco,2.1203251057883756,7,3.8916185264897556
San_Francisco_000208,San Francisco,1.351323165420889,1,3.3536052931351055
San_Francisco_000209,San Francisco,1.7464519453719458,6,3.972995588676749
San_Francisco_000210,San Francisco,0.6621719625221996,4,3.482510245503261
San_Francisco_000211,San Francisco,1.157817912745816,4,4.074483941907801
San_Francisco_000212,San Francisco,1.927052808730849,19,5.570363696243468
San_Francisco_000213,San Francisco,4.156874574208862,15,3.6209361378500278
San_Francisco_000214,San Francisco,1.3099510330388373,7,3.685174850182679
San_Francisco_000215,San Francisco,0.8860763722714815,4,4.285662717154406
San_Francisco_000216,San Francisco,1.6004449783646804,9,3.6249852571684866
San_Francisco_000217,San Francisco,0.7066802785398005,2,4.788961599319839
San_Francisco_000218,San Francisco,0.674268780805831,0,4.218038093037955
San_Francisco_000219,San Francisco,1.5053098925419413,3,3.287817457111595
San_Francisco_000220,San Francisco,0.7719463785334735,2,5.292050018638274
San_Francisco_000221,San Francisco,1.6801810478122463,10,4.456119431275431
San_Francisco_000222,San Francisco,0.8796120126073296,5,4.33601112857244
San_Francisco_000223,San Francisco,3.6361064220028245,11,3.936142245633377
San_Francisco_000224,San Francisco,2.7246224158710697,7,3.724090371626215
San_Francisco_000225,San Francisco,2.0728565681747586,13,3.9189369699764365
San_Francisco_000226,San Francisco,1.0608979426321352,4,4.409260039768552
San_Francisco_000227,San Francisco,0.8050996904483207,3,2.979719794642003
San_Francisco_000228,San Francisco,1.5142694674179078,3,4.806036026650087
San_Francisco_000229,San Francisco,1.0770313073340025,3,3.843569446184905
San_Francisco_000230,San Francisco,2.2478529207905638,8,3.5466174255303415
San_Francisco_000231,San Francisco,1.6293814814059162,8,5.241997009928549
San_Francisco_000232,San Francisco,0.8599296409807711,2,3.8555600238514143
San_Francisco_000233,San Francisco,1.3645081085648043,5,4.470628629582771
San_Francisco_000234,San Francisco,1.1988939592784118,9,4.3475937146065995
San_Francisco_000235,San Francisco,0.8083812185285641,9,5.814685251977312
San_Francisco_000236,San Francisco,1.792293130760306,9,3.792928528207732
San_Francisco_000237,San Francisco,3.1581524681582827,18,4.2870262014306695
San_Francisco_000238,San Francisco,1.5007036306309667,3,4.329670936943735
San_Francisco_000239,San Francisco,1.1466042511331311,8,4.166897969072966
San_Francisco_000240,San Francisco,1.758393061931765,14,4.149862346176175
San_Francisco_000241,San Francisco,1.1280960033164362,6,3.617185397878304
San_Francisco_000242,San Francisco,1.558911947613592,3,3.706045997861209
San_Francisco_000243,San Francisco,1.518264273274606,4,3.961122490501562
San_Francisco_000244,San Francisco,0.7411162751958781,4,4.523791487514673
San_Francisco_000245,San Francisco,2.6588516328154115,8,3.755961840445839
San_Francisco_000246,San Francisco,0.8099465715651267,1,3.8600662598712523
San_Francisco_000247,San Francisco,1.8298456142103574,4,3.7457483651080534
San_Francisco_000248,San Francisco,1.4739767131775388,4,3.7105576929054482
San_Francisco_000249,San Francisco,1.250451264326422,9,3.7147579450148536
San_Francisco_000250,San Francisco,1.4776776415097839,3,4.401750189493175
San_Francisco_000251,San Francisco,0.8667637224939959,1,3.4407356724947737
San_Francisco_000252,San Francisco,0.8427548154433593,5,5.572445447844227
San_Francisco_000253,San Francisco,0.6179146449902575,1,3.6350553339706373
San_Francisco_000254,San Francisco,1.8096327808073642,7,3.829306672570912
San_Francisco_000255,San Francisco,1.482917896349584,6,3.848960102746804
San_Francisco_000256,San Francisco,0.7811178661884695,3,4.211391964599129
San_Francisco_000257,San Francisco,4.553848923965542,25,4.721262403556055
San_Francisco_000258,San Francisco,0.7711596288196025,2,3.8088693446960886
San_Francisco_000259,San Francisco,3.041401950794661,11,4.503798010073746
San_Francisco_000260,San Francisco,1.4379783389058338,3,3.068463643320071
San_Francisco_000261,San Francisco,1.4079821183781094,3,4.080039601973848
San_Francisco_000262,San Francisco,2.0394809555991493,6,3.6863986062870606
San_Francisco_000263,San Francisco,2.3771761836143375,4,4.1860610303199195
San_Francisco_000264,San Francisco,2.2983560765079165,7,3.8773211275640067
San_Francisco_000265,San Francisco,2.365965845266513,7,3.79104412005571
San_Francisco_000266,San Francisco,1.173655627534655,4,3.602557905458443
San_Francisco_000267,San Francisco,1.4771041252532175,9,5.056037605341022
San_Francisco_000268,San Francisco,0.8643012609997329,5,4.49225443804874
San_Francisco_000269,San Francisco,0.801092804976971,3,4.784377016797252
San_Francisco_000270,San Francisco,0.7617620463081591,3,4.548879715193412
San_Francisco_000271,San Francisco,0.567881571051854,2,3.7365778567508925
San_Francisco_000272,San Francisco,0.9958053942909311,4,3.863688113723998
San_Francisco_000273,San Francisco,1.6499483000915633,8,4.557284839527204
San_Francisco_000274,San Francisco,2.1179089417822565,10,3.815039930269587
San_Francisco_000275,San Francisco,1.692882894488165,6,4.249399066807622
San_Francisco_000276,San Francisco,0.6852316315321343,2,4.489218257126224
San_Francisco_000277,San Francisco,2.1170036011685673,3,3.1488591959074563
San_Francisco_000278,San Francisco,1.4998049174191812,5,3.5165193461903024
San_Francisco_000279,San Francisco,0.990657975051793,6,4.307986898443051
San_Francisco_000280,San Francisco,1.7382200546921107,7,3.6401374954538452
San_Francisco_000281,San Francisco,1.5389281056729258,7,3.309034123274471
San_Francisco_000282,San Francisco,1.8724788621658852,8,4.864908390617287
San_Francisco_000283,San Francisco,1.0947525022190425,2,4.609362309762023
San_Francisco_000284,San Francisco,0.9480313037534012,2,4.078826558885306
San_Francisco_000285,San Francisco,0.7678620996157213,3,4.29101267499166
San_Francisco_000286,San Francisco,1.445493694775061,1,4.0605845753586856
San_Francisco_000287,San Francisco,1.8201160594825447,10,3.7076519348302464
San_Francisco_000288,San Francisco,1.3635528348927093,5,3.6147593648033545
San_Francisco_000289,San Francisco,2.3459625990912247,7,3.7664416317047933
San_Francisco_000290,San Francisco,1.7052680793138049,9,3.761493567429178
San_Francisco_000291,San Francisco,0.9488749344784894,7,4.484929455989761
San_Francisco_000292,San Francisco,1.1618651024033393,8,3.8429329813255424
San_Francisco_000293,San Francisco,1.121632347180963,3,4.066406977990825
San_Francisco_000294,San Francisco,0.7833306727465255,0,4.29622951378539
San_Francisco_000295,San Francisco,1.088156949690659,4,4.418773444333417
San_Francisco_000296,San Francisco,0.9680104164521648,8,5.125307476035205
San_Francisco_000297,San Francisco,1.1809930962829678,5,3.7210566910553613
San_Francisco_000298,San Francisco,2.3086101293635135,13,5.702959315988237
San_Francisco_000299,San Francisco,1.7631335420311693,8,3.876205360475127
San_Francisco_000300,San Francisco,0.8942103068185266,4,3.933988926035428
San_Francisco_000301,San Francisco,1.3082833220047354,6,3.9664105354118515
San_Francisco_000302,San Francisco,1.955072173736685,6,4.386278014058355
San_Francisco_000303,San Francisco,1.2652107440186686,3,5.34651100780432
San_Francisco_000304,San Francisco,1.9262744820070679,6,3.688880843138035
San_Francisco_000305,San Francisco,1.6840199937109017,3,3.2451634674030707
San_Francisco_000306,San Francisco,4.71406049350251,18,4.577266210330797
San_Francisco_000307,San Francisco,1.8062399236770184,3,3.9213302236129
San_Francisco_000308,San Francisco,0.7820993943923635,4,3.4330399950422796
San_Francisco_000309,San Francisco,0.9035811473250843,4,3.6551052743678834
San_Francisco_000310,San Francisco,1.4374291174309517,9,3.8781851291367384
San_Francisco_000311,San Francisco,1.0970430490547667,6,4.23358269689312
San_Francisco_000312,San Francisco,1.6156578336141612,5,3.746602765460657
San_Francisco_000313,San Francisco,2.5534574951940656,9,3.9106740771218953
San_Francisco_000314,San Francisco,1.3633221690550188,6,3.662792595525474
San_Francisco_000315,San Francisco,1.439999571733057,1,3.9604621942290312
San_Francisco_000316,San Francisco,1.1113566812568552,7,4.943892720248799
San_Francisco_000317,San Francisco,0.7002614874880244,0,4.993551255301416
San_Francisco_000318,San Francisco,0.9325066130425367,3,4.054495061874803
San_Francisco_000319,San Francisco,2.448853175130377,9,3.8116601760232114
San_Francisco_000320,San Francisco,0.5974816500354094,1,4.585328368200678
San_Francisco_000321,San Francisco,2.181176309596897,12,3.442342911269081
San_Francisco_000322,San Francisco,1.55888280147006,8,4.653079891352395
San_Francisco_000323,San Francisco,0.8979095383950815,7,4.216437802793218
San_Francisco_000324,San Francisco,0.8163616893581478,6,4.569878601755752
San_Francisco_000325,San Francisco,1.3025686102321927,3,3.263985329833302
San_Francisco_000326,San Francisco,1.1924522937466295,5,4.596496659790655
San_Francisco_000327,San Francisco,0.6801525078419955,4,4.047302531285839
San_Francisco_000328,San Francisco,0.9992136441186348,2,3.7794635228960893
San_Francisco_000329,San Francisco,0.9333890696367291,3,3.8118826975643976
San_Francisco_000330,San Francisco,1.9327856974961681,17,5.079794545939915
San_Francisco_000331,San Francisco,2.2045239631314506,13,3.735411624562001
San_Francisco_000332,San Francisco,1.0493636770215091,4,3.448733608588772
San_Francisco_000333,San Francisco,0.710681366210441,2,4.243861002008378
San_Francisco_000334,San Francisco,0.7803387897412357,2,5.583162073779193
San_Francisco_000335,San Francisco,1.451140528479624,5,4.952575616015963
San_Francisco_000336,San Francisco,1.7771765445507683,10,3.6721008247982914
San_Francisco_000337,San Francisco,0.83163881048568,2,4.0843651006624375
San_Francisco_000338,San Francisco,0.8524442078223811,3,4.156046086894705
San_Francisco_000339,San Francisco,2.255748552854588,5,3.5707396079228526
San_Francisco_000340,San Francisco,1.8718945723112894,10,3.6989829815248783
San_Francisco_000341,San Francisco,0.7579125523923791,1,3.905536664455017
San_Francisco_000342,San Francisco,0.9003854096300048,1,3.1852837540857992
San_Francisco_000343,San Francisco,1.3180411887894663,3,4.298499426242466
San_Francisco_000344,San Francisco,1.6334736544138324,8,3.881856980997828
San_Francisco_000345,San Francisco,1.5132382337590429,6,3.276292143464526
San_Francisco_000346,San Francisco,1.1894698740713099,3,3.7080727566741025
San_Francisco_000347,San Francisco,1.0074764103052936,10,4.581535001979455
San_Francisco_000348,San Francisco,2.624905328620786,11,4.027850056833215
San_Francisco_000349,San Francisco,2.1756369050683966,3,4.063269978027772
San_Francisco_000350,San Francisco,0.7515896817160623,3,4.354702787274629
San_Francisco_000351,San Francisco,2.371599047957388,11,4.706085789624572
San_Francisco_000352,San Francisco,0.7086171174259506,2,4.382931468608144
San_Francisco_000353,San Francisco,0.8241001140280231,3,3.335637404002589
San_Francisco_000354,San Francisco,0.6073889538950142,2,3.482355723118459
San_Francisco_000355,San Francisco,1.4873748490606586,4,4.397148895275617
San_Francisco_000356,San Francisco,1.4580591695693728,11,3.7618052406521088
San_Francisco_000357,San Francisco,2.7952035417263175,15,5.105843501998857
San_Francisco_000358,San Francisco,1.8739853469288557,7,3.579891731435669
San_Francisco_000359,San Francisco,1.6423677687585496,3,4.588517215611015
San_Francisco_000360,San Francisco,2.3022615543705154,14,4.103115815663237
San_Francisco_000361,San Francisco,0.907453452412472,3,3.7098202046994215
San_Francisco_000362,San Francisco,0.9845834739004142,4,3.5988270718972615
San_Francisco_000363,San Francisco,2.720554918306021,16,4.382674898777467
San_Francisco_000364,San Francisco,3.0185921252699033,9,3.527445060785896
San_Francisco_000365,San Francisco,0.8888556590625014,5,4.485559039132674
San_Francisco_000366,San Francisco,1.1625767047107454,5,3.98680398277596
San_Francisco_000367,San Francisco,2.0747914093878226,13,4.266770093797492
San_Francisco_000368,San Francisco,1.0292236570929405,6,4.715905522562962
San_Francisco_000369,San Francisco,1.1562189315963975,4,3.81610525903677
San_Francisco_000370,San Francisco,1.53720848360005,5,3.1401547138406047
San_Francisco_000371,San Francisco,1.1397881425649625,4,4.331940659558188
San_Francisco_000372,San Francisco,0.8485427716280503,3,4.240884390719145
San_Francisco_000373,San Francisco,4.468711032445374,15,4.3624720736883695
San_Francisco_000374,San Francisco,0.9349713206748135,4,4.9480913872798755
San_Francisco_000375,San Francisco,1.2736138212129977,3,3.995275048316108
San_Francisco_000376,San Francisco,1.1938653267387545,4,3.7139717110326442
San_Francisco_000377,San Francisco,1.4856936075219145,6,4.150906624319477
San_Francisco_000378,San Francisco,1.0616792611650467,0,3.681659121085208
San_Francisco_000379,San Francisco,1.252386299892897,6,4.243929128680992
San_Francisco_000380,San Francisco,0.834004398270511,2,4.541143605706908
San_Francisco_000381,San Francisco,1.12489510322504,1,3.8644104481144512
San_Francisco_000382,San Francisco,1.2963615200793934,7,4.146464515070806
San_Francisco_000383,San Francisco,2.655535073350598,8,4.25724306545228
San_Francisco_000384,San Francisco,1.309501342582571,7,3.867185708310947
San_Francisco_000385,San Francisco,1.2400925251496004,3,4.093909529091481
San_Francisco_000386,San Francisco,3.2604816076766787,17,4.593730225440165
San_Francisco_000387,San Francisco,1.6469275775401995,9,4.127522418508419
San_Francisco_000388,San Francisco,1.438898900948148,3,3.9585457928768566
San_Francisco_000389,San Francisco,1.1031435548806185,4,3.3077306729983706
San_Francisco_000390,San Francisco,1.8172092536149957,8,3.7399374718632585
San_Francisco_000391,San Francisco,1.2791681209334151,6,3.426565771350261
San_Francisco_000392,San Francisco,1.351877428041157,4,4.102877591816175
San_Francisco_000393,San Francisco,1.819428290096533,5,3.082320607529608
San_Francisco_000394,San Francisco,0.9969811694652446,4,3.5023009401180336
San_Francisco_000395,San Francisco,0.6960605247605943,0,3.2429952391848764
San_Francisco_000396,San Francisco,2.1843732992968885,19,5.060753395021701
San_Francisco_000397,San Francisco,1.8052232074245733,6,3.635149896531912
San_Francisco_000398,San Francisco,2.074463759610999,13,4.843948466109392
San_Francisco_000399,San Francisco,1.0930511976375568,6,3.786391888357047
Phoenix_000400,Phoenix,2.1578219723700407,7,2.3631708947010064
Phoenix_000401,Phoenix,1.8018617838100055,4,1.9454574963766849
Phoenix_000402,Phoenix,1.16462365925657,4,2.674095468801366
Phoenix_000403,Phoenix,0.6838604619500084,5,2.2534820356627208
Phoenix_000404,Phoenix,0.8020848602213437,3,2.5745888540599906
Phoenix_000405,Phoenix,3.2965567979331065,6,1.8980775624083464
Phoenix_000406,Phoenix,2.1515807834296163,2,2.1303368757168775
Phoenix_000407,Phoenix,0.792788762008381,1,2.2920090992803757
Phoenix_000408,Phoenix,2.0344946220938995,6,2.2047724746044315
Phoenix_000409,Phoenix,1.599398699864053,2,2.5766268763956686
Phoenix_000410,Phoenix,0.6840203916941133,1,2.1645322859377356
Phoenix_000411,Phoenix,1.428084117592166,4,2.492990583349326
Phoenix_000412,Phoenix,0.9483413869530003,1,2.562075484724249
Phoenix_000413,Phoenix,1.2702511658461046,1,2.764834661211111
Phoenix_000414,Phoenix,0.9970460503618768,3,2.5357828076635625
Phoenix_000415,Phoenix,0.8207365070492466,3,2.1698056936375014
Phoenix_000416,Phoenix,0.9045330034941359,3,2.105740073906805
Phoenix_000417,Phoenix,1.3839692931468277,2,2.8602042355147175
Phoenix_000418,Phoenix,1.997707224476139,4,2.1426164850376272
Phoenix_000419,Phoenix,1.5093539597722594,6,2.7397518610264013
Phoenix_000420,Phoenix,1.00142583036602,0,1.9729663626870397
Phoenix_000421,Phoenix,1.5024946539365467,4,2.293963612315757
Phoenix_000422,Phoenix,1.0055787292815541,1,2.041277005635376
Phoenix_000423,Phoenix,1.1910183065495912,3,2.4008721788000913
Phoenix_000424,Phoenix,2.454390377553746,6,2.380553549324196
Phoenix_000425,Phoenix,1.1103708971116228,3,2.5761796392342102
Phoenix_000426,Phoenix,2.3328502142845458,3,1.7468571239409858
Phoenix_000427,Phoenix,3.5129637540975835,14,3.116994414082516
Phoenix_000428,Phoenix,1.083331735794876,2,2.0240302643788675
Phoenix_000429,Phoenix,1.463386793357574,2,1.7653143518224017
Phoenix_000430,Phoenix,1.64756673910529,5,2.3482778102203334
Phoenix_000431,Phoenix,1.3329197614661532,6,1.675909173147528
Phoenix_000432,Phoenix,3.1382346979344886,2,2.089532892438504
Phoenix_000433,Phoenix,1.7607758808367648,8,2.0705176793056865
Phoenix_000434,Phoenix,1.0621159826415374,4,2.0086672351122643
Phoenix_000435,Phoenix,0.9335848945480714,2,2.0417055947438976
Phoenix_000436,Phoenix,1.0369603817234925,2,3.1498997815324343
Phoenix_000437,Phoenix,1.1838360939640329,5,2.1931221168511295
Phoenix_000438,Phoenix,1.8113225779702953,6,2.378120432997355
Phoenix_000439,Phoenix,0.9257962341522493,4,2.669264036638388
Phoenix_000440,Phoenix,1.5139120761792357,1,2.1430234971809234
Phoenix_000441,Phoenix,2.5768445577830117,4,2.6886899697633413
Phoenix_000442,Phoenix,1.6350163510467142,3,2.5095328243152513
Phoenix_000443,Phoenix,2.0248829143197637,4,2.780362606497764
Phoenix_000444,Phoenix,0.8842825985108593,4,2.4051813417706525
Phoenix_000445,Phoenix,1.2146004072771168,5,2.4451830320384387
Phoenix_000446,Phoenix,2.6055816954567455,8,2.2006730560683923
Phoenix_000447,Phoenix,1.8192491552036982,9,2.593927249269753
Phoenix_000448,Phoenix,1.549567826721389,6,2.7389578943524926
Phoenix_000449,Phoenix,1.4397993329092187,4,2.067649229107732
Phoenix_000450,Phoenix,1.4914160424393055,2,2.437670900140769
Phoenix_000451,Phoenix,0.8186408301452914,3,1.9880616890557372
Phoenix_000452,Phoenix,2.547035846694646,11,3.6946660026788907
Phoenix_000453,Phoenix,2.169539841375009,5,1.8080888540931548
Phoenix_000454,Phoenix,2.140528160971919,7,2.109450143153271
Phoenix_000455,Phoenix,0.6880339294270016,1,2.312813940827483
Phoenix_000456,Phoenix,0.9653174059224774,0,2.034249032771091
Phoenix_000457,Phoenix,0.9688642494134299,1,2.053229603201191
Phoenix_000458,Phoenix,1.9853357362539819,4,2.236831197905095
Phoenix_000459,Phoenix,0.9079886809470196,2,2.5116854577543832
Phoenix_000460,Phoenix,1.5032826967498483,4,2.9792982871465736
Phoenix_000461,Phoenix,3.0036279769094993,3,2.0880916493975654
Phoenix_000462,Phoenix,1.0908875902844812,3,1.8215587246081133
Phoenix_000463,Phoenix,1.2091479748772516,2,2.0906038555850155
Phoenix_000464,Phoenix,1.207560558142444,2,2.460204786650699
Phoenix_000465,Phoenix,2.210650067160957,7,3.1046491301041748
Phoenix_000466,Phoenix,0.9480939416452332,3,2.0520301523827866
Phoenix_000467,Phoenix,1.5762846773303507,3,2.7020481964431586
Phoenix_000468,Phoenix,1.765339079966452,5,2.8006800493730695
Phoenix_000469,Phoenix,1.2808477643095242,3,2.621904874824747
Phoenix_000470,Phoenix,1.0318586919363248,3,1.9287432943356801
Phoenix_000471,Phoenix,1.1148125046947979,4,2.6663163246037067
Phoenix_000472,Phoenix,0.9192024155134338,0,2.6381717008890333
Phoenix_000473,Phoenix,1.7588318844299926,1,2.5423103146569517
Phoenix_000474,Phoenix,2.7538613591421326,7,2.648140087548371
Phoenix_000475,Phoenix,0.7619309917119355,3,2.3798578620431905
Phoenix_000476,Phoenix,1.1122029080212452,0,1.81901128065313
Phoenix_000477,Phoenix,1.3296285240414631,7,2.575433250501557
Phoenix_000478,Phoenix,1.0601578149165478,2,2.6189855747018007
Phoenix_000479,Phoenix,1.1245202105736551,4,2.6826793402158455
Phoenix_000480,Phoenix,0.7151469169825226,2,2.735975619261584
Phoenix_000481,Phoenix,2.314066823719057,4,2.6187854317329866
Phoenix_000482,Phoenix,1.0504387843320222,3,2.2241864737979093
Phoenix_000483,Phoenix,0.6839457105454572,0,2.3263110640435896
Phoenix_000484,Phoenix,1.0800859933180949,3,2.9334903321327093
Phoenix_000485,Phoenix,1.463395830724457,3,2.754288538386386
Phoenix_000486,Phoenix,1.3345352773943833,1,2.150976192481796
Phoenix_000487,Phoenix,1.7167550308458988,1,2.7547829155018118
Phoenix_000488,Phoenix,1.0695482623876877,0,2.9202363262208193
Phoenix_000489,Phoenix,1.0877756480653145,2,2.8593551118432896
Phoenix_000490,Phoenix,1.3048712308443848,0,2.6160999410790953
Phoenix_000491,Phoenix,1.0170692216071835,6,2.2889133108681765
Phoenix_000492,Phoenix,2.4126425891329903,7,2.253071537892922
Phoenix_000493,Phoenix,1.0911030500846945,1,2.6602871404351225
Phoenix_000494,Phoenix,1.1792940023319671,4,2.30238789150878
Phoenix_000495,Phoenix,2.2669978966643196,9,2.7028478222473575
Phoenix_000496,Phoenix,1.3001226330107358,6,2.785130880305909
Phoenix_000497,Phoenix,1.1988194126645613,1,2.4603605726247504
Phoenix_000498,Phoenix,1.441461197796169,5,1.714940465785472
Phoenix_000499,Phoenix,0.7561743026533746,0,1.998940454706027
Phoenix_000500,Phoenix,0.7184404473667922,2,2.6888903193521534
Phoenix_000501,Phoenix,0.7806562817375275,2,2.6379258150450586
Phoenix_000502,Phoenix,2.593363288420404,5,2.088859576906151
Phoenix_000503,Phoenix,2.4850436717026128,5,2.3569326905145083
Phoenix_000504,Phoenix,1.0301128250803517,3,2.3998623042422462
Phoenix_000505,Phoenix,1.936278130198258,7,2.0042040820387514
Phoenix_000506,Phoenix,0.7331473664364443,1,3.056643588129311
Phoenix_000507,Phoenix,0.6501547862874711,1,2.1505426836940313
Phoenix_000508,Phoenix,1.7153676001363876,7,2.8461706283052663
Phoenix_000509,Phoenix,2.149597971745035,7,2.864797374370447
Phoenix_000510,Phoenix,0.7100686419525417,2,2.4444990237545188
Phoenix_000511,Phoenix,0.8284001827703888,2,2.348269952578709
Phoenix_000512,Phoenix,1.5768027357887715,7,2.799983033717035
Phoenix_000513,Phoenix,1.3600595733599286,5,2.5032166736622186
Phoenix_000514,Phoenix,1.6001363808598534,6,2.2074832349516793
Phoenix_000515,Phoenix,0.944072253137583,3,2.602564182876231
Phoenix_000516,Phoenix,0.7423778253443895,3,2.315635347247862
Phoenix_000517,Phoenix,1.5656045297832482,7,2.9393935919817276
Phoenix_000518,Phoenix,2.0720145536595753,6,2.2452672307310833
Phoenix_000519,Phoenix,1.735063773040344,1,2.220312367038723
Phoenix_000520,Phoenix,1.3827629739866918,1,2.708523264034149
Phoenix_000521,Phoenix,1.3210410818177412,3,2.667168909242586
Phoenix_000522,Phoenix,2.3392849455122704,10,2.555628474487248
Phoenix_000523,Phoenix,1.7713232135727963,6,2.4600007148058816
Phoenix_000524,Phoenix,1.5051517378264592,1,2.701703812242675
Phoenix_000525,Phoenix,1.9253836506896853,4,2.5194565277405157
Phoenix_000526,Phoenix,0.9769585342209359,0,1.5496221834743844
Phoenix_000527,Phoenix,2.223528201276977,4,2.1706078031200238
Phoenix_000528,Phoenix,1.3374457823308732,3,2.073743934753121
Phoenix_000529,Phoenix,0.9510511424770949,3,2.1904049511034573
Phoenix_000530,Phoenix,1.3042658128384752,6,2.6707174514588194
Phoenix_000531,Phoenix,1.9131730712570885,4,2.976051274207189
Phoenix_000532,Phoenix,3.067264724926848,8,2.346054900509528
Phoenix_000533,Phoenix,1.2018685846147155,3,2.3877324239714346
Phoenix_000534,Phoenix,2.19852916994822,6,2.3035182082786374
Phoenix_000535,Phoenix,2.57662751147178,7,2.6144374812542943
Phoenix_000536,Phoenix,1.989558163806912,6,2.587978648312758
Phoenix_000537,Phoenix,0.9346323946354123,3,2.655192047451054
Phoenix_000538,Phoenix,0.5384549127218873,0,1.9612784319567114
Phoenix_000539,Phoenix,1.4210639267359944,5,2.697512249287804
Phoenix_000540,Phoenix,0.7635963885433934,2,2.1566805799589543
Phoenix_000541,Phoenix,2.4632058088496676,9,2.052684158907354
Phoenix_000542,Phoenix,1.6304465655408433,2,2.690097746999455
Phoenix_000543,Phoenix,1.6788874383207568,4,2.493847472460915
Phoenix_000544,Phoenix,1.8695034570588194,3,2.4216319696555
Phoenix_000545,Phoenix,2.007198080643036,5,2.37532527872711
Phoenix_000546,Phoenix,0.7921494065373396,3,2.6801400703241565
Phoenix_000547,Phoenix,0.5947412560259066,2,2.6308387606231105
Phoenix_000548,Phoenix,1.372020673676308,0,2.194852905366173
Phoenix_000549,Phoenix,1.0328314688240385,1,2.2012678691281504
Phoenix_000550,Phoenix,0.738844941863441,2,2.4810493514876066
Phoenix_000551,Phoenix,0.7860281504727982,1,2.269577085814541
Phoenix_000552,Phoenix,1.0300658061533954,1,2.077931513258976
Phoenix_000553,Phoenix,1.3466898917427024,2,2.865201113338628
Phoenix_000554,Phoenix,1.8348523770764922,7,2.6817220266884747
Phoenix_000555,Phoenix,0.8440708219597919,0,1.7318717392900453
Phoenix_000556,Phoenix,1.397329619025855,1,2.3819927859999797
Phoenix_000557,Phoenix,0.6649869110973011,0,2.11118788352587
Phoenix_000558,Phoenix,2.5961024772757146,5,2.3573234444364544
Phoenix_000559,Phoenix,1.3154736000643132,6,2.296782726587726
Phoenix_000560,Phoenix,1.7573329140345053,3,2.0022096153213447
Phoenix_000561,Phoenix,2.6508893232237303,10,2.864402093972342
Phoenix_000562,Phoenix,0.9052626206647115,2,2.305504517118516
Phoenix_000563,Phoenix,2.2013614933550736,4,2.3440038520167485
Phoenix_000564,Phoenix,0.7098972465570005,1,2.882246269148701
Phoenix_000565,Phoenix,1.3934463030979751,4,2.8627589495540757
Phoenix_000566,Phoenix,0.9331353560995493,1,2.07030313394843
Phoenix_000567,Phoenix,0.7727460365619467,0,2.1245421303287673
Phoenix_000568,Phoenix,0.8256412025104434,2,2.0366283649409294
Phoenix_000569,Phoenix,1.815200667438437,4,2.4207709169427187
Phoenix_000570,Phoenix,0.8698580728403874,3,2.2846873321833923
Phoenix_000571,Phoenix,0.8459061751139871,0,2.0529214283756505
Phoenix_000572,Phoenix,1.1755239672594038,5,3.1095717045651687
Phoenix_000573,Phoenix,0.8919457538612203,2,1.865311560142105
Phoenix_000574,Phoenix,2.196304613976655,3,2.464470046228267
Phoenix_000575,Phoenix,0.9195678188233477,3,2.234626731619118
Phoenix_000576,Phoenix,1.5440584696011006,3,2.1494158949152853
Phoenix_000577,Phoenix,1.7167185046579132,4,2.591016841969403
Phoenix_000578,Phoenix,2.8153835573740316,9,2.955077056296879
Phoenix_000579,Phoenix,1.4391387779678828,2,2.2598776893081727
Phoenix_000580,Phoenix,0.9085312039935834,2,2.816706568865031
Phoenix_000581,Phoenix,1.1676867249402134,3,2.301668068883523
Phoenix_000582,Phoenix,3.092588792062403,10,2.3906694765496086
Phoenix_000583,Phoenix,0.9981570999721321,4,2.4309009663481107
Phoenix_000584,Phoenix,1.4630359830416937,7,2.3753026706399107
Phoenix_000585,Phoenix,0.7289019333641849,3,2.621868563594843
Phoenix_000586,Phoenix,0.7902537120951918,3,2.1353176743228666
Phoenix_000587,Phoenix,0.546176538132253,1,2.57758376981299
Phoenix_000588,Phoenix,2.25203164759443,9,3.4887940505565247
Phoenix_000589,Phoenix,3.555118386718371,9,2.5306355647260785
Phoenix_000590,Phoenix,0.7867226479745022,2,2.6771125435831236
Phoenix_000591,Phoenix,1.4468159244890049,3,2.516017402307961
Phoenix_000592,Phoenix,1.3335614793514083,6,2.5673087833533637
Phoenix_000593,Phoenix,1.4352994197814137,3,2.605395752211907
Phoenix_000594,Phoenix,1.5235709834301456,2,2.3293625667002
Phoenix_000595,Phoenix,0.8435075376011587,2,2.264410793900465
Phoenix_000596,Phoenix,1.6337806337571539,4,2.28069352947781
Phoenix_000597,Phoenix,1.537457361463471,3,2.0738042109212413
Phoenix_000598,Phoenix,1.799248779618734,8,1.908031487424887
Phoenix_000599,Phoenix,0.6892543222463335,0,2.2261349468231955
Phoenix_000600,Phoenix,0.8842347394864006,2,2.4374411942148795
Phoenix_000601,Phoenix,1.6810372623061052,7,2.6193491452941378
Phoenix_000602,Phoenix,1.494822331160989,5,2.4753270542877583
Phoenix_000603,Phoenix,1.8278347028473148,4,2.8385147640077486
Phoenix_000604,Phoenix,0.8686879560183265,4,2.5506000187983635
Phoenix_000605,Phoenix,1.1319637359472852,1,2.3730885262816006
Phoenix_000606,Phoenix,1.333938731756771,1,2.206334777858524
Phoenix_000607,Phoenix,1.0330247382901343,2,2.901140683044434
Phoenix_000608,Phoenix,1.6673127893596797,4,2.559613600694021
Phoenix_000609,Phoenix,1.0202300661656358,1,2.523825225843159
Phoenix_000610,Phoenix,1.3871937672471,1,2.637651441757328
Phoenix_000611,Phoenix,2.784940204999133,3,1.9102974345348458
Phoenix_000612,Phoenix,1.3234777545419507,4,3.0229437728469035
Phoenix_000613,Phoenix,1.0129486172170012,5,2.218343281385962
Phoenix_000614,Phoenix,2.7352312169144666,3,2.409397869315491
Phoenix_000615,Phoenix,1.4396157346792706,6,2.9851613370239147
Phoenix_000616,Phoenix,0.6944830529585266,0,2.1181686728262177
Phoenix_000617,Phoenix,0.9501142414842128,2,2.337562703677026
Phoenix_000618,Phoenix,1.6718069043251331,10,3.3072678587022186
Phoenix_000619,Phoenix,0.6844306810362774,1,2.4485891657476806
Phoenix_000620,Phoenix,1.6617273626279472,3,2.1843892627179455
Phoenix_000621,Phoenix,0.6093908607324039,1,2.475938367512768
Phoenix_000622,Phoenix,0.8127520865496136,1,2.9857606884578547
Phoenix_000623,Phoenix,1.725660071428704,4,2.535199934394242
Phoenix_000624,Phoenix,0.805520327645222,2,3.004916302583717
Phoenix_000625,Phoenix,1.7933515515943028,3,2.1737120690105174
Phoenix_000626,Phoenix,3.3736815634174744,9,2.434222528677126
Phoenix_000627,Phoenix,1.7795169320760287,3,2.4083679738433466
Phoenix_000628,Phoenix,1.96763990078105,4,2.3937055822794178
Phoenix_000629,Phoenix,1.1557358104886966,4,2.1606423359044795
Phoenix_000630,Phoenix,0.8500588605787359,1,2.061678353429816
Phoenix_000631,Phoenix,0.6097440834912247,1,2.8596265693041674
Phoenix_000632,Phoenix,1.2178232870344692,3,2.4268230768135677
Phoenix_000633,Phoenix,3.2837363102164927,8,2.313128782342735
Phoenix_000634,Phoenix,1.2515875486295645,2,2.172079226682116
Phoenix_000635,Phoenix,2.06482037425466,8,2.4800173144448463
Phoenix_000636,Phoenix,1.902085531393115,9,2.9742168336298067
Phoenix_000637,Phoenix,1.8644285986927902,15,2.5677911620003573
Phoenix_000638,Phoenix,0.9846919924441353,1,2.5697785241452444
Phoenix_000639,Phoenix,2.885573997529043,7,2.162827712772174
Phoenix_000640,Phoenix,1.4195622330737372,8,2.2516638173685397
Phoenix_000641,Phoenix,0.8839307169968709,2,2.354379823870905
Phoenix_000642,Phoenix,0.7672093640373865,1,2.6289962685059276
Phoenix_000643,Phoenix,3.0516367074278126,8,1.8413211128133862
Phoenix_000644,Phoenix,2.4007853351316637,6,2.448111277794686
Phoenix_000645,Phoenix,1.3473975069435558,1,2.3434362801284117
Phoenix_000646,Phoenix,0.9625680408393151,2,2.2344725631952853
Phoenix_000647,Phoenix,1.7994188880892,1,1.879808748092687
Phoenix_000648,Phoenix,1.7035981433358753,5,2.7777475896043264
Phoenix_000649,Phoenix,1.1695688771960762,4,2.1307530611718866
Phoenix_000650,Phoenix,1.6151163822404242,2,1.8928451010164262
Phoenix_000651,Phoenix,0.946691444024524,5,2.5593779968375197
Phoenix_000652,Phoenix,2.0787287703198505,6,2.188117792232844
Phoenix_000653,Phoenix,1.0204109271735875,4,2.75500291357794
Phoenix_000654,Phoenix,0.5959374986952777,2,2.457099629822955
Phoenix_000655,Phoenix,1.9734461581030118,1,2.1219909860830493
Phoenix_000656,Phoenix,0.9897428041065538,1,2.344584252795201
Phoenix_000657,Phoenix,1.0452217691345007,3,2.3161880340556693
Phoenix_000658,Phoenix,1.3500113921214645,5,1.9425265384316257
Phoenix_000659,Phoenix,1.970958051393938,4,2.3346910652951
Phoenix_000660,Phoenix,1.6657011081324018,3,2.6854541318012806
Phoenix_000661,Phoenix,1.884435093981909,5,2.1489092243836727
Phoenix_000662,Phoenix,0.7455075790136535,4,2.920717928316512
Phoenix_000663,Phoenix,2.0685000677160876,5,2.2675157083457766
Phoenix_000664,Phoenix,2.9025015702872183,4,2.094287070514568
Phoenix_000665,Phoenix,0.594316402433004,1,2.7789799903256167
Phoenix_000666,Phoenix,1.2725123024359082,1,2.590254685225454
Phoenix_000667,Phoenix,0.9833836687107196,1,3.238939838628504
Phoenix_000668,Phoenix,1.7022348056487138,9,2.4499283760153947
Phoenix_000669,Phoenix,1.5865204920770688,2,2.39469585777623
Phoenix_000670,Phoenix,0.869995083003405,5,2.4269356091541963
Phoenix_000671,Phoenix,0.8386521323255478,3,2.2299124469811717
Phoenix_000672,Phoenix,1.5350367868716397,3,2.994246668300034
Phoenix_000673,Phoenix,1.4216203330520483,3,2.0140378644389965
Phoenix_000674,Phoenix,1.2188672636363882,3,1.9536358381632017
Phoenix_000675,Phoenix,0.6571927280605216,3,2.3100624257596314
Phoenix_000676,Phoenix,1.1289876947788864,1,1.9973565006621672
Phoenix_000677,Phoenix,0.6424083811717893,1,2.973310187314155
Phoenix_000678,Phoenix,1.5486884143901758,5,1.9165260370964117
Phoenix_000679,Phoenix,0.740946581523048,3,2.252585889703787
Phoenix_000680,Phoenix,0.8018230312146674,3,2.955010634322357
Phoenix_000681,Phoenix,0.6394423941788719,1,2.3263061340669093
Phoenix_000682,Phoenix,1.252773846983119,3,2.6615045375623394
Phoenix_000683,Phoenix,0.8400210240684176,5,2.5408315878661467
Phoenix_000684,Phoenix,1.9843513347899766,5,2.827613972073946
Phoenix_000685,Phoenix,1.2865774256052305,6,2.3240124350041214
Phoenix_000686,Phoenix,0.746232220339953,1,2.639906658796012
Phoenix_000687,Phoenix,0.5545705864862074,0,2.78747711397828
Phoenix_000688,Phoenix,1.7688402918124206,8,2.7586285268120547
Phoenix_000689,Phoenix,2.806282148340692,10,3.1516137903582178
Phoenix_000690,Phoenix,2.099899858360082,2,2.3504078293375072
Phoenix_000691,Phoenix,0.6054353817258415,1,2.098801340969061
Phoenix_000692,Phoenix,2.181633105739205,8,3.1979431327054937
Phoenix_000693,Phoenix,1.4590512056683327,6,2.8754407402274906
Phoenix_000694,Phoenix,2.317806277799435,4,2.183542465537854
Phoenix_000695,Phoenix,1.0384919626136333,3,2.614049746153377
Phoenix_000696,Phoenix,1.1509310725228166,4,2.244879858407625
Phoenix_000697,Phoenix,1.430615874236883,1,2.467584785702431
Phoenix_000698,Phoenix,1.9898825238074367,4,2.011021591704637
Phoenix_000699,Phoenix,0.8820764535460747,1,2.1080847438566743
Phoenix_000700,Phoenix,1.474739771088247,5,2.379733720103691
Phoenix_000701,Phoenix,1.8339226321536866,7,2.329146482919525
Phoenix_000702,Phoenix,1.6467969915674687,2,2.402606768495188
Phoenix_000703,Phoenix,1.5387969593698199,4,2.1832030309818897
Phoenix_000704,Phoenix,1.3864079247458698,3,1.7368604056554373
Phoenix_000705,Phoenix,1.4672838894322024,3,1.9755715168025438
Phoenix_000706,Phoenix,1.7254629527726018,5,2.196964397437554
Phoenix_000707,Phoenix,1.6761670037403518,9,2.9359905061865206
Phoenix_000708,Phoenix,2.1639373204566565,5,2.2033669108867575
Phoenix_000709,Phoenix,1.6803482889589523,5,2.6345184257469683
Phoenix_000710,Phoenix,0.6889580161171973,2,3.120443263721783
Phoenix_000711,Phoenix,1.5881932702718613,2,2.553748484767043
Phoenix_000712,Phoenix,0.9126070817417902,1,1.8524454767919345
Phoenix_000713,Phoenix,1.6940232650197289,7,2.065372525702169
Phoenix_000714,Phoenix,2.1155393593121095,10,2.7468417782040415
Phoenix_000715,Phoenix,2.6427043704512356,7,2.995544275272198
Phoenix_000716,Phoenix,1.5729494379085522,2,3.0873898099242685
Phoenix_000717,Phoenix,1.0674371310428499,0,2.953397477791821
Phoenix_000718,Phoenix,1.6782557241302622,3,2.0674143777810348
Phoenix_000719,Phoenix,2.568209129640308,9,2.3202498979621358
Phoenix_000720,Phoenix,0.7910350527747848,0,2.441494317737472
Phoenix_000721,Phoenix,1.4689743210619346,4,2.179388209033863
Phoenix_000722,Phoenix,1.3735258237359194,3,2.1178512534664438
Phoenix_000723,Phoenix,1.3842397377854474,2,2.4754814185770835
Phoenix_000724,Phoenix,2.1618021754023524,6,2.303926742834909
Phoenix_000725,Phoenix,1.2467025211034044,2,2.4131626697126523
Phoenix_000726,Phoenix,0.5289732426508722,3,2.450912220947795
Phoenix_000727,Phoenix,1.062784165108356,6,2.666510386274797
Phoenix_000728,Phoenix,3.028767849834484,5,2.6206490415164545
Phoenix_000729,Phoenix,2.298934511774629,6,2.327015005645261
Phoenix_000730,Phoenix,2.552220303680707,7,1.9896059339779193
Phoenix_000731,Phoenix,1.6826457195002564,6,2.968825329408141
Phoenix_000732,Phoenix,1.6356345755910566,3,3.2435700303243586
Phoenix_000733,Phoenix,0.7183045300946937,2,2.3614349930235017
Phoenix_000734,Phoenix,1.7084288143917286,2,2.2355205453367843
Phoenix_000735,Phoenix,1.5014942281858978,3,2.229204876861095
Phoenix_000736,Phoenix,1.081402733250934,2,2.1616698224817177
Phoenix_000737,Phoenix,0.9293212693722523,2,2.6053214015884425
Phoenix_000738,Phoenix,0.7948434083496718,2,2.824804198114337
Phoenix_000739,Phoenix,1.5926638092020535,7,2.3705329218807614
Phoenix_000740,Phoenix,1.1431908434946325,2,2.028110313022063
Phoenix_000741,Phoenix,3.1718713759997588,6,2.145204490913506
Phoenix_000742,Phoenix,2.5743798516518552,12,2.822169815388868
Phoenix_000743,Phoenix,0.6948071043450039,1,2.8929153916680903
Phoenix_000744,Phoenix,3.247114508940529,9,2.4155298271335437
Phoenix_000745,Phoenix,0.784151191346045,3,2.5041875240270155
Phoenix_000746,Phoenix,1.1999706239904864,1,2.684767419145603
Phoenix_000747,Phoenix,1.3180040623919047,2,2.6593842791446423
Phoenix_000748,Phoenix,0.8159911198957779,2,2.1185318636878514
Phoenix_000749,Phoenix,1.4627998596693021,2,2.4594974109497785
Phoenix_000750,Phoenix,0.968169066145854,5,2.306700377988066
Phoenix_000751,Phoenix,2.0753670522345495,5,2.5831841769826283
Phoenix_000752,Phoenix,1.3191123224376238,3,2.078113091764977
Phoenix_000753,Phoenix,1.5062701551319506,3,2.7484939325561015
Phoenix_000754,Phoenix,3.2182781765022948,11,2.85558807259444
Phoenix_000755,Phoenix,2.1543796340624404,2,2.699564261233659
Phoenix_000756,Phoenix,0.8272037388751547,2,2.163935578918021
Phoenix_000757,Phoenix,1.1638096961753441,2,2.177679046688303
Phoenix_000758,Phoenix,1.2532989629577576,4,2.238416822888143
Phoenix_000759,Phoenix,1.5808702899608371,4,2.410339276861327
Phoenix_000760,Phoenix,1.1177789172212007,0,2.1817867873389405
Phoenix_000761,Phoenix,0.9483212098907985,0,2.1198342122687706
Phoenix_000762,Phoenix,0.8542513541007595,3,3.0849978321033493
Phoenix_000763,Phoenix,3.5308556205578787,3,2.3841090755640084
Phoenix_000764,Phoenix,1.432162512852358,7,2.721780993299518
Phoenix_000765,Phoenix,1.8629959437231935,6,3.4697878107914852
Phoenix_000766,Phoenix,0.9751953878521173,2,2.3809609505137543
Phoenix_000767,Phoenix,2.53220860174613,6,2.363477013124882
Phoenix_000768,Phoenix,0.8718221583657138,0,2.4371119653371127
Phoenix_000769,Phoenix,0.8862597374177658,3,2.4023875184010755
Phoenix_000770,Phoenix,1.285400263277432,6,2.853210483828797
Phoenix_000771,Phoenix,1.9217498931862305,4,2.001750439930809
Phoenix_000772,Phoenix,2.68329171748878,7,2.5544376140842826
Phoenix_000773,Phoenix,1.7854945808277947,4,2.8443142417959106
Phoenix_000774,Phoenix,0.5395415314753784,1,2.138018202667771
Phoenix_000775,Phoenix,2.2935306920919594,3,1.868359681540332
Phoenix_000776,Phoenix,1.422941492235167,4,2.8688993445820725
Phoenix_000777,Phoenix,1.8835660408430452,6,2.456481713399045
Phoenix_000778,Phoenix,1.288826999330683,1,2.428444227332554
Phoenix_000779,Phoenix,1.3363614856484285,3,2.6876445941681415
Phoenix_000780,Phoenix,1.4194383075473735,4,1.8367113304338605
Phoenix_000781,Phoenix,0.849826637297908,3,2.682862236559902
Phoenix_000782,Phoenix,1.0956679246310341,3,2.1127158580780527
Phoenix_000783,Phoenix,1.0686984868662497,4,2.8235587178979964
Phoenix_000784,Phoenix,2.2070523035487204,6,2.350262048248092
Phoenix_000785,Phoenix,0.8012209576280462,0,2.7253804454553707
Phoenix_000786,Phoenix,2.0817279995388187,3,2.5399767011622583
Phoenix_000787,Phoenix,1.209758349484026,0,2.1221588165546357
Phoenix_000788,Phoenix,0.9542186058721029,2,2.396096215888646
Phoenix_000789,Phoenix,0.7098460303866463,2,1.9380272416374626
Phoenix_000790,Phoenix,3.1843002341366553,9,2.2811407898198723
Phoenix_000791,Phoenix,0.9586151015727666,2,3.535274858235803
Phoenix_000792,Phoenix,1.1485782988606372,2,2.662000153476308
Phoenix_000793,Phoenix,0.9348171139319701,2,2.1203496957841454
Phoenix_000794,Phoenix,1.6810465388189872,2,2.4517232349066735
Phoenix_000795,Phoenix,0.9423038691615784,1,2.2995753123468816
Phoenix_000796,Phoenix,1.0218308809532868,4,2.535622824833597
Phoenix_000797,Phoenix,2.574785997391617,4,2.193830319578728
Phoenix_000798,Phoenix,1.2440241935134735,0,2.2401609411176024
Phoenix_000799,Phoenix,1.2335297305923045,2,2.5684312694036655
Los_Angeles_000800,Los Angeles,0.9580207695658876,0,2.2682118748645888
Los_Angeles_000801,Los Angeles,1.45225481672217,5,2.93088310169534
Los_Angeles_000802,Los Angeles,2.777167731773099,8,2.883683182212196
Los_Angeles_000803,Los Angeles,1.1840365875455263,3,3.0502510677011725
Los_Angeles_000804,Los Angeles,1.2894255940230046,5,2.8147503291706983
Los_Angeles_000805,Los Angeles,0.9959202973783581,6,3.941482934791576
Los_Angeles_000806,Los Angeles,1.168246124249329,6,3.2444516963930115
Los_Angeles_000807,Los Angeles,0.6294201405072235,1,3.1661734326432667
Los_Angeles_000808,Los Angeles,1.155651835918941,0,3.319259961204723
Los_Angeles_000809,Los Angeles,2.3657486196858537,5,3.0952440430870864
Los_Angeles_000810,Los Angeles,1.8888404261183733,2,2.590445451940982
Los_Angeles_000811,Los Angeles,0.8676972963348453,4,3.2345515984803406
Los_Angeles_000812,Los Angeles,0.7827509856947656,0,1.9470752185189304
Los_Angeles_000813,Los Angeles,1.1076081662666204,3,2.751116588066138
Los_Angeles_000814,Los Angeles,0.5787538008131333,3,2.5707936056887895
Los_Angeles_000815,Los Angeles,0.6560659502687946,2,2.5949490533246675
Los_Angeles_000816,Los Angeles,1.6072165250196362,3,2.8433851466186066
Los_Angeles_000817,Los Angeles,0.6068614805656881,3,2.16865994840896
Los_Angeles_000818,Los Angeles,2.175414436593713,5,2.8445509656785815
Los_Angeles_000819,Los Angeles,2.2674922114002327,6,3.326585357593489
Los_Angeles_000820,Los Angeles,1.1746718134797098,3,2.311483715890979
Los_Angeles_000821,Los Angeles,0.9296575213127118,3,2.3957588448004654
Los_Angeles_000822,Los Angeles,1.507659155142079,5,3.1589814868764865
Los_Angeles_000823,Los Angeles,2.0982579911908683,3,2.491031854495087
Los_Angeles_000824,Los Angeles,1.709557357318356,7,3.1418717926754853
Los_Angeles_000825,Los Angeles,0.998878950016141,4,2.900542056345171
Los_Angeles_000826,Los Angeles,1.472443700915484,8,4.300595484465765
Los_Angeles_000827,Los Angeles,2.37026973564683,6,2.93514141036042
Los_Angeles_000828,Los Angeles,0.8890100736616644,1,2.7001843680732596
Los_Angeles_000829,Los Angeles,1.5592313727634615,3,2.128013771182221
Los_Angeles_000830,Los Angeles,1.0371071144809796,2,2.3646935741416075
Los_Angeles_000831,Los Angeles,1.2205440941060535,3,2.482643440500728
Los_Angeles_000832,Los Angeles,1.7501139481444539,4,2.7129575170964
Los_Angeles_000833,Los Angeles,0.8432814977486816,3,3.1339476647510924
Los_Angeles_000834,Los Angeles,1.5380605116257422,4,3.1553475265565814
Los_Angeles_000835,Los Angeles,1.1810397298182753,3,3.23147453256163
Los_Angeles_000836,Los Angeles,2.279428991689655,3,1.83366054561525
Los_Angeles_000837,Los Angeles,0.6370150540424873,2,2.190045447480547
Los_Angeles_000838,Los Angeles,1.5727748327975395,4,2.8058579962929313
Los_Angeles_000839,Los Angeles,1.044348564155092,3,2.675296420345488
Los_Angeles_000840,Los Angeles,1.4528107296073418,4,2.784011792620886
Los_Angeles_000841,Los Angeles,1.4577242130079278,3,2.905805985654816
Los_Angeles_000842,Los Angeles,1.294226252320004,4,2.423957050217698
Los_Angeles_000843,Los Angeles,2.0642072120887835,8,2.833160266892027
Los_Angeles_000844,Los Angeles,2.906232161598436,9,2.662432638390525
Los_Angeles_000845,Los Angeles,1.368756036014355,2,2.5307927964894854
Los_Angeles_000846,Los Angeles,0.8919993550392099,6,3.6828207186444946
Los_Angeles_000847,Los Angeles,1.5489797633342821,2,2.5066458962380493
Los_Angeles_000848,Los Angeles,1.5195164767280178,10,3.0283580354829103
Los_Angeles_000849,Los Angeles,1.3898310025204599,4,2.785172051807729
Los_Angeles_000850,Los Angeles,2.3565863903902855,7,2.808830830687853
Los_Angeles_000851,Los Angeles,0.7798049372110178,0,2.55765990696712
Los_Angeles_000852,Los Angeles,3.014545350026523,10,2.808572180501655
Los_Angeles_000853,Los Angeles,0.7644803001371154,3,2.680652975374553
Los_Angeles_000854,Los Angeles,0.950240770038759,2,2.891681937757765
Los_Angeles_000855,Los Angeles,2.6039173055311773,6,3.139928995079638
Los_Angeles_000856,Los Angeles,1.6015318328575212,5,1.971174855381629
Los_Angeles_000857,Los Angeles,1.3500779600305095,3,2.615515513615197
Los_Angeles_000858,Los Angeles,2.0552058160668496,9,3.2605339102376583
Los_Angeles_000859,Los Angeles,0.6523618845982334,1,2.753043942193241
Los_Angeles_000860,Los Angeles,2.947843308033751,7,2.419983034497726
Los_Angeles_000861,Los Angeles,1.1351823934404857,4,2.7544337696477257
Los_Angeles_000862,Los Angeles,1.6891751627232479,8,2.9620664852487284
Los_Angeles_000863,Los Angeles,2.026878325591518,6,2.771887279352789
Los_Angeles_000864,Los Angeles,1.292367225195839,6,2.6159045832814978
Los_Angeles_000865,Los Angeles,0.7336217191682166,1,2.7907328459222245
Los_Angeles_000866,Los Angeles,1.6235268439113986,4,2.603644356948086
Los_Angeles_000867,Los Angeles,1.1019691800998501,4,2.510956179376699
Los_Angeles_000868,Los Angeles,0.7723177479591541,1,2.627388822946231
Los_Angeles_000869,Los Angeles,1.3926721835312965,4,2.4357860118438737
Los_Angeles_000870,Los Angeles,1.6648973439152333,8,2.692963220349411
Los_Angeles_000871,Los Angeles,0.6420900213828261,3,3.0487262082838815
Los_Angeles_000872,Los Angeles,1.5288402834359611,7,2.678288297703681
Los_Angeles_000873,Los Angeles,0.666815808826531,0,3.3622784815420306
Los_Angeles_000874,Los Angeles,0.9307642994918006,3,2.4730395815341004
Los_Angeles_000875,Los Angeles,0.7561810547240807,3,3.1215654668201864
Los_Angeles_000876,Los Angeles,0.6569284287204928,0,3.1939866929839007
Los_Angeles_000877,Los Angeles,0.762078877979868,4,3.582525928378656
Los_Angeles_000878,Los Angeles,0.7102989129645373,0,2.252534562263662
Los_Angeles_000879,Los Angeles,0.8568925216831957,1,2.065604222371156
Los_Angeles_000880,Los Angeles,1.4730078741426584,1,3.15898106982654
Los_Angeles_000881,Los Angeles,1.8759564690957529,3,3.268223686236527
Los_Angeles_000882,Los Angeles,1.438426116653663,2,2.2690191957152415
Los_Angeles_000883,Los Angeles,1.7583673298321245,4,2.8424376845488757
Los_Angeles_000884,Los Angeles,1.3195665460977208,1,2.8341562350451848
Los_Angeles_000885,Los Angeles,0.8398371338511499,2,2.7032385193542874
Los_Angeles_000886,Los Angeles,1.1912088349416234,2,2.3038630965847515
Los_Angeles_000887,Los Angeles,3.712080935026117,12,3.1853557521445173
Los_Angeles_000888,Los Angeles,2.169326702904245,6,2.809972549650048
Los_Angeles_000889,Los Angeles,1.9282360034515207,4,2.7782981888182094
Los_Angeles_000890,Los Angeles,1.108901287858579,3,2.4613445543369985
Los_Angeles_000891,Los Angeles,0.9943228009717342,4,2.7616617361429325
Los_Angeles_000892,Los Angeles,1.4255298003752077,4,3.0893541844129926
Los_Angeles_000893,Los Angeles,0.5904217251909741,2,2.7016446121496016
Los_Angeles_000894,Los Angeles,1.5631890246033224,4,2.5774077645523032
Los_Angeles_000895,Los Angeles,1.5934578091692329,8,3.313020392676388
Los_Angeles_000896,Los Angeles,2.451131103965257,8,2.4770130752012975
Los_Angeles_000897,Los Angeles,1.0147902931169712,4,2.841464098637647
Los_Angeles_000898,Los Angeles,0.6316428881088078,3,3.5453580020605626
Los_Angeles_000899,Los Angeles,1.164752809560377,2,2.7811351864203187
Los_Angeles_000900,Los Angeles,1.1112122391484711,0,2.2147449143814155
Los_Angeles_000901,Los Angeles,2.893940256159776,9,2.3695615527432072
Los_Angeles_000902,Los Angeles,0.940211138770382,1,2.833035822388454
Los_Angeles_000903,Los Angeles,1.428304123353291,6,2.678785803224086
Los_Angeles_000904,Los Angeles,0.8153830586681471,3,2.5943993165121366
Los_Angeles_000905,Los Angeles,0.6973752371938381,1,2.580332380791083
Los_Angeles_000906,Los Angeles,0.6587802724590317,0,2.520024727320301
Los_Angeles_000907,Los Angeles,0.7155791264961465,0,2.696209510404287
Los_Angeles_000908,Los Angeles,1.599288463607834,7,2.4824902736430854
Los_Angeles_000909,Los Angeles,1.203683228096192,6,2.9116222131612095
Los_Angeles_000910,Los Angeles,0.8123912737544188,3,3.6608286179064065
Los_Angeles_000911,Los Angeles,0.7869374862298535,2,2.8613984545125843
Los_Angeles_000912,Los Angeles,0.8063592438497342,1,2.7704642964623165
Los_Angeles_000913,Los Angeles,1.9632436059528002,8,2.832644995359995
Los_Angeles_000914,Los Angeles,0.8246989198613175,6,3.5397712718774197
Los_Angeles_000915,Los Angeles,0.5815655391084965,4,4.338970287729674
Los_Angeles_000916,Los Angeles,1.35450444554645,3,2.542278674250301
Los_Angeles_000917,Los Angeles,1.3349934089739883,2,2.358656893558078
Los_Angeles_000918,Los Angeles,1.2380860265944738,2,3.118919496347335
Los_Angeles_000919,Los Angeles,2.2028869005657126,3,2.4930205830087235
Los_Angeles_000920,Los Angeles,1.0050609353828057,3,2.9937170893461915
Los_Angeles_000921,Los Angeles,2.00825109716315,5,2.8501663981260683
Los_Angeles_000922,Los Angeles,0.623525301776259,2,2.684295030198664
Los_Angeles_000923,Los Angeles,0.782148063301627,2,2.792986962843339
Los_Angeles_000924,Los Angeles,1.1307543653645062,4,2.5678962523917717
Los_Angeles_000925,Los Angeles,1.5584565134665214,3,2.597126047790741
Los_Angeles_000926,Los Angeles,1.1049035063792911,1,2.9690569449299593
Los_Angeles_000927,Los Angeles,0.9474661515695179,7,3.124253786644581
Los_Angeles_000928,Los Angeles,0.5764009706461545,0,2.6786683049431246
Los_Angeles_000929,Los Angeles,2.230407438469733,1,2.0129384692993155
Los_Angeles_000930,Los Angeles,1.0440439825811727,3,2.596870887309373
Los_Angeles_000931,Los Angeles,1.5762814893343045,0,3.3318248581417995
Los_Angeles_000932,Los Angeles,0.8539142443182044,5,2.551557509079242
Los_Angeles_000933,Los Angeles,0.5790697922822643,3,3.4710171913105836
Los_Angeles_000934,Los Angeles,1.8554195233650925,5,2.3825073262417673
Los_Angeles_000935,Los Angeles,1.4531531015951034,3,2.1696944696482063
Los_Angeles_000936,Los Angeles,1.014990957023194,2,2.4731080069173497
Los_Angeles_000937,Los Angeles,1.0935230987354472,3,3.043735989230364
Los_Angeles_000938,Los Angeles,1.1278184567113372,4,2.2458209192294185
Los_Angeles_000939,Los Angeles,2.467827387438094,7,1.976613299708585
Los_Angeles_000940,Los Angeles,0.91294586446136,5,2.8706877397770074
Los_Angeles_000941,Los Angeles,0.9839963878572866,3,2.4957699176799224
Los_Angeles_000942,Los Angeles,1.4312886220164343,4,2.9756240429080476
Los_Angeles_000943,Los Angeles,1.5873505474850578,2,2.444969502645405
Los_Angeles_000944,Los Angeles,3.2279024484565895,12,3.0565813518352942
Los_Angeles_000945,Los Angeles,2.313552498930423,7,2.647964809768178
Los_Angeles_000946,Los Angeles,1.1509388079402054,2,2.6673066247269643
Los_Angeles_000947,Los Angeles,1.3749845899792952,5,3.018829975481939
Los_Angeles_000948,Los Angeles,1.5315220684923263,3,2.2620162640154406
Los_Angeles_000949,Los Angeles,2.539746128861006,8,2.4229284294676954
Los_Angeles_000950,Los Angeles,2.4891760975225448,2,2.6881873004408154
Los_Angeles_000951,Los Angeles,2.373098827117886,7,2.2831774322469993
Los_Angeles_000952,Los Angeles,1.8101143268659041,7,2.3913582589479776
Los_Angeles_000953,Los Angeles,3.1703809521708495,8,2.7680180742235647
Los_Angeles_000954,Los Angeles,1.5867601927818669,3,2.904262250844298
Los_Angeles_000955,Los Angeles,0.8634219813763091,5,2.8692568607799824
Los_Angeles_000956,Los Angeles,0.6554964896679258,1,2.9605235714246403
Los_Angeles_000957,Los Angeles,1.6953538225550877,3,2.2324981541182236
Los_Angeles_000958,Los Angeles,4.511153407924292,10,2.7205458056139378
Los_Angeles_000959,Los Angeles,1.3291770463115613,4,3.0649723557554043
Los_Angeles_000960,Los Angeles,1.2005292946622266,6,2.2598772385396444
Los_Angeles_000961,Los Angeles,1.1905067827951958,2,2.6719007482282566
Los_Angeles_000962,Los Angeles,0.8434009050954836,0,3.0618146431439617
Los_Angeles_000963,Los Angeles,2.585948892573434,7,2.7565675831579917
Los_Angeles_000964,Los Angeles,1.4857089804301777,3,3.7905310933744203
Los_Angeles_000965,Los Angeles,1.0627373103492923,2,3.689430083846676
Los_Angeles_000966,Los Angeles,1.0669836032600326,2,2.7660451224444307
Los_Angeles_000967,Los Angeles,2.9718618117547275,13,3.3506998754042185
Los_Angeles_000968,Los Angeles,3.1071476185570854,9,3.079629294208777
Los_Angeles_000969,Los Angeles,1.1047954493892114,3,2.390795947308824
Los_Angeles_000970,Los Angeles,0.8903510392633842,5,3.19150190316008
Los_Angeles_000971,Los Angeles,1.773232144036351,6,3.0993960846689137
Los_Angeles_000972,Los Angeles,1.0114472653515603,2,3.0867520260314167
Los_Angeles_000973,Los Angeles,0.9278256505120133,5,3.4500622828541023
Los_Angeles_000974,Los Angeles,1.3429943259617516,6,3.4031978483973906
Los_Angeles_000975,Los Angeles,0.7010209586713003,5,2.6886445449090384
Los_Angeles_000976,Los Angeles,2.6186948197588995,9,2.8299404875072787
Los_Angeles_000977,Los Angeles,0.8056342279291113,4,2.3056120335099175
Los_Angeles_000978,Los Angeles,0.6495252168600842,0,3.048930930602764
Los_Angeles_000979,Los Angeles,0.7852154018000685,3,3.5119648254815887
Los_Angeles_000980,Los Angeles,1.472405403642783,4,2.3416641643021827
Los_Angeles_000981,Los Angeles,2.0816415450317285,8,2.9601723734003054
Los_Angeles_000982,Los Angeles,0.7516749362624568,3,2.6649719450772946
Los_Angeles_000983,Los Angeles,1.3690403154997464,4,3.117153274131881
Los_Angeles_000984,Los Angeles,1.307749015956801,5,3.195211944104355
Los_Angeles_000985,Los Angeles,1.7940041190195224,4,2.260493650089567
Los_Angeles_000986,Los Angeles,1.2895240861523138,4,2.675195282926433
Los_Angeles_000987,Los Angeles,2.2081943066318748,4,2.8392973178886813
Los_Angeles_000988,Los Angeles,1.947567770717566,6,2.69377633119591
Los_Angeles_000989,Los Angeles,1.560368776037346,2,2.896280624097258
Los_Angeles_000990,Los Angeles,0.8743821425451903,4,2.780315135374919
Los_Angeles_000991,Los Angeles,0.6870543987791908,3,2.6304350681804753
Los_Angeles_000992,Los Angeles,1.8145339862187146,15,3.4046017232807415
Los_Angeles_000993,Los Angeles,4.4729163974014465,8,2.9526454570146465
Los_Angeles_000994,Los Angeles,1.2839439601113798,2,2.964897615463154
Los_Angeles_000995,Los Angeles,1.2832787846343758,2,3.0357931275231778
Los_Angeles_000996,Los Angeles,2.343965842207651,6,3.4187331556948974
Los_Angeles_000997,Los Angeles,1.366246683815484,5,3.2601561408557043
Los_Angeles_000998,Los Angeles,1.226337220852124,4,2.5022098838520255
Los_Angeles_000999,Los Angeles,2.754771447054117,7,2.9174898816440407
Los_Angeles_001000,Los Angeles,1.5242580137937354,3,2.196106093547863
Los_Angeles_001001,Los Angeles,1.3386745861334717,4,2.194060841400056
Los_Angeles_001002,Los Angeles,1.422146508955846,4,2.183075496294741
Los_Angeles_001003,Los Angeles,0.6485285282580244,1,2.2041763161901384
Los_Angeles_001004,Los Angeles,1.0340964811348328,2,3.01082381498949
Los_Angeles_001005,Los Angeles,1.5379540443846589,3,3.326925533893833
Los_Angeles_001006,Los Angeles,1.2200358488996783,3,2.793431001461021
Los_Angeles_001007,Los Angeles,1.09221168498786,2,2.4008213341980746
Los_Angeles_001008,Los Angeles,0.6454868662723472,2,2.0504074610666274
Los_Angeles_001009,Los Angeles,1.9057648893175185,2,2.7434010814553487
Los_Angeles_001010,Los Angeles,1.1780458192282746,0,2.3722535703012104
Los_Angeles_001011,Los Angeles,1.2008015017363947,2,2.67364724382232
Los_Angeles_001012,Los Angeles,2.225803088091599,5,2.3040071196588565
Los_Angeles_001013,Los Angeles,1.9439729944768211,3,2.515341143430815
Los_Angeles_001014,Los Angeles,1.1498330676281607,1,2.3759307449362437
Los_Angeles_001015,Los Angeles,1.4876839274269544,3,2.479550760547823
Los_Angeles_001016,Los Angeles,1.156913317529746,3,2.4825072693839028
Los_Angeles_001017,Los Angeles,1.9747892315580322,3,2.840803278759219
Los_Angeles_001018,Los Angeles,1.1604578468273736,2,2.735690690820553
Los_Angeles_001019,Los Angeles,1.3855640910800593,2,2.1876091892343577
Los_Angeles_001020,Los Angeles,3.166053187995802,9,3.210632822075055
Los_Angeles_001021,Los Angeles,0.7931630842197361,2,2.7298514243756404
Los_Angeles_001022,Los Angeles,0.7377374456102636,3,2.6181504774857944
Los_Angeles_001023,Los Angeles,0.9070649942615931,4,2.5778034630956004
Los_Angeles_001024,Los Angeles,1.5198273399062585,3,2.5507696316000574
Los_Angeles_001025,Los Angeles,1.9868944494935188,13,2.5786040648758966
Los_Angeles_001026,Los Angeles,1.7209484705321514,5,2.6250523216703523
Los_Angeles_001027,Los Angeles,0.8314072882644061,1,2.6725817378479837
Los_Angeles_001028,Los Angeles,2.873372476222299,11,3.9740804045603775
Los_Angeles_001029,Los Angeles,0.8302279243397643,2,2.6879349913379786
Los_Angeles_001030,Los Angeles,0.8728361471819015,1,2.3862211778555342
Los_Angeles_001031,Los Angeles,1.1933560247717832,7,2.6925736339273367
Los_Angeles_001032,Los Angeles,0.679295964519233,4,2.8432146063568586
Los_Angeles_001033,Los Angeles,1.204942530278164,2,2.2722103289262177
Los_Angeles_001034,Los Angeles,1.008141775332554,6,2.764520894534276
Los_Angeles_001035,Los Angeles,5.019895561011176,9,2.60125724743848
Los_Angeles_001036,Los Angeles,1.5694942059962473,7,2.716272951882515
Los_Angeles_001037,Los Angeles,1.2508723209883912,4,2.579620797095753
Los_Angeles_001038,Los Angeles,3.420150842904149,9,2.5410868554534862
Los_Angeles_001039,Los Angeles,1.0141902493513355,3,3.3904056044703084
Los_Angeles_001040,Los Angeles,0.8830940234393505,2,3.077310085249094
Los_Angeles_001041,Los Angeles,1.144172145870673,6,2.8270689818846617
Los_Angeles_001042,Los Angeles,1.276237219759007,4,2.4937933203865463
Los_Angeles_001043,Los Angeles,1.4424736764444002,2,2.880072421248628
Los_Angeles_001044,Los Angeles,0.8265968343073629,2,2.6171312411111662
Los_Angeles_001045,Los Angeles,1.6934084926285813,1,2.172185333972274
Los_Angeles_001046,Los Angeles,3.568826245706472,10,2.7474842200183787
Los_Angeles_001047,Los Angeles,0.6209331918037659,3,3.6963180404532885
Los_Angeles_001048,Los Angeles,1.1340641121738013,4,2.6437273219968036
Los_Angeles_001049,Los Angeles,2.069643895371401,7,3.207060811217302
Los_Angeles_001050,Los Angeles,1.2027778098447968,3,3.156028846266268
Los_Angeles_001051,Los Angeles,2.2579821338066846,7,2.5235149143879223
Los_Angeles_001052,Los Angeles,2.0324693661793893,2,2.134538062552584
Los_Angeles_001053,Los Angeles,1.287224876683195,4,3.5013517186412435
Los_Angeles_001054,Los Angeles,1.270165698073161,3,2.5244367058126587
Los_Angeles_001055,Los Angeles,1.3022784167630397,2,2.613950932120176
Los_Angeles_001056,Los Angeles,1.020634437783405,1,2.8947202712006823
Los_Angeles_001057,Los Angeles,0.8092737990840355,2,3.171116920862519
Los_Angeles_001058,Los Angeles,0.7024194417229168,1,3.156147006440261
Los_Angeles_001059,Los Angeles,2.094841596509407,8,3.6503355008730667
Los_Angeles_001060,Los Angeles,1.7662003934408455,6,2.6606854636615465
Los_Angeles_001061,Los Angeles,1.2099864184412457,5,2.3955724799901175
Los_Angeles_001062,Los Angeles,2.0771322076695475,3,2.8024765872776025
Los_Angeles_001063,Los Angeles,2.4831041266219964,6,2.959322616021429
Los_Angeles_001064,Los Angeles,0.7479351301236584,1,2.5898724617976145
Los_Angeles_001065,Los Angeles,2.310343891235399,4,2.0481436674993367
Los_Angeles_001066,Los Angeles,0.9990411283932632,7,3.335129998978463
Los_Angeles_001067,Los Angeles,1.2837487420406228,3,2.9389781827047803
Los_Angeles_001068,Los Angeles,2.429596822900499,11,3.2773402493665422
Los_Angeles_001069,Los Angeles,1.6244467787687498,7,2.0869009769050346
Los_Angeles_001070,Los Angeles,2.8868763161090785,14,3.2569723847982877
Los_Angeles_001071,Los Angeles,1.0589372655810823,4,2.3202204013392813
Los_Angeles_001072,Los Angeles,1.1918500697496732,2,2.861153625365176
Los_Angeles_001073,Los Angeles,1.903733557483706,9,3.538065450371993
Los_Angeles_001074,Los Angeles,2.435461343622211,4,2.632123882656395
Los_Angeles_001075,Los Angeles,2.1925603363850343,4,3.4472110495228407
Los_Angeles_001076,Los Angeles,1.199376946256547,2,2.1387699718766755
Los_Angeles_001077,Los Angeles,0.8644305059533925,1,2.472844365468906
Los_Angeles_001078,Los Angeles,1.4304683282367772,5,3.4097041016043828
Los_Angeles_001079,Los Angeles,1.131807655968668,5,2.5588993882338174
Los_Angeles_001080,Los Angeles,1.457808726039066,6,2.3131858826992366
Los_Angeles_001081,Los Angeles,0.9622205708640409,1,2.510750685330731
Los_Angeles_001082,Los Angeles,1.778913421489488,4,2.7511293096223377
Los_Angeles_001083,Los Angeles,1.124169028576918,3,2.563286210195077
Los_Angeles_001084,Los Angeles,1.1745572718055555,1,2.843470901990846
Los_Angeles_001085,Los Angeles,1.772579048917519,6,2.3907903394156356
Los_Angeles_001086,Los Angeles,2.5825705004030772,8,3.0928937361277598
Los_Angeles_001087,Los Angeles,1.3661754110962052,3,2.7365890742976844
Los_Angeles_001088,Los Angeles,1.5040360889059794,6,3.518884908266493
Los_Angeles_001089,Los Angeles,1.3418078408868608,0,2.1327055799677876
Los_Angeles_001090,Los Angeles,1.5173835304921348,2,2.466720756693252
Los_Angeles_001091,Los Angeles,0.8731633892296198,3,2.5881580970259703
Los_Angeles_001092,Los Angeles,1.8243947763668686,7,2.5669885359309847
Los_Angeles_001093,Los Angeles,1.2870594522353067,5,3.4807329852671938
Los_Angeles_001094,Los Angeles,0.5148353647916618,2,2.8131378141870638
Los_Angeles_001095,Los Angeles,0.7779207597782724,0,3.6096672529558442
Los_Angeles_001096,Los Angeles,0.882544308604844,3,2.18603058321036
Los_Angeles_001097,Los Angeles,2.895798070707404,4,2.2071855611031044
Los_Angeles_001098,Los Angeles,0.8311311496942355,11,3.3063147245535465
Los_Angeles_001099,Los Angeles,2.3965245370442965,1,2.3538712530461345
Los_Angeles_001100,Los Angeles,1.536271626139471,4,3.1713732622637174
Los_Angeles_001101,Los Angeles,1.0431506645609554,2,3.6727714842515296
Los_Angeles_001102,Los Angeles,2.2046492538730007,7,2.913946867275076
Los_Angeles_001103,Los Angeles,2.3127593537678415,3,2.7890589914040538
Los_Angeles_001104,Los Angeles,2.0452771690408413,3,2.669191361283364
Los_Angeles_001105,Los Angeles,0.6683516429264792,1,4.037777078373267
Los_Angeles_001106,Los Angeles,0.5427529203742398,1,3.2557054375309487
Los_Angeles_001107,Los Angeles,0.6241119038879713,0,3.140685716271535
Los_Angeles_001108,Los Angeles,1.4900208616267299,6,3.370466921799319
Los_Angeles_001109,Los Angeles,1.0019587564882984,6,3.696172100754672
Los_Angeles_001110,Los Angeles,1.7677494076381133,9,2.7516706981128167
Los_Angeles_001111,Los Angeles,1.7957231696953682,6,3.0177117796561994
Los_Angeles_001112,Los Angeles,0.7321276877382952,1,2.4165670875048377
Los_Angeles_001113,Los Angeles,0.8983289929197402,4,2.2346554164208934
Los_Angeles_001114,Los Angeles,1.9247433622373038,7,2.5045400808967786
Los_Angeles_001115,Los Angeles,1.6546234250767196,4,3.1972232851190245
Los_Angeles_001116,Los Angeles,0.9490591129583312,3,2.8640586146821505
Los_Angeles_001117,Los Angeles,1.3215192658074795,3,2.9390792866055184
Los_Angeles_001118,Los Angeles,0.8158756334698702,2,2.493874323188462
Los_Angeles_001119,Los Angeles,1.4688210984037369,4,3.1562878804613437
Los_Angeles_001120,Los Angeles,1.9803749084683533,9,3.41241213135615
Los_Angeles_001121,Los Angeles,1.344307322849286,5,3.1988460902015103
Los_Angeles_001122,Los Angeles,2.021960830899567,4,2.6245967461750066
Los_Angeles_001123,Los Angeles,0.6587199033714035,1,2.5388013826066214
Los_Angeles_001124,Los Angeles,0.7695327531321883,3,2.9478773339630915
Los_Angeles_001125,Los Angeles,0.7375360196291549,3,2.625604907893573
Los_Angeles_001126,Los Angeles,1.427646641070191,4,2.76611929407301
Los_Angeles_001127,Los Angeles,0.9805520387356401,4,3.045173388024159
Los_Angeles_001128,Los Angeles,1.0360393624089541,1,2.567943463760711
Los_Angeles_001129,Los Angeles,2.6693494765010612,6,2.3370394236054426
Los_Angeles_001130,Los Angeles,1.5254503280680465,6,3.2582057201110395
Los_Angeles_001131,Los Angeles,2.953920021041571,9,2.7070418784174057
Los_Angeles_001132,Los Angeles,2.270433001364529,5,2.925864012699541
Los_Angeles_001133,Los Angeles,1.8281927610508018,10,2.814494204672002
Los_Angeles_001134,Los Angeles,1.0579077175939626,1,2.2561967546197423
Los_Angeles_001135,Los Angeles,4.011290712998381,11,2.5726067016367242
Los_Angeles_001136,Los Angeles,1.0349639555240748,5,2.018348637594161
Los_Angeles_001137,Los Angeles,1.1449436715049375,1,2.8681439133127955
Los_Angeles_001138,Los Angeles,0.8823664709860016,2,2.701733670590602
Los_Angeles_001139,Los Angeles,0.580545468160338,1,2.5690157504265123
Los_Angeles_001140,Los Angeles,1.4963191045902695,4,2.6385901386185413
Los_Angeles_001141,Los Angeles,1.6782510333360803,5,3.4884894466500906
Los_Angeles_001142,Los Angeles,1.339423440557564,2,2.7735587893704086
Los_Angeles_001143,Los Angeles,2.7765800706902755,11,2.9480704118285908
Los_Angeles_001144,Los Angeles,1.5898270976932076,4,3.014571767378392
Los_Angeles_001145,Los Angeles,1.9208258802439035,2,2.4413700119360078
Los_Angeles_001146,Los Angeles,0.6929713375415057,0,2.1245342997669767
Los_Angeles_001147,Los Angeles,1.0786195244407324,1,2.541209355878174
Los_Angeles_001148,Los Angeles,4.539630312773883,13,2.577190893975762
Los_Angeles_001149,Los Angeles,2.334630359869384,6,2.7050757520460103
Los_Angeles_001150,Los Angeles,1.7517195870046385,4,2.3410549865874817
Los_Angeles_001151,Los Angeles,0.9738004760081198,4,2.337340724291425
Los_Angeles_001152,Los Angeles,0.5133428840239178,0,3.16732231453448
Los_Angeles_001153,Los Angeles,1.743247652497773,4,2.2984819727809116
Los_Angeles_001154,Los Angeles,1.8701658799818555,6,3.183091896370243
Los_Angeles_001155,Los Angeles,1.1836361749792013,5,3.0070766601331025
Los_Angeles_001156,Los Angeles,2.7007576384297693,12,3.064484447640198
Los_Angeles_001157,Los Angeles,0.8600245049157416,1,3.1295733154083956
Los_Angeles_001158,Los Angeles,0.8629877419954028,0,2.6920306141535812
Los_Angeles_001159,Los Angeles,1.6306760086077576,8,2.5549804162167007
Los_Angeles_001160,Los Angeles,1.4301187045917154,3,3.253203206083149
Los_Angeles_001161,Los Angeles,1.2054439709657156,5,3.0885034444915354
Los_Angeles_001162,Los Angeles,1.2106966191494677,3,2.504026790942219
Los_Angeles_001163,Los Angeles,1.130512888916663,2,2.834403781037171
Los_Angeles_001164,Los Angeles,1.1157858702238586,4,2.6228133183219278
Los_Angeles_001165,Los Angeles,0.9655879845389185,1,2.3650099324689235
Los_Angeles_001166,Los Angeles,1.0078312892191192,3,2.5302716273826666
Los_Angeles_001167,Los Angeles,1.1994447624103648,2,2.6671915334122076
Los_Angeles_001168,Los Angeles,0.6775266262227264,4,2.9140161487205383
Los_Angeles_001169,Los Angeles,1.8345416045167888,6,2.554051012012256
Los_Angeles_001170,Los Angeles,0.8965249837383884,3,3.1317484042435715
Los_Angeles_001171,Los Angeles,0.6366071523839367,2,2.3600103253615576
Los_Angeles_001172,Los Angeles,2.2634156968110046,5,2.227893884328215
Los_Angeles_001173,Los Angeles,0.8266532761395131,2,2.845047163974216
Los_Angeles_001174,Los Angeles,1.3349443098140417,1,2.707868603094046
Los_Angeles_001175,Los Angeles,1.2246674924544643,3,3.2312201715076005
Los_Angeles_001176,Los Angeles,1.563922724568325,3,2.529824656638267
Los_Angeles_001177,Los Angeles,2.8094360563879657,13,2.8779223288731037
Los_Angeles_001178,Los Angeles,1.9158932613189843,3,2.8750954666536477
Los_Angeles_001179,Los Angeles,3.6667323213618155,9,3.373914509003118
Los_Angeles_001180,Los Angeles,0.7589828985868471,1,2.659577912461541
Los_Angeles_001181,Los Angeles,2.532255458405246,13,3.040668807215025
Los_Angeles_001182,Los Angeles,1.2681546464444633,5,2.627083587694735
Los_Angeles_001183,Los Angeles,1.5517831720565347,6,2.697579627219775
Los_Angeles_001184,Los Angeles,2.6607060401507048,11,2.4864686733951866
Los_Angeles_001185,Los Angeles,2.4843526340003534,8,3.3049136597762274
Los_Angeles_001186,Los Angeles,0.7832616315112639,1,2.571630954944537
Los_Angeles_001187,Los Angeles,0.7717270494446844,2,2.4604169709624886
Los_Angeles_001188,Los Angeles,1.811030769535951,4,2.8728011629793246
Los_Angeles_001189,Los Angeles,2.0493952902912955,4,3.312159231560685
Los_Angeles_001190,Los Angeles,3.3547772497606583,7,2.2856544170148343
Los_Angeles_001191,Los Angeles,2.013940105350316,3,2.490399212469552
Los_Angeles_001192,Los Angeles,2.4507895794426426,3,2.8127991030459394
Los_Angeles_001193,Los Angeles,0.7709216400783044,2,2.8135222705833103
Los_Angeles_001194,Los Angeles,2.1352983484650805,5,2.522333019311475
Los_Angeles_001195,Los Angeles,1.2863275504770293,4,2.6873260604507494
Los_Angeles_001196,Los Angeles,1.097528365095489,1,2.2397684490327925
Los_Angeles_001197,Los Angeles,1.7533722346894605,4,3.1119657517953914
Los_Angeles_001198,Los Angeles,1.989907170280723,6,3.113927135744661
Los_Angeles_001199,Los Angeles,1.0083176183162905,4,2.568815967595394
Austin_001200,Austin,1.865740692446247,4,2.280758956485315
Austin_001201,Austin,1.183934672397125,2,2.5694949116657253
Austin_001202,Austin,1.7868968524508313,4,2.596730314416944
Austin_001203,Austin,0.972525376551875,2,2.6393448979394067
Austin_001204,Austin,1.5671623707077729,4,2.06520745559006
Austin_001205,Austin,1.5001443877725584,3,2.1792803628179733
Austin_001206,Austin,3.4522750476685595,14,2.6869192598153715
Austin_001207,Austin,1.3085313164496644,1,2.2525770284361264
Austin_001208,Austin,0.776804285827204,2,2.3437176413514753
Austin_001209,Austin,2.060216933243691,6,2.322203204317765
Austin_001210,Austin,1.5192216590343435,4,2.776850438379485
Austin_001211,Austin,1.5953845914228675,8,2.72212502081525
Austin_001212,Austin,0.8383178448333674,1,2.7458912114574012
Austin_001213,Austin,0.7463793084781998,2,2.279632916707763
Austin_001214,Austin,0.6547607720882255,1,3.2510453808361266
Austin_001215,Austin,3.0441344493496105,6,2.8460337773273396
Austin_001216,Austin,1.832782727843331,5,2.4840813543211278
Austin_001217,Austin,1.4865967380842466,3,2.127777003967631
Austin_001218,Austin,1.866861884833764,2,2.88506807944695
Austin_001219,Austin,2.319993159613447,7,2.2855280422266997
Austin_001220,Austin,0.8248468895279046,4,2.7487086240947294
Austin_001221,Austin,1.6087352084875006,6,2.60281534316695
Austin_001222,Austin,1.6768576195282383,2,2.187508782282464
Austin_001223,Austin,0.7855568251762048,1,3.0639427388103657
Austin_001224,Austin,0.7453613614149436,1,2.002259306824096
Austin_001225,Austin,1.4138358519476175,2,2.647989175097996
Austin_001226,Austin,2.5832752498659026,3,2.7503827201544455
Austin_001227,Austin,1.2043064749322618,5,2.521398502531399
Austin_001228,Austin,1.5600314676571143,3,2.421459872316243
Austin_001229,Austin,1.7987241371275418,2,2.1587341569095977
Austin_001230,Austin,0.8014256648452114,0,3.3426011768735626
Austin_001231,Austin,1.0054140931310314,2,2.4117003101114634
Austin_001232,Austin,0.9182666089279967,2,2.4097434791301198
Austin_001233,Austin,1.7523618580236016,3,2.9274347312329367
Austin_001234,Austin,1.5379196478697212,2,2.421577789320024
Austin_001235,Austin,1.9334071907809776,5,3.2652645260731226
Austin_001236,Austin,1.085595661704991,2,2.579029066543281
Austin_001237,Austin,2.190795662782196,3,2.546207324173119
Austin_001238,Austin,1.494833266273391,2,2.324265577739008
Austin_001239,Austin,0.7703961389432741,2,2.205401728047079
Austin_001240,Austin,0.8038065554605289,2,2.0858561457010776
Austin_001241,Austin,0.9030692636254538,1,3.0218015878657107
Austin_001242,Austin,2.2164425602069944,7,2.3666072487056087
Austin_001243,Austin,1.4322681449497758,5,2.5219486830637625
Austin_001244,Austin,1.0969833447245838,4,2.5417185042990917
Austin_001245,Austin,0.837547013375108,2,2.358205820725455
Austin_001246,Austin,3.152823464218985,6,2.348600105751253
Austin_001247,Austin,1.4254848112812049,3,3.245411769645801
Austin_001248,Austin,1.1526829535155925,2,2.8545018918312954
Austin_001249,Austin,2.9690073402533206,7,2.828912715738458
Austin_001250,Austin,1.005475572904344,5,3.215652844475784
Austin_001251,Austin,1.0130897841475905,4,2.3090240959923274
Austin_001252,Austin,2.988433570085475,7,2.8033850116792096
Austin_001253,Austin,1.3871367416174585,3,3.2912303120469057
Austin_001254,Austin,1.476674532329704,4,2.3434861073448556
Austin_001255,Austin,3.103503021124071,14,2.4744064436708446
Austin_001256,Austin,1.5837940837115747,2,2.2296456632933674
Austin_001257,Austin,2.0467666589947395,5,2.1620867190997655
Austin_001258,Austin,1.0625109687092609,3,2.462363703967225
Austin_001259,Austin,1.4908631048848093,3,2.16175133791428
Austin_001260,Austin,1.2174548332827062,0,2.1876854953807237
Austin_001261,Austin,1.344830932146831,3,2.695823157080289
Austin_001262,Austin,1.775422579681149,5,2.8460690901273726
Austin_001263,Austin,1.0286671423817406,0,2.375499303895323
Austin_001264,Austin,1.5151424869374868,3,2.080363564299029
Austin_001265,Austin,1.75465518075426,4,2.270234483255644
Austin_001266,Austin,1.3875154229144528,4,2.37001935035913
Austin_001267,Austin,1.1757736712704125,1,2.9234716285322557
Austin_001268,Austin,2.3972240868498655,8,2.532004009706834
Austin_001269,Austin,1.4657651481614553,8,3.09257175599255
Austin_001270,Austin,2.8823954940848573,4,2.9822375241861994
Austin_001271,Austin,1.9468041531605538,5,2.714091817288284
Austin_001272,Austin,2.041206789950942,2,2.998452661853149
Austin_001273,Austin,1.6366263195094541,8,3.095488994063695
Austin_001274,Austin,2.129290672438893,6,2.4089415845548117
Austin_001275,Austin,0.9693731460955457,5,2.8087936534358318
Austin_001276,Austin,2.0530854298235433,10,3.6044324145273072
Austin_001277,Austin,1.9240359825520421,4,2.3358058511941753
Austin_001278,Austin,1.7244468180416013,5,2.2732802350942403
Austin_001279,Austin,2.361656176925227,4,2.3384163924606947
Austin_001280,Austin,2.8704296378187935,7,3.084594271328348
Austin_001281,Austin,1.7176606487329955,3,2.733981540023266
Austin_001282,Austin,1.249968465447317,1,3.0051913092463347
Austin_001283,Austin,1.747709416716569,8,2.495421616120975
Austin_001284,Austin,1.3047781973330093,2,2.6983834531990456
Austin_001285,Austin,1.454784834742437,2,3.1975335990761082
Austin_001286,Austin,1.961384677486523,3,3.0824740266793587
Austin_001287,Austin,1.4106286843001987,4,2.5913816822446223
Austin_001288,Austin,0.6724843702602784,0,2.4811825099473768
Austin_001289,Austin,2.586721702871199,7,2.050896653754301
Austin_001290,Austin,1.6587613106104837,3,2.2616558155566073
Austin_001291,Austin,1.0072782650328838,1,3.1217157785300484
Austin_001292,Austin,4.0659846949648415,11,2.494329787772665
Austin_001293,Austin,1.4462153453480058,4,3.092344139121537
Austin_001294,Austin,2.445338458576296,5,2.9214825793397843
Austin_001295,Austin,1.3702857292257034,3,2.37843141559662
Austin_001296,Austin,1.3875209167164941,2,2.497059901643846
Austin_001297,Austin,2.4927295004472425,7,2.4843266669532866
Austin_001298,Austin,1.1100994828250443,6,2.926542355438435
Austin_001299,Austin,1.2977869066578953,2,2.617167602380118
Austin_001300,Austin,0.8049960262497831,2,3.21939847124023
Austin_001301,Austin,0.9691378999241502,1,2.219509299598472
Austin_001302,Austin,0.9663285912557525,1,2.3949781200274165
Austin_001303,Austin,1.1139937117337912,0,2.806572261919489
Austin_001304,Austin,1.8361851129802709,7,2.754011510481521
Austin_001305,Austin,0.6948910384653352,1,2.365708439644336
Austin_001306,Austin,1.5714594954297303,2,2.27936669557487
Austin_001307,Austin,1.1582826106167694,2,2.362871728860226
Austin_001308,Austin,1.086545365377669,2,2.321418117109325
Austin_001309,Austin,1.0823857233177212,3,3.054568958648887
Austin_001310,Austin,1.1694221458268528,0,2.8319203822349865
Austin_001311,Austin,1.9896063766323753,4,2.6700333981215305
Austin_001312,Austin,1.9078525093860208,8,2.676374348867257
Austin_001313,Austin,1.0011394102588727,3,2.53555151355381
Austin_001314,Austin,1.2701292356214726,2,2.706606887993251
Austin_001315,Austin,1.3540271143501306,6,2.1913079390867645
Austin_001316,Austin,2.6952007086070293,8,3.0133211617383933
Austin_001317,Austin,3.3010619582238534,8,2.3233211373076803
Austin_001318,Austin,3.165616547887679,8,2.9735285806037934
Austin_001319,Austin,0.6837577301240524,3,3.1964341485636436
Austin_001320,Austin,0.948154810859195,3,2.599953860765641
Austin_001321,Austin,1.7119137433192169,4,2.3973462254180395
Austin_001322,Austin,0.7290212206890208,2,2.2315359698813557
Austin_001323,Austin,1.1144161411275695,2,2.0210435669247957
Austin_001324,Austin,1.4536561469554494,3,2.4699402014949894
Austin_001325,Austin,1.1576922049930656,5,2.122923242620353
Austin_001326,Austin,1.613147201215582,3,2.5194280002401133
Austin_001327,Austin,1.466745843936308,3,2.7955559239346774
Austin_001328,Austin,0.9399869743805076,4,3.133698201004448
Austin_001329,Austin,2.9388638656635178,8,2.6019756369402947
Austin_001330,Austin,2.582811474919222,8,2.8795291178315483
Austin_001331,Austin,0.5444389220428396,3,2.4239393766777644
Austin_001332,Austin,1.0851952899288322,5,2.1376254870640508
Austin_001333,Austin,2.0647145382098246,3,2.9426061496148908
Austin_001334,Austin,1.3180862345108049,3,2.856159099020334
Austin_001335,Austin,0.8731658535072208,3,2.795279190897138
Austin_001336,Austin,1.1602545812117817,1,2.372620081666585
Austin_001337,Austin,1.6831448009050018,6,2.517936416788962
Austin_001338,Austin,3.1371766716885103,6,2.8615943780092654
Austin_001339,Austin,1.0966908071241086,4,2.81849283878888
Austin_001340,Austin,1.7370108004087266,3,1.874706637200176
Austin_001341,Austin,2.1301083816297526,5,2.5265689322665326
Austin_001342,Austin,1.4893119293128185,3,3.2376422423694504
Austin_001343,Austin,1.2701889400967645,2,2.2254650273364516
Austin_001344,Austin,2.045453860091759,8,3.5807610955581106
Austin_001345,Austin,1.7443241648777656,2,2.203362997941137
Austin_001346,Austin,0.8188739269784487,1,2.510134879760132
Austin_001347,Austin,1.981022933333198,4,3.326200100460554
Austin_001348,Austin,1.4123920253465037,1,2.1921798332385083
Austin_001349,Austin,1.183052662676257,0,2.2229952113454643
Austin_001350,Austin,1.1407704509651202,3,2.232700024881594
Austin_001351,Austin,1.5184673917737495,4,2.357520818572583
Austin_001352,Austin,1.3728785372690198,1,2.0899267330944613
Austin_001353,Austin,1.5446675646684875,2,2.5940886949656834
Austin_001354,Austin,2.153941728645366,5,2.3337113907916436
Austin_001355,Austin,1.0767286197709964,5,3.04783468065036
Austin_001356,Austin,1.5322396148401949,7,2.1975379692203694
Austin_001357,Austin,0.9813483333956632,2,2.886287081465482
Austin_001358,Austin,1.278045014305319,4,2.9619178786109446
Austin_001359,Austin,2.29048828656017,3,2.4204617204631176
Austin_001360,Austin,1.4564871656152838,3,2.8304385420532507
Austin_001361,Austin,1.4676629473133356,4,3.1602897348947425
Austin_001362,Austin,0.6205222469811591,1,2.450222340148621
Austin_001363,Austin,0.7795897470878217,5,3.170017099334577
Austin_001364,Austin,1.1226615843520023,4,3.026137472703235
Austin_001365,Austin,2.6800460233831127,7,2.1885565435790526
Austin_001366,Austin,2.508325536763517,5,2.0357703861980543
Austin_001367,Austin,1.8220944124351925,3,2.8450005691124316
Austin_001368,Austin,2.1843442024176882,5,2.8506902180524305
Austin_001369,Austin,1.7314580604349232,3,2.6650408833180443
Austin_001370,Austin,1.3814700553639905,2,2.9086627753722114
Austin_001371,Austin,2.7016145409117516,6,2.7972277806885533
Austin_001372,Austin,1.0066122354169038,0,2.5478223003954676
Austin_001373,Austin,1.4217095808665685,1,2.1590175851109477
Austin_001374,Austin,1.4560638984046266,4,2.6546894246635615
Austin_001375,Austin,0.9020556817733612,3,1.908738766522178
Austin_001376,Austin,0.5980710274492349,1,2.364936271753199
Austin_001377,Austin,0.6580422490509878,2,1.8688236713579285
Austin_001378,Austin,1.4227967137451594,4,2.4032491761070593
Austin_001379,Austin,1.0352197163209953,1,2.3680817528454137
Austin_001380,Austin,1.7732701011209884,4,2.6891880646586652
Austin_001381,Austin,0.7141646686903071,0,2.6899164141896112
Austin_001382,Austin,1.062534950592371,4,2.4751729607448545
Austin_001383,Austin,0.8622468005468601,1,2.3980548015306073
Austin_001384,Austin,1.0056921330538338,4,3.015663915705558
Austin_001385,Austin,0.8420936296083472,1,2.1086659222187176
Austin_001386,Austin,0.6666310211658926,1,2.342969187239926
Austin_001387,Austin,0.8517867515388979,3,3.3360015690851808
Austin_001388,Austin,0.8029461247289715,0,2.1077203822406756
Austin_001389,Austin,0.6530175040687138,2,3.0917644912121873
Austin_001390,Austin,0.8209437718358246,2,2.6863278390994254
Austin_001391,Austin,0.933055822392469,4,2.8083806706611303
Austin_001392,Austin,0.9745880412119798,1,2.6658121873337164
Austin_001393,Austin,0.6231087996763095,1,2.309263189656432
Austin_001394,Austin,2.425618391886355,7,3.0843630091999104
Austin_001395,Austin,1.2343439124009246,4,2.464089883792548
Austin_001396,Austin,2.9110130207245732,3,2.4257141732353
Austin_001397,Austin,0.7974221652350736,2,2.881253228765884
Austin_001398,Austin,0.6784235684746469,3,2.05619123792566
Austin_001399,Austin,0.6759638627454567,2,3.0067100084599296
Austin_001400,Austin,0.9181283472627118,5,2.611867148278295
Austin_001401,Austin,1.794187320855386,3,1.8781598729659936
Austin_001402,Austin,2.4246298790129566,4,2.4889397415388936
Austin_001403,Austin,1.0136746767869296,3,2.3686414961815494
Austin_001404,Austin,3.0318355864896,7,2.569177520791702
Austin_001405,Austin,0.7001133058693119,1,2.1260694821818245
Austin_001406,Austin,3.321384001789828,7,2.2223979221642174
Austin_001407,Austin,1.1035746221865548,1,2.181388433831882
Austin_001408,Austin,0.8131844594166684,0,2.4657278653943777
Austin_001409,Austin,2.0958510702382287,9,2.579540766166094
Austin_001410,Austin,1.492148636048339,7,3.0704762157530165
Austin_001411,Austin,5.284196516421071,12,2.632396057664201
Austin_001412,Austin,1.776064098628484,7,2.8491835750480887
Austin_001413,Austin,0.9560475092969773,3,2.6930345375309046
Austin_001414,Austin,1.5183953449432417,5,3.3981632496802274
Austin_001415,Austin,1.147379427732551,3,2.480012746159372
Austin_001416,Austin,0.7445238792304244,3,2.2895110977666633
Austin_001417,Austin,2.320994054497505,3,2.21013068585324
Austin_001418,Austin,3.388522840000687,11,2.6693445556583026
Austin_001419,Austin,3.0082574689573978,6,1.8784729458028766
Austin_001420,Austin,1.23017342360402,7,3.0016878848559942
Austin_001421,Austin,2.958814122055967,8,3.0135938540100393
Austin_001422,Austin,1.8706718483525333,4,2.8515788328186367
Austin_001423,Austin,0.6486249430355802,2,3.2492912372605427
Austin_001424,Austin,1.4877459511139048,5,2.610931958468919
Austin_001425,Austin,3.0083918601284134,5,2.4164561998779193
Austin_001426,Austin,1.8458974751320314,3,2.691754812828942
Austin_001427,Austin,1.5928830670523455,4,3.1429345218413944
Austin_001428,Austin,1.1413007143470892,2,2.408285363076335
Austin_001429,Austin,0.7913491623081674,2,2.1147409011174116
Austin_001430,Austin,1.4741981372874065,6,2.512225458937743
Austin_001431,Austin,0.9550990111597898,1,2.139578850380825
Austin_001432,Austin,0.6914529933581386,0,2.0354629406992517
Austin_001433,Austin,2.2228079219657886,10,2.5242628049246205
Austin_001434,Austin,1.3105083679687421,3,2.710162388883899
Austin_001435,Austin,0.901747553819157,4,2.8397260196837024
Austin_001436,Austin,1.6331579984892302,2,1.9473833345595128
Austin_001437,Austin,3.651566992676086,10,2.4845130056115807
Austin_001438,Austin,1.5625252134596996,2,2.8251159302832534
Austin_001439,Austin,1.0994906412166898,4,2.242499205525628
Austin_001440,Austin,0.8789100611371734,4,2.9463507972254273
Austin_001441,Austin,0.6852566888988081,2,2.650354135953035
Austin_001442,Austin,1.7310225710632514,7,2.789722799778441
Austin_001443,Austin,0.8135708536294369,1,2.489168856119385
Austin_001444,Austin,0.926368836406554,1,1.5402545526417588
Austin_001445,Austin,1.7932125083667836,2,2.9721367429321903
Austin_001446,Austin,2.1103824335572905,4,2.9385633961932833
Austin_001447,Austin,0.8257408666752815,6,3.025340409479185
Austin_001448,Austin,1.283636841098758,3,2.889412173593393
Austin_001449,Austin,1.1471564119636075,3,2.6313656195532373
Austin_001450,Austin,1.5735417184572835,5,2.329175318541232
Austin_001451,Austin,0.9375982386111754,2,2.80381224948896
Austin_001452,Austin,1.6511282513406071,5,2.460386816143345
Austin_001453,Austin,1.036617697853326,1,2.0858386850199344
Austin_001454,Austin,1.1603284463896397,1,3.4578396842818773
Austin_001455,Austin,2.834369757439502,8,2.5399368716314057
Austin_001456,Austin,1.26202696707515,2,2.9541001052555482
Austin_001457,Austin,1.1312747410662745,1,2.630573421957694
Austin_001458,Austin,1.3886479331752197,5,2.5659020353994375
Austin_001459,Austin,1.2830107344472343,6,2.8441943147771624
Austin_001460,Austin,1.6863078981259938,2,2.134959599253057
Austin_001461,Austin,0.9243838326384601,4,3.194765202933005
Austin_001462,Austin,1.8599972078745624,12,3.120370128514661
Austin_001463,Austin,1.0705563769252557,3,2.557959761799959
Austin_001464,Austin,1.4991654530966985,0,2.1221958139232555
Austin_001465,Austin,1.391207652857007,5,1.8995191714921524
Austin_001466,Austin,3.513920056924237,8,2.931391693109421
Austin_001467,Austin,1.5538562214198077,8,2.9162956943580953
Austin_001468,Austin,1.0436312876625742,1,2.4354103546906827
Austin_001469,Austin,1.5219401390629708,4,2.753883033213005
Austin_001470,Austin,1.9041891065139418,4,3.0546853921759767
Austin_001471,Austin,1.0084730043029277,5,2.8841387947230195
Austin_001472,Austin,1.6096328314118589,2,2.2807755510393366
Austin_001473,Austin,1.6931741216279599,6,2.488898933266827
Austin_001474,Austin,2.039461662607353,9,2.5333322959656175
Austin_001475,Austin,1.9576481315756504,7,2.432847994594986
Austin_001476,Austin,1.1274997710080523,2,2.7656922029734012
Austin_001477,Austin,1.970631302551507,5,2.5023076881861375
Austin_001478,Austin,0.8792024235761325,2,2.307118465721296
Austin_001479,Austin,1.6782027650489009,3,3.273177307498681
Austin_001480,Austin,2.3463458903776555,1,2.8439588074891056
Austin_001481,Austin,2.806394319388784,5,2.3945033602798493
Austin_001482,Austin,0.6320839847124053,3,3.354730853933791
Austin_001483,Austin,1.0497326368875226,4,2.2074013366402117
Austin_001484,Austin,3.8434117413351894,10,3.0943814617844607
Austin_001485,Austin,0.5676837368584786,3,3.107570190691866
Austin_001486,Austin,1.3661455378181437,2,2.9489537326890707
Austin_001487,Austin,0.5836703269266579,3,2.4458377543005567
Austin_001488,Austin,1.7114903343019243,9,2.57267210075658
Austin_001489,Austin,0.892352968045704,3,2.459534822257021
Austin_001490,Austin,2.3759227506368896,3,3.3382422325542387
Austin_001491,Austin,1.0238046505174343,1,2.417348942403588
Austin_001492,Austin,2.4967045105725734,6,2.7274734078197103
Austin_001493,Austin,1.2120339625461822,0,2.434927961790057
Austin_001494,Austin,2.2910406447149234,2,2.397522855439624
Austin_001495,Austin,1.5078333896493505,2,2.3084154774950028
Austin_001496,Austin,2.971854359802465,8,2.5281312353708283
Austin_001497,Austin,1.4162065879371106,5,2.9148310159827235
Austin_001498,Austin,0.683946100020168,3,2.3459242938817773
Austin_001499,Austin,1.1132665798744812,2,2.85325416605054
Austin_001500,Austin,1.543944027870399,3,2.519871671295897
Austin_001501,Austin,0.7493224632171034,4,3.6193043282617974
Austin_001502,Austin,1.2172271787120748,2,3.043205860285271
Austin_001503,Austin,2.3109994781955114,4,2.1555320568017127
Austin_001504,Austin,0.7137359796742291,1,2.8475890462849627
Austin_001505,Austin,0.9082439378635856,2,2.4152829380060967
Austin_001506,Austin,0.8909071662007959,2,2.473090735253243
Austin_001507,Austin,2.323883796164421,7,2.5803704187513
Austin_001508,Austin,0.9558122862122393,1,2.6340914203846624
Austin_001509,Austin,1.3610425600874492,7,3.3950057341474196
Austin_001510,Austin,2.3855955387851986,8,2.6397598941982974
Austin_001511,Austin,1.8636016857937636,5,2.6777111335726316
Austin_001512,Austin,2.126020487063431,4,2.8964564626039024
Austin_001513,Austin,1.0438235788214383,6,2.7570968435129064
Austin_001514,Austin,0.8443411558245492,3,2.7255477692948094
Austin_001515,Austin,1.590848324680256,8,2.86735124498383
Austin_001516,Austin,3.5317882822523496,15,2.6640881429775685
Austin_001517,Austin,1.4160510479277342,4,2.9084349700549805
Austin_001518,Austin,1.3242249142843718,2,2.421062236874303
Austin_001519,Austin,1.1809923314121336,4,2.5875336932138953
Austin_001520,Austin,0.7947053377763731,4,2.274196240699167
Austin_001521,Austin,1.2454595250193286,6,1.9561230238685479
Austin_001522,Austin,1.567746307895137,5,3.0426582390203523
Austin_001523,Austin,1.5889482802639519,4,2.7301330022837584
Austin_001524,Austin,1.5591201612038836,3,2.3650066122529556
Austin_001525,Austin,0.9918705159653265,3,2.5416332620449302
Austin_001526,Austin,0.707359809451412,3,3.429297811282914
Austin_001527,Austin,1.079063915083851,1,1.9756899901713145
Austin_001528,Austin,1.5184074339382898,5,2.8134875860819237
Austin_001529,Austin,0.6273473647562615,1,2.7528385994293947
Austin_001530,Austin,1.0495389640644344,1,3.5225272773159024
Austin_001531,Austin,1.4511149083567076,4,2.26871837628998
Austin_001532,Austin,0.7249324036387437,4,2.5871820356395205
Austin_001533,Austin,1.505032147380674,3,2.2765224260357355
Austin_001534,Austin,1.7066801216976735,4,3.0684544420856597
Austin_001535,Austin,0.8650698927987379,3,2.561291863822165
Austin_001536,Austin,1.7700322233909815,3,2.566534043070644
Austin_001537,Austin,0.917783342168846,0,2.3004443042654494
Austin_001538,Austin,1.35163669701355,2,2.518086083752997
Austin_001539,Austin,1.1970136728300647,3,2.206268544111807
Austin_001540,Austin,2.9400421528983465,6,2.1441795969400714
Austin_001541,Austin,1.5303645922144082,0,2.718483753954674
Austin_001542,Austin,1.772053566487636,3,2.358317257381585
Austin_001543,Austin,1.7583392582671695,5,2.5370378044213453
Austin_001544,Austin,0.9598913237128068,3,2.583773048814788
Austin_001545,Austin,2.760322707988418,3,2.5243609356733034
Austin_001546,Austin,2.0065615129561536,11,2.8755398246248114
Austin_001547,Austin,1.2108538974043364,4,2.9644828406814083
Austin_001548,Austin,1.1663314788727983,5,3.0327860284449155
Austin_001549,Austin,1.723984594950359,9,3.4615098751428
Austin_001550,Austin,2.1129435799566982,2,2.0982854678316993
Austin_001551,Austin,0.9399360898444171,2,2.486562166731276
Austin_001552,Austin,1.5212252771499222,5,2.488039329434126
Austin_001553,Austin,2.243907892658945,2,2.843721860809073
Austin_001554,Austin,1.0947210001126624,3,2.0874634871253184
Austin_001555,Austin,3.178169664039237,4,2.224104180187852
Austin_001556,Austin,0.7805558747842236,3,2.676751135843592
Austin_001557,Austin,2.513060388152334,5,2.367922078461429
Austin_001558,Austin,1.260545934923128,1,2.3010466860658383
Austin_001559,Austin,1.331777030114953,3,2.9053513380845923
Austin_001560,Austin,1.8147561325770247,3,3.3360205857519216
Austin_001561,Austin,2.131777352188341,4,2.387577722673672
Austin_001562,Austin,0.9257032737996285,2,2.538989633695792
Austin_001563,Austin,2.739816749013507,5,3.14850620879522
Austin_001564,Austin,0.8234233869985471,0,1.9549058184126846
Austin_001565,Austin,0.7779785285889271,4,2.5533571613057937
Austin_001566,Austin,0.7775239177256651,5,2.672023723714336
Austin_001567,Austin,1.0875688113812427,3,3.0376007363699298
Austin_001568,Austin,1.2541100406487131,2,2.8973160259640647
Austin_001569,Austin,0.9557369248162835,1,2.747201457609867
Austin_001570,Austin,3.4861812968488133,10,2.957623918965274
Austin_001571,Austin,0.9148073130563465,1,2.2210295187912785
Austin_001572,Austin,1.3580938208019115,3,2.347134561627618
Austin_001573,Austin,1.4947891525426127,4,2.438527168427469
Austin_001574,Austin,2.312728315183474,6,2.8271972110778734
Austin_001575,Austin,1.9856916686049835,7,2.798792064440738
Austin_001576,Austin,1.2104624202242231,4,2.39156216607619
Austin_001577,Austin,1.7808238778016345,6,2.5952661966062887
Austin_001578,Austin,1.6881321031545182,5,2.4467220948057924
Austin_001579,Austin,1.6529268186070127,5,2.372330021154257
Austin_001580,Austin,2.443409409143423,5,2.398619002581806
Austin_001581,Austin,1.5899835131486166,4,2.8777255793389056
Austin_001582,Austin,1.6168617649918544,4,2.614493846648676
Austin_001583,Austin,1.307579327186959,6,2.3795703208255565
Austin_001584,Austin,1.9029481659791934,4,2.777590921339143
Austin_001585,Austin,3.624315255532941,8,2.3049921933525765
Austin_001586,Austin,0.6208783724376828,0,2.5679925992129298
Austin_001587,Austin,1.053516742809574,6,3.2574613343962726
Austin_001588,Austin,1.4878793920493478,2,2.8554401595714207
Austin_001589,Austin,1.963905910878893,0,2.378336095680207
Austin_001590,Austin,0.9024013108696186,1,3.5360083745983832
Austin_001591,Austin,1.1690966205357665,2,2.5823885875708203
Austin_001592,Austin,1.637283805799052,5,2.405721407496251
Austin_001593,Austin,1.410475674100132,4,2.5581163514959715
Austin_001594,Austin,1.2088821285678453,2,2.525453592436472
Austin_001595,Austin,1.9381636424244932,5,2.599432581326442
Austin_001596,Austin,1.1033761125088222,4,1.9832751223403458
Austin_001597,Austin,2.799036691288057,9,2.613421641303056
Austin_001598,Austin,1.254555256706857,5,2.6778347270142064
Austin_001599,Austin,0.7439245689671893,1,3.3406957506878068
Miami_001600,Miami,1.917036207674303,5,2.3495623609704177
Miami_001601,Miami,0.6921127908462658,2,2.6827376921541766
Miami_001602,Miami,1.5834818226548801,1,3.662424832154495
Miami_001603,Miami,0.6114975868615112,1,3.3797175340037517
Miami_001604,Miami,4.4429313413822396,21,3.04166763153508
Miami_001605,Miami,0.7970181225512734,2,3.1861820822483997
Miami_001606,Miami,1.1122140960591462,6,2.1868619892652887
Miami_001607,Miami,3.203108362769517,9,2.6049180750490253
Miami_001608,Miami,0.9189815849421332,5,4.622724878307069
Miami_001609,Miami,0.72562891092776,0,3.1649755281727248
Miami_001610,Miami,2.0296281602656228,8,3.6924197146490547
Miami_001611,Miami,1.48411651160259,6,3.387725619224277
Miami_001612,Miami,0.6389459128448769,2,2.8604992184997218
Miami_001613,Miami,0.5520417762342619,0,2.4485457553019203
Miami_001614,Miami,2.9021910412909246,8,2.5465050665440594
Miami_001615,Miami,1.7003592862569987,0,2.205771954923068
Miami_001616,Miami,0.7190053542642261,1,2.540610705746915
Miami_001617,Miami,1.5540706852920398,11,4.016204803956251
Miami_001618,Miami,0.8663006648306257,0,2.8425505376980578
Miami_001619,Miami,2.32330893843095,8,2.9169267073785936
Miami_001620,Miami,0.9754404682473905,6,3.0803658642439657
Miami_001621,Miami,1.0779262921238213,1,2.8535092307079486
Miami_001622,Miami,2.7262783263713075,5,2.4936971851767833
Miami_001623,Miami,1.7666905744519044,10,3.421270939932581
Miami_001624,Miami,1.3769308175776809,3,2.2005128115280703
Miami_001625,Miami,1.4146669984798206,6,3.252239073869378
Miami_001626,Miami,1.4742946203119585,2,2.3386857896152042
Miami_001627,Miami,0.8240020670316754,7,2.9900729228040377
Miami_001628,Miami,1.8082822470344666,7,3.339588607687768
Miami_001629,Miami,2.8885410829803795,9,3.08759119798948
Miami_001630,Miami,1.5373411387197258,2,2.211705791153132
Miami_001631,Miami,2.025581163808764,9,2.8429154405270154
Miami_001632,Miami,1.972396853054206,3,2.467295838932158
Miami_001633,Miami,1.1530646316149857,3,3.0439363209682155
Miami_001634,Miami,1.4190478256977654,5,4.228892026250428
Miami_001635,Miami,0.7901020074627367,5,3.286397331974072
Miami_001636,Miami,0.9061127543543009,2,2.578115572270928
Miami_001637,Miami,1.202949567136963,4,2.9962673214333027
Miami_001638,Miami,2.0965254580348116,8,3.955973172618075
Miami_001639,Miami,1.4786594240941915,3,2.5553032170241528
Miami_001640,Miami,1.6320617760596732,4,2.902620914478446
Miami_001641,Miami,1.2733311160332978,5,2.606104707188238
Miami_001642,Miami,2.2337494387153676,8,2.4996606550151257
Miami_001643,Miami,1.411456201603697,4,2.9789551920112376
Miami_001644,Miami,1.973702396408012,7,2.9287387965679454
Miami_001645,Miami,0.6894098819807201,0,2.6546270014423587
Miami_001646,Miami,1.438688776686018,1,2.994217696275922
Miami_001647,Miami,1.3772022615430148,5,2.9760646034229534
Miami_001648,Miami,1.1501593510126478,5,2.9293463926960253
Miami_001649,Miami,1.7888621051707063,4,3.3427360588110195
Miami_001650,Miami,0.833122198789263,2,2.733187754495498
Miami_001651,Miami,0.6440604513473356,1,2.674023135318235
Miami_001652,Miami,1.1879223365487268,1,2.8178979886509943
Miami_001653,Miami,1.3211424460386385,3,3.258393800679188
Miami_001654,Miami,1.29640863188061,0,3.1745771874149895
Miami_001655,Miami,2.5848119310254063,1,2.0279551379200806
Miami_001656,Miami,1.2918951355019048,4,3.399027730837225
Miami_001657,Miami,1.6639860683639294,8,3.380314124889545
Miami_001658,Miami,0.6843349900812439,0,3.2238317270709955
Miami_001659,Miami,2.080637336107552,9,2.3039457938408483
Miami_001660,Miami,1.164027932340226,5,2.6137077670864053
Miami_001661,Miami,0.8055266336757301,3,3.1697976399228622
Miami_001662,Miami,1.388367491122705,2,3.0593763200172557
Miami_001663,Miami,1.680651471051055,4,3.97158912207048
Miami_001664,Miami,0.9525988234252689,0,3.7135730519227574
Miami_001665,Miami,0.855683617508965,1,3.494697175952574
Miami_001666,Miami,1.5718542982905233,2,2.3397214964767037
Miami_001667,Miami,1.2656702562542494,5,3.180265503990725
Miami_001668,Miami,0.6910441525805157,3,3.050354825847409
Miami_001669,Miami,1.6899719866988925,4,2.624088897184039
Miami_001670,Miami,2.7468650815825053,9,3.3308060069283756
Miami_001671,Miami,1.902041776533158,3,2.6878274910417486
Miami_001672,Miami,2.555472276042276,9,4.044533201018331
Miami_001673,Miami,0.8930302679718054,1,3.2170945877772397
Miami_001674,Miami,0.8695312346114334,3,2.674579819973189
Miami_001675,Miami,0.6302834074413222,2,2.964159215198795
Miami_001676,Miami,1.0834489116294312,3,3.1913037918849785
Miami_001677,Miami,1.7648528542570046,5,3.0848676680119373
Miami_001678,Miami,1.4138682322489853,10,3.6486427564381576
Miami_001679,Miami,1.3801044200976254,3,2.982941933714252
Miami_001680,Miami,2.247655595138821,7,3.0730879666500184
Miami_001681,Miami,0.8594538558627886,1,3.024030363011331
Miami_001682,Miami,0.647226954592901,2,3.276473680222791
Miami_001683,Miami,0.9727665982825332,3,2.5243555322441686
Miami_001684,Miami,1.2502981392018446,10,3.449954837548675
Miami_001685,Miami,0.9680679431699043,4,2.35097808018309
Miami_001686,Miami,1.5644131893614845,3,3.592652664372915
Miami_001687,Miami,2.0266938694215337,7,2.9453538018365366
Miami_001688,Miami,1.2766328945126832,4,2.8105636868003967
Miami_001689,Miami,1.1033993896954888,4,2.6573320224015937
Miami_001690,Miami,2.0076815725596724,4,2.5822106356229946
Miami_001691,Miami,0.833965031036543,7,2.991892647935352
Miami_001692,Miami,1.200612938421986,3,2.8555767619545835
Miami_001693,Miami,1.9177626740777367,5,2.244198700944808
Miami_001694,Miami,2.1704496615609035,5,2.9403019126219916
Miami_001695,Miami,1.1492487840913312,3,2.9869030999078756
Miami_001696,Miami,1.6283462701942035,3,2.9394512484267366
Miami_001697,Miami,1.4476220256145134,4,2.77819391693827
Miami_001698,Miami,1.33651798325022,3,2.628840067649448
Miami_001699,Miami,0.9874769937854004,5,3.4025552321017387
Miami_001700,Miami,0.7117341569337909,3,3.4229901194507764
Miami_001701,Miami,1.7745204607812892,2,2.9119463361965967
Miami_001702,Miami,2.0713409381206507,8,3.117442259902706
Miami_001703,Miami,2.7217208043512486,11,3.057356379718982
Miami_001704,Miami,1.2169454751952997,2,3.130644953016386
Miami_001705,Miami,3.0260134934712886,4,2.6331460625953893
Miami_001706,Miami,2.069386506564017,9,3.164206232747336
Miami_001707,Miami,1.0589620844010335,7,3.012610926798178
Miami_001708,Miami,1.9587069985308032,7,2.9004485283894264
Miami_001709,Miami,1.8844092073908276,10,3.1177431243896803
Miami_001710,Miami,1.5835104484125644,0,2.890291115530659
Miami_001711,Miami,1.8189817839483313,5,2.807995593368519
Miami_001712,Miami,1.0458366277387736,4,2.598301779236037
Miami_001713,Miami,1.1639705557187892,3,3.0981701564901747
Miami_001714,Miami,1.1590513481805034,2,2.5826318811842306
Miami_001715,Miami,0.6167464890135683,1,2.8581255993668626
Miami_001716,Miami,1.1821546184228524,2,3.1659617861399076
Miami_001717,Miami,1.6819501973007653,9,2.533421659571669
Miami_001718,Miami,1.6881824206035658,7,3.7777974887216734
Miami_001719,Miami,2.733050774951705,5,2.7618220437451977
Miami_001720,Miami,0.9818652622541842,1,3.316191932802256
Miami_001721,Miami,2.9749067936009954,12,3.085535363200099
Miami_001722,Miami,1.6402966284197489,6,2.4813860622643236
Miami_001723,Miami,3.542471197612614,13,3.618844452410222
Miami_001724,Miami,1.6972713221550337,4,2.726295915465451
Miami_001725,Miami,1.6852394143507554,3,3.034263326408848
Miami_001726,Miami,0.9882377203193169,2,3.6264899595556517
Miami_001727,Miami,3.4115462217854438,9,3.1747353047549645
Miami_001728,Miami,1.8451643671786584,7,2.9885262583482826
Miami_001729,Miami,0.9708971370117889,2,3.2658890461721133
Miami_001730,Miami,0.8913649770687175,3,3.5194023713108122
Miami_001731,Miami,1.7998526419287235,6,3.3537652551519685
Miami_001732,Miami,1.1793035929962992,4,3.4810327890223958
Miami_001733,Miami,1.0709148131729798,8,4.201298139763805
Miami_001734,Miami,0.8258605991966071,3,2.9100811343836535
Miami_001735,Miami,1.3497096448458266,3,2.7126082500893007
Miami_001736,Miami,0.9994124864267919,0,3.3926569743265707
Miami_001737,Miami,1.8500892583308228,8,3.5017275897856406
Miami_001738,Miami,1.1630498497909791,1,3.1169202764751924
Miami_001739,Miami,0.5555614022477652,1,2.4867775922199056
Miami_001740,Miami,1.92463065030604,7,2.6233565204109053
Miami_001741,Miami,1.3050309361155787,5,3.324373705172536
Miami_001742,Miami,1.093757308967263,5,2.7813410410402035
Miami_001743,Miami,1.2285584091309905,4,3.417624032493759
Miami_001744,Miami,0.9321666861807002,6,2.9346620378445754
Miami_001745,Miami,0.6019918800077659,2,3.121406282632806
Miami_001746,Miami,0.8535762623086287,2,2.4857101473401753
Miami_001747,Miami,1.3897201834414044,9,4.349302685206692
Miami_001748,Miami,1.9737684589650861,4,3.1377481858650005
Miami_001749,Miami,1.7055329885629495,9,3.456129709388729
Miami_001750,Miami,2.109831507894432,7,2.5716301019972887
Miami_001751,Miami,1.6328203877395597,6,2.5238253178942114
Miami_001752,Miami,1.151817243754531,2,3.130112550483573
Miami_001753,Miami,1.5241859050049882,3,2.4248926245945563
Miami_001754,Miami,2.061155899012121,8,3.8330050978014403
Miami_001755,Miami,1.5895411596722078,3,4.344143700860061
Miami_001756,Miami,0.6732608139522467,2,3.0973366503253694
Miami_001757,Miami,2.696153769098564,1,2.010560914009904
Miami_001758,Miami,2.3351392210068584,6,3.5057228019153546
Miami_001759,Miami,2.328104090752354,8,2.9609012230763865
Miami_001760,Miami,0.8268351985227937,1,3.7531279371424846
Miami_001761,Miami,1.2960319034998524,4,3.9566697979188064
Miami_001762,Miami,1.5311753305122848,5,2.9182728732849634
Miami_001763,Miami,0.6357177681117432,2,3.3340014388559416
Miami_001764,Miami,2.9120713290730595,11,2.46754891855071
Miami_001765,Miami,1.8308422612360957,9,3.6655933529845632
Miami_001766,Miami,3.5334307547897272,9,3.1457149444584993
Miami_001767,Miami,0.9732156503393075,3,2.805249440967894
Miami_001768,Miami,0.9289389506722463,6,3.4490789979375918
Miami_001769,Miami,0.7065971960825546,0,2.1283509660565474
Miami_001770,Miami,1.35406720664867,3,3.1523235547305504
Miami_001771,Miami,0.8048891955885834,5,3.274901098621864
Miami_001772,Miami,0.9785263076012655,0,3.0274141771085663
Miami_001773,Miami,2.015137021789841,10,2.48371546016623
Miami_001774,Miami,0.7423649652042982,5,2.8589887532689007
Miami_001775,Miami,1.278001855302568,6,3.15298631558942
Miami_001776,Miami,2.338596258778334,9,2.948876692974832
Miami_001777,Miami,2.5328222131793927,9,2.906656825899237
Miami_001778,Miami,2.4573563404019696,5,3.261490475718287
Miami_001779,Miami,2.2277474134771937,8,2.73338021527304
Miami_001780,Miami,1.6944626167543524,3,2.8571876359093684
Miami_001781,Miami,1.5330212977300524,2,2.7044129111876782
Miami_001782,Miami,2.4766416182094257,8,2.443992010771207
Miami_001783,Miami,1.5878822761552662,6,3.1035683242041614
Miami_001784,Miami,1.7876515999706266,5,2.8529104012314557
Miami_001785,Miami,0.571883518504374,2,2.3112536041992597
Miami_001786,Miami,0.8934531078482137,1,3.1597793670076393
Miami_001787,Miami,1.1696994115258854,4,2.8934135159138044
Miami_001788,Miami,3.426464269211943,11,3.0001994371235945
Miami_001789,Miami,2.432718628625828,3,2.3289684357182843
Miami_001790,Miami,1.1535834471690793,1,2.5758777702564464
Miami_001791,Miami,1.7834502881455832,6,2.903778430043071
Miami_001792,Miami,1.039690667390855,2,2.644008398863036
Miami_001793,Miami,1.4875456791842234,1,3.9309541340361656
Miami_001794,Miami,0.6689451433475003,2,2.819165842106313
Miami_001795,Miami,1.51821303040081,4,3.455409566854712
Miami_001796,Miami,1.453578648904279,8,2.8152626857154694
Miami_001797,Miami,0.668853702595179,5,3.23164347232713
Miami_001798,Miami,1.1331703079552682,3,3.894816521556228
Miami_001799,Miami,1.3841996482642385,4,2.4001624117106926
Miami_001800,Miami,1.096712250322426,2,2.4966228394483596
Miami_001801,Miami,1.3763283521854692,3,2.8489279353773256
Miami_001802,Miami,1.150036711110536,4,2.8374806657579317
Miami_001803,Miami,0.5796397888374148,2,2.7273882326971
Miami_001804,Miami,1.3800459818473605,4,2.571965861181679
Miami_001805,Miami,1.2334820705852347,0,2.211235491985632
Miami_001806,Miami,3.1275527009821893,8,2.532505264083869
Miami_001807,Miami,2.0376595864437816,6,2.6209887895786057
Miami_001808,Miami,3.325294001065302,12,2.945125004313982
Miami_001809,Miami,0.6364724069147928,1,3.6598942637783693
Miami_001810,Miami,0.7629656328339278,1,2.6683928432039146
Miami_001811,Miami,2.760034044024249,11,2.6002850564498794
Miami_001812,Miami,1.061747274895747,0,2.9696423650987205
Miami_001813,Miami,0.8441101042622372,2,3.527683063439042
Miami_001814,Miami,1.1746432075246003,2,3.027860998349698
Miami_001815,Miami,1.5126335468890644,7,2.6007641317601844
Miami_001816,Miami,0.8198471833798371,0,3.35102266021367
Miami_001817,Miami,1.3791302297923913,0,2.3431416604261464
Miami_001818,Miami,2.0329262013318545,7,2.874941872115593
Miami_001819,Miami,1.290641160347529,5,3.10095615203396
Miami_001820,Miami,1.4266430954924028,3,2.8446405939067763
Miami_001821,Miami,0.9092398909675455,1,2.288506538895979
Miami_001822,Miami,0.8737258871675293,3,3.392512015550731
Miami_001823,Miami,2.177448015783639,6,2.746458088515339
Miami_001824,Miami,1.7805655735009418,4,3.322209085742655
Miami_001825,Miami,0.7784484923104963,2,2.7761358929360376
Miami_001826,Miami,0.7216545546639231,3,3.10283711710149
Miami_001827,Miami,1.2603812980572704,6,2.703328079818319
Miami_001828,Miami,2.2130067232822492,3,2.948659045521364
Miami_001829,Miami,1.182853070839783,3,2.878360657418918
Miami_001830,Miami,1.5204266190583882,3,2.496105021125229
Miami_001831,Miami,1.1828249515344385,3,3.548556341351518
Miami_001832,Miami,1.34006641889526,3,3.06630428704894
Miami_001833,Miami,2.0917384012090494,10,3.6698135115267023
Miami_001834,Miami,1.3466833529830087,3,3.2408164118126432
Miami_001835,Miami,1.5569833666273851,4,2.941358608832302
Miami_001836,Miami,2.0238333849444965,9,2.924809605960619
Miami_001837,Miami,1.3337961857143583,3,2.956573613218901
Miami_001838,Miami,1.05994725071736,8,3.730127210645099
Miami_001839,Miami,1.9254482981514116,4,2.75082250068916
Miami_001840,Miami,1.5366755377513575,8,3.2283938418858362
Miami_001841,Miami,1.6258245625971444,6,3.1392826245409875
Miami_001842,Miami,1.95748750050233,8,2.7585677859164255
Miami_001843,Miami,2.2935222598291434,10,2.890508011398995
Miami_001844,Miami,1.6583859486409904,3,2.9976846397046755
Miami_001845,Miami,1.8583027357898305,8,3.2384168262774526
Miami_001846,Miami,1.4675426859217622,0,2.7462975533981444
Miami_001847,Miami,2.733461789337411,9,3.4366545375301816
Miami_001848,Miami,0.7694837095967771,0,2.564228811964381
Miami_001849,Miami,1.2349205874647131,3,3.1478602172491548
Miami_001850,Miami,2.244204192070333,9,3.397602334892063
Miami_001851,Miami,1.0430621808729645,5,2.781589066675613
Miami_001852,Miami,1.7748273050290226,3,2.967387391019395
Miami_001853,Miami,1.8915045673229887,3,2.0390757643271065
Miami_001854,Miami,1.7762448291834536,5,2.4419953528237546
Miami_001855,Miami,2.54766974975054,9,3.1794030584759807
Miami_001856,Miami,1.400242148361396,3,2.9237584305897832
Miami_001857,Miami,1.4944216151856886,3,4.000499924361099
Miami_001858,Miami,1.0606156946211174,3,2.879749490048947
Miami_001859,Miami,0.5697005514111777,3,2.745283466806306
Miami_001860,Miami,3.011896509789845,10,2.344720900176534
Miami_001861,Miami,4.38771614745723,15,3.2894157437662472
Miami_001862,Miami,0.6000069123952526,1,2.9599125510774464
Miami_001863,Miami,1.1009790532935737,1,2.620652123073848
Miami_001864,Miami,2.01759283019761,5,2.8275008801853163
Miami_001865,Miami,0.9112639380946037,3,3.0893560415648142
Miami_001866,Miami,0.8481819646137065,2,2.4722157179013746
Miami_001867,Miami,0.888236349617124,3,2.8976862863772985
Miami_001868,Miami,1.263214379741684,3,3.1854499340192017
Miami_001869,Miami,1.513408248991469,6,3.0367249316584344
Miami_001870,Miami,1.419197353870982,5,3.5672818159679287
Miami_001871,Miami,2.090139340673149,10,3.557591567671366
Miami_001872,Miami,1.3363686743041394,2,3.6590157989555157
Miami_001873,Miami,1.2253660719987716,2,2.4918942915146625
Miami_001874,Miami,1.4311805951758143,3,3.357406924691006
Miami_001875,Miami,0.7701801176095242,2,2.7333988826256608
Miami_001876,Miami,2.0213103405411603,8,2.5631372425022274
Miami_001877,Miami,2.518258552414841,3,3.166843244256501
Miami_001878,Miami,1.0718439057529263,5,3.6666698552262877
Miami_001879,Miami,1.6301155843278137,7,2.821141657722835
Miami_001880,Miami,1.3092085227470793,2,2.6798863102525314
Miami_001881,Miami,1.5557743952829735,2,3.1032777165453225
Miami_001882,Miami,0.771882693779719,2,2.6287830081905392
Miami_001883,Miami,0.6679037187883137,3,2.5331924377755666
Miami_001884,Miami,0.939568409104127,3,3.114618623954625
Miami_001885,Miami,1.4658183214731624,7,2.955348797024159
Miami_001886,Miami,0.9319077432833374,4,2.246576420708752
Miami_001887,Miami,1.2508953418701068,2,2.5674694800307956
Miami_001888,Miami,0.7435227440463782,2,2.3143267879947795
Miami_001889,Miami,1.4300037636809069,5,3.3783931725866596
Miami_001890,Miami,1.486452831261699,8,2.8456920536571597
Miami_001891,Miami,0.6467264566268802,1,3.137388245399533
Miami_001892,Miami,4.54215898770082,19,2.809887283153565
Miami_001893,Miami,0.978163635439907,2,2.4113013283069944
Miami_001894,Miami,1.9942478866079305,6,2.7876420433141282
Miami_001895,Miami,0.9904944597281271,9,3.564852564874341
Miami_001896,Miami,1.2686212843991023,7,2.843408734395392
Miami_001897,Miami,1.5871736018954643,3,3.9443692842526796
Miami_001898,Miami,1.8202770150736223,6,3.5594599150510677
Miami_001899,Miami,1.2685100257666453,4,3.200157410962753
Miami_001900,Miami,1.8580993545106796,4,2.3447526481359957
Miami_001901,Miami,2.5904302963471206,10,3.0276991902845936
Miami_001902,Miami,1.1274364158074577,3,3.101511835590763
Miami_001903,Miami,2.169726753358623,5,3.1551874079832642
Miami_001904,Miami,2.413978841259329,10,3.352523934669331
Miami_001905,Miami,1.0368644149579191,2,2.917295391160419
Miami_001906,Miami,2.0882240061391,9,2.8662372191410266
Miami_001907,Miami,1.2997301026379064,6,2.840997864040645
Miami_001908,Miami,1.3478650745828085,5,2.6868652103178916
Miami_001909,Miami,1.1935058689652904,1,3.041576406831303
Miami_001910,Miami,0.9157586726726827,1,3.7051408557170356
Miami_001911,Miami,3.252443981911134,8,3.3720342659444023
Miami_001912,Miami,0.6585254663909712,1,2.1997165372179617
Miami_001913,Miami,1.7034241675982937,4,3.2813712058369884
Miami_001914,Miami,1.5035522400568444,10,3.344161998352219
Miami_001915,Miami,1.9640935096193137,4,2.9056781798097298
Miami_001916,Miami,0.8948064644887005,7,3.186892963308677
Miami_001917,Miami,1.312497923316741,3,3.406807312690224
Miami_001918,Miami,3.347434884361582,5,2.804638297864701
Miami_001919,Miami,1.2101194233106165,3,3.228746678494632
Miami_001920,Miami,1.3921272876045243,5,3.5806556913488397
Miami_001921,Miami,1.5892425899115252,4,2.677354882602876
Miami_001922,Miami,1.5834443884562712,8,2.9536378513500314
Miami_001923,Miami,0.861981018019915,2,3.378456743725307
Miami_001924,Miami,3.15232385653782,6,2.3848141264562956
Miami_001925,Miami,1.4998845126954559,1,3.5481373310881024
Miami_001926,Miami,0.9712157080477198,2,2.7171152761626582
Miami_001927,Miami,1.023459764279867,4,2.505845953320524
Miami_001928,Miami,0.7728873376170182,5,3.3941189098065596
Miami_001929,Miami,1.7626060443889675,14,3.189885701737156
Miami_001930,Miami,1.9933867867268857,9,3.4336994041760267
Miami_001931,Miami,1.3256451278900625,6,2.7153439419499774
Miami_001932,Miami,0.8540930578555084,4,2.892027622531928
Miami_001933,Miami,1.337851420025706,1,3.3199873839732796
Miami_001934,Miami,2.178603368403718,8,2.5520635763300685
Miami_001935,Miami,2.1546225575902085,6,3.2276030592286253
Miami_001936,Miami,1.4356480637634494,2,2.574154977722054
Miami_001937,Miami,2.208082308033254,5,3.136825388071661
Miami_001938,Miami,0.769172270480332,1,2.692853661128965
Miami_001939,Miami,1.220471241450033,2,3.0408920055899333
Miami_001940,Miami,0.9239240179077254,2,1.8305227200723746
Miami_001941,Miami,1.2823267094590671,6,2.638937510332608
Miami_001942,Miami,1.4216172403672211,1,2.899032785260434
Miami_001943,Miami,0.9779883840583712,1,2.6848680117173123
Miami_001944,Miami,0.9971830868902822,0,2.491229718750126
Miami_001945,Miami,1.1776212478048818,2,2.5541522542204853
Miami_001946,Miami,1.623123362714976,8,2.6520791012281375
Miami_001947,Miami,1.0042636262432905,0,3.667036533783364
Miami_001948,Miami,1.8460594066474583,10,3.257753603113763
Miami_001949,Miami,2.5505425804507795,2,2.500333358861696
Miami_001950,Miami,1.8818921697293989,8,2.941072798715529
Miami_001951,Miami,1.0136075330599148,5,3.710493901833731
Miami_001952,Miami,2.2080612214577244,7,2.9242344594886265
Miami_001953,Miami,0.5156010872185999,1,2.826322876885793
Miami_001954,Miami,1.5221458824525287,2,3.479278152571138
Miami_001955,Miami,0.8208934292699918,4,3.0515340024276356
Miami_001956,Miami,0.5527234267553341,0,2.9605612917147663
Miami_001957,Miami,2.0350359798204263,5,2.7348090686891777
Miami_001958,Miami,1.2767232991127375,3,2.904353034996377
Miami_001959,Miami,1.5720409815556557,8,3.5859825319507994
Miami_001960,Miami,0.9423469032708687,2,3.1248144010081056
Miami_001961,Miami,1.0799587470668897,7,3.1500491568483007
Miami_001962,Miami,0.8062492065123315,6,2.9728134969907734
Miami_001963,Miami,2.2137842347256025,4,3.04955101662537
Miami_001964,Miami,1.0780858869748156,2,2.3941443788946506
Miami_001965,Miami,1.0361014137541198,7,3.5269980707672857
Miami_001966,Miami,1.084669153005661,4,2.830210773785324
Miami_001967,Miami,2.727808234991109,5,3.0680032469204583
Miami_001968,Miami,2.1074341142315713,11,3.2739239933979114
Miami_001969,Miami,2.5273249481590745,9,3.9306288743935216
Miami_001970,Miami,1.9772329721676114,5,3.496147377216178
Miami_001971,Miami,0.6191941486686547,1,3.246813249719468
Miami_001972,Miami,1.1673147269410262,4,3.0135025899151415
Miami_001973,Miami,1.4622788805977796,3,3.2929597955651992
Miami_001974,Miami,0.7413988416937338,1,2.564027507657544
Miami_001975,Miami,1.2565272539278896,1,2.786692824300128
Miami_001976,Miami,2.846817465175073,8,2.160060785123075
Miami_001977,Miami,1.679898626933172,5,3.5773613103064426
Miami_001978,Miami,0.8290585468067281,3,3.084904489599725
Miami_001979,Miami,1.4622971732081276,8,2.997122749932925
Miami_001980,Miami,1.6737362551891848,3,3.4930777240537667
Miami_001981,Miami,1.281463704044313,7,2.6287949415416363
Miami_001982,Miami,1.3252537018674602,5,2.571714416743652
Miami_001983,Miami,1.5750703892172193,13,3.592638310413153
Miami_001984,Miami,0.9741860913152283,4,3.1051920519155263
Miami_001985,Miami,0.6782943671375398,1,3.041333185967002
Miami_001986,Miami,1.4310697218398052,3,2.4961238924828515
Miami_001987,Miami,0.867831897843869,2,2.9797966410492407
Miami_001988,Miami,1.6821606093069899,8,3.5017667500472323
Miami_001989,Miami,1.3634030644161301,6,3.7219560720849687
Miami_001990,Miami,1.837786325901881,7,2.9536429141919887
Miami_001991,Miami,1.855205850344608,5,2.9068763380056
Miami_001992,Miami,0.7823014923477833,2,2.7918993037874213
Miami_001993,Miami,3.170153512367626,12,2.8099562157331057
Miami_001994,Miami,1.2551026163834456,3,2.781939729114584
Miami_001995,Miami,1.3460858899609303,2,3.117725256394244
Miami_001996,Miami,1.7925468779767244,6,3.320855598023958
Miami_001997,Miami,1.3831565285798892,6,2.714814181176308
Miami_001998,Miami,2.136292705658101,6,2.6028073795694637
Miami_001999,Miami,0.8660298709897004,0,2.709571431220283
Boston_002000,Boston,1.3681339487852502,6,4.046084394287331
Boston_002001,Boston,2.2891270144424816,6,4.107575137896066
Boston_002002,Boston,1.1964155473415268,5,4.355663477475033
Boston_002003,Boston,1.508303481601291,2,3.94303549669267
Boston_002004,Boston,0.652895800481899,6,4.411037980090479
Boston_002005,Boston,1.3351065065683714,7,4.000487010838367
Boston_002006,Boston,1.1153410871320146,9,5.954624123177515
Boston_002007,Boston,0.6482336972050425,3,4.0961716010307745
Boston_002008,Boston,1.022082101852042,2,3.5109681555859433
Boston_002009,Boston,1.4893779701262257,8,3.6825020193906783
Boston_002010,Boston,2.4379181771556597,5,4.364740138097182
Boston_002011,Boston,0.7249463609051487,4,4.813551822871026
Boston_002012,Boston,2.6157239965010155,5,3.5829272645046553
Boston_002013,Boston,1.3217657511684626,6,4.218913179468418
Boston_002014,Boston,0.8500743263491575,4,3.889360265951476
Boston_002015,Boston,1.6057435830501439,4,3.577770569029599
Boston_002016,Boston,1.2951280547456678,6,4.349952864685813
Boston_002017,Boston,0.9293902533734796,8,4.830914217319834
Boston_002018,Boston,1.8539768456758012,7,4.4619995058982385
Boston_002019,Boston,1.3597570721742047,7,3.6482667360962435
Boston_002020,Boston,2.998380715595302,17,4.2106030486243124
Boston_002021,Boston,1.5828639179119746,4,4.658807197399857
Boston_002022,Boston,1.3193379249632393,5,3.905504861352336
Boston_002023,Boston,1.1946388288012586,5,3.5749716975194032
Boston_002024,Boston,0.6074689309143493,0,3.703911210086092
Boston_002025,Boston,0.7498313907611346,4,3.5495860760623645
Boston_002026,Boston,2.091067488293181,11,4.558519577376007
Boston_002027,Boston,1.4257704042574764,10,3.8828838644101196
Boston_002028,Boston,0.7919237433078973,1,3.4448241532467416
Boston_002029,Boston,1.182059510328255,10,4.583595783026393
Boston_002030,Boston,1.3837335224916774,7,3.5920434699236354
Boston_002031,Boston,0.8804976402344694,2,4.539396001127455
Boston_002032,Boston,1.077434079456987,3,3.759771206385581
Boston_002033,Boston,1.223484587999816,8,3.7151224451931673
Boston_002034,Boston,1.0929078301493662,8,4.303990618605558
Boston_002035,Boston,1.4349281142518266,4,3.755066841155042
Boston_002036,Boston,0.8971072500810731,3,4.25798061130142
Boston_002037,Boston,4.156500355566619,11,3.179200319293216
Boston_002038,Boston,2.4983479355272262,9,4.196438618178503
Boston_002039,Boston,1.6725758196471925,3,3.559469570111808
Boston_002040,Boston,1.7513977113136927,5,5.345655409135972
Boston_002041,Boston,0.595722277959336,4,3.985082544437219
Boston_002042,Boston,1.1261547237166691,3,3.4616104225019986
Boston_002043,Boston,2.4399615726340835,16,4.082572005314047
Boston_002044,Boston,1.5545795606973927,9,4.381795319766852
Boston_002045,Boston,1.0151803783658229,7,5.274789161099056
Boston_002046,Boston,1.2165370101415856,1,4.2642251118399175
Boston_002047,Boston,0.9544280638548992,4,4.006572276156919
Boston_002048,Boston,0.7766244904197603,2,4.092755157032212
Boston_002049,Boston,1.4092656203069547,5,3.285251327788311
Boston_002050,Boston,1.5977856407007849,4,3.3619921267108936
Boston_002051,Boston,1.2833146656202428,7,5.239784523151967
Boston_002052,Boston,1.5033252092640994,5,4.61757965972539
Boston_002053,Boston,2.8439359397801285,19,4.345398304703106
Boston_002054,Boston,2.5505649509653208,11,3.628387974255244
Boston_002055,Boston,1.9303588808047072,10,5.0985083341269455
Boston_002056,Boston,0.8470106055373072,6,4.322650847809029
Boston_002057,Boston,2.4048355720353056,13,4.4909683270290905
Boston_002058,Boston,1.263237393044877,4,4.804057371498984
Boston_002059,Boston,1.849703272729653,11,4.1242860514565685
Boston_002060,Boston,1.3207590326603484,7,3.869862753909769
Boston_002061,Boston,1.1299144949031312,7,5.855743560074427
Boston_002062,Boston,1.4377974357302858,5,3.5211818759198494
Boston_002063,Boston,1.8658899401785338,6,3.618978373752323
Boston_002064,Boston,1.3383746073982774,5,4.7879962746426665
Boston_002065,Boston,1.0971707288010473,5,4.025345956368976
Boston_002066,Boston,1.0380904670002509,5,3.0756921560628596
Boston_002067,Boston,0.7664172775566249,4,4.548795427484431
Boston_002068,Boston,1.1569704443503706,5,3.9120272771758704
Boston_002069,Boston,0.7067090254058227,7,4.253241387891691
Boston_002070,Boston,1.0598054982481206,3,3.2350509674123833
Boston_002071,Boston,1.2101495353837959,5,3.6595722935483974
Boston_002072,Boston,2.0106939640173396,10,3.4229898674373858
Boston_002073,Boston,0.953235965052929,5,3.551763341069697
Boston_002074,Boston,0.9880460216111583,4,4.059029646759798
Boston_002075,Boston,2.7851375451292113,14,4.323885308424973
Boston_002076,Boston,1.2621719358559842,4,4.9144471170275335
Boston_002077,Boston,1.1251560074415008,3,4.203276484136032
Boston_002078,Boston,2.4755210839502633,12,2.968577611882802
Boston_002079,Boston,0.6025129395677185,6,3.890379366556444
Boston_002080,Boston,1.1320123461606055,8,5.088598816043493
Boston_002081,Boston,1.3124178465054257,6,4.51868783592857
Boston_002082,Boston,0.9288008876472513,0,4.278852512105933
Boston_002083,Boston,2.749593199694771,8,3.767184091683518
Boston_002084,Boston,1.1068138204786544,4,3.634514348597247
Boston_002085,Boston,0.9377692522061357,5,4.298237549312845
Boston_002086,Boston,1.1001001744375156,5,4.699315972540686
Boston_002087,Boston,1.1313179379441216,4,3.3366835472567757
Boston_002088,Boston,1.0917968589724674,8,4.0593718579292695
Boston_002089,Boston,1.0843291833204165,7,3.7888763763837754
Boston_002090,Boston,1.2284744813427808,2,4.375731000523353
Boston_002091,Boston,1.396696790654151,9,4.264443142438408
Boston_002092,Boston,1.5268591482289997,11,4.204798250403074
Boston_002093,Boston,1.3411824249323971,7,4.371617953228818
Boston_002094,Boston,0.9386770837348122,2,3.873576530618527
Boston_002095,Boston,1.7524183552704558,7,4.643377970577614
Boston_002096,Boston,1.6452651746118452,8,4.495402095182374
Boston_002097,Boston,0.8353992063747532,6,4.228942657618472
Boston_002098,Boston,0.8851883986410589,4,4.4567664996715814
Boston_002099,Boston,1.0127024905453208,2,4.559159652174275
Boston_002100,Boston,1.9044596087716723,6,3.605753127196275
Boston_002101,Boston,1.19055783046728,7,5.8526844843858665
Boston_002102,Boston,0.7896001943316853,4,5.450486080877145
Boston_002103,Boston,0.8227282114559454,5,4.109781817557651
Boston_002104,Boston,1.1564940294042185,7,4.093374812572641
Boston_002105,Boston,2.3779964906852786,12,4.024941704948289
Boston_002106,Boston,1.1789515260688104,5,3.8401261267747295
Boston_002107,Boston,1.9485733232887272,5,3.427762156172186
Boston_002108,Boston,2.9938638609276227,21,4.171578139463681
Boston_002109,Boston,0.7489519509478124,1,3.5553516197054233
Boston_002110,Boston,0.665910893334537,2,5.559001176480966
Boston_002111,Boston,1.3900210495697842,7,4.395970656609395
Boston_002112,Boston,4.0589737812861255,19,3.6303847326102856
Boston_002113,Boston,0.7768518093674436,2,3.795485809647566
Boston_002114,Boston,0.8755529218244047,0,3.6549293564126133
Boston_002115,Boston,1.4721603592761756,6,4.527807011167895
Boston_002116,Boston,0.8967301296847972,2,3.210331149005246
Boston_002117,Boston,1.884918204664949,7,4.151405302547394
Boston_002118,Boston,0.8867175548622985,4,3.861002344353731
Boston_002119,Boston,1.6215626390403342,9,4.367337455479914
Boston_002120,Boston,1.1944189817237607,3,4.193265967760468
Boston_002121,Boston,1.9403473707869916,9,3.286498583872129
Boston_002122,Boston,1.737369758348971,4,3.782459303665666
Boston_002123,Boston,2.4096082921642443,12,4.568100736741722
Boston_002124,Boston,0.8303798079420498,3,4.047844708051095
Boston_002125,Boston,1.6399219005620291,1,3.105144481550887
Boston_002126,Boston,1.4647582960875676,6,4.489603415752311
Boston_002127,Boston,1.489744640797482,12,4.481534394214932
Boston_002128,Boston,1.445512746479084,4,3.6886352161625524
Boston_002129,Boston,0.5660544707160374,1,4.214462344904964
Boston_002130,Boston,1.7049330228251784,4,3.794039931350721
Boston_002131,Boston,0.9517986285562083,2,4.183628276013334
Boston_002132,Boston,0.7527774821862978,6,4.205967584016658
Boston_002133,Boston,2.000123554124655,7,3.5134434696490664
Boston_002134,Boston,0.614940281898793,3,4.649747178379969
Boston_002135,Boston,1.477345063071851,3,3.2814438576558795
Boston_002136,Boston,0.9569929639480066,3,3.7533042732725903
Boston_002137,Boston,3.8792990182101232,15,3.8516376781132426
Boston_002138,Boston,0.9726617720978826,3,4.686047988757239
Boston_002139,Boston,1.7747740990769025,6,4.3066719552786425
Boston_002140,Boston,1.3802976376094969,5,3.9482764981874197
Boston_002141,Boston,1.0587169863618162,4,4.462532754839049
Boston_002142,Boston,1.3375981332656375,5,4.150691581682811
Boston_002143,Boston,1.359187430397671,7,4.009480555943462
Boston_002144,Boston,1.1738506423605035,5,2.6822718542914785
Boston_002145,Boston,2.398305056563755,11,4.039888135354585
Boston_002146,Boston,0.5786638093089741,1,3.8952292224648417
Boston_002147,Boston,0.8897314277235435,5,4.570791712920293
Boston_002148,Boston,1.8852195490387034,8,4.134793709814061
Boston_002149,Boston,1.2504842579900242,4,4.69017993675379
Boston_002150,Boston,0.7936586964057835,2,4.640700215447341
Boston_002151,Boston,1.0611056029151982,1,3.7309339228426617
Boston_002152,Boston,1.082566567502941,5,3.119416419862119
Boston_002153,Boston,0.7071082994891135,2,4.403993841143975
Boston_002154,Boston,1.5248468015500416,13,4.287908089475178
Boston_002155,Boston,2.5853381130817255,11,3.7822870757452858
Boston_002156,Boston,2.789832940369101,9,4.282725162615653
Boston_002157,Boston,2.269125643145784,11,3.9860484931812183
Boston_002158,Boston,1.2791646380612085,3,4.42027277857063
Boston_002159,Boston,4.001438679919978,18,4.2811089710717045
Boston_002160,Boston,0.9800041543298377,3,4.084442626069858
Boston_002161,Boston,1.099549314400484,4,4.650665359140411
Boston_002162,Boston,1.0045396206828028,6,4.278566056621777
Boston_002163,Boston,0.8554597001643185,1,4.220855603371687
Boston_002164,Boston,2.444592306649552,10,4.183430367685654
Boston_002165,Boston,0.7467824091236643,7,4.475407796281504
Boston_002166,Boston,1.5188675936339977,3,3.988058483277709
Boston_002167,Boston,1.639716192832339,7,4.269049453647059
Boston_002168,Boston,1.003593238708155,5,4.904349744419034
Boston_002169,Boston,1.3535439122074322,5,4.621306707740402
Boston_002170,Boston,2.203915653433709,13,4.737256719814644
Boston_002171,Boston,1.5187860652106944,5,4.038233566831836
Boston_002172,Boston,1.1556358959760236,4,3.9466339850121623
Boston_002173,Boston,0.9040336691188853,7,3.9723531489360653
Boston_002174,Boston,1.3185361932711164,10,4.6204649704087535
Boston_002175,Boston,2.1533703086679923,5,3.511288123092298
Boston_002176,Boston,1.2607532612980168,7,3.7883437975358802
Boston_002177,Boston,2.2358275114179067,9,4.291853210644885
Boston_002178,Boston,1.8039781017408922,5,4.179647609176631
Boston_002179,Boston,1.9498303965074173,8,4.345690651615523
Boston_002180,Boston,1.0921589684805961,8,5.520635520929631
Boston_002181,Boston,1.6806086826373339,12,4.025227187435312
Boston_002182,Boston,2.8689419771274087,6,3.6061907314436144
Boston_002183,Boston,0.8459958233957785,8,4.832195958334534
Boston_002184,Boston,1.204365977393076,6,3.6582530715114863
Boston_002185,Boston,1.3143669222096181,0,4.727418347099118
Boston_002186,Boston,2.064794953409944,8,3.9483478217191883
Boston_002187,Boston,0.6663417918314468,3,3.6170631401561675
Boston_002188,Boston,1.4011984386860936,9,4.404595627074987
Boston_002189,Boston,1.0082876522669801,4,3.7429417554455338
Boston_002190,Boston,1.7680896053583726,4,3.5336708444592846
Boston_002191,Boston,1.1822767826879204,8,4.109368225818565
Boston_002192,Boston,4.5585175205073165,25,4.268467839808624
Boston_002193,Boston,1.018765593228454,7,4.2039812174305204
Boston_002194,Boston,1.6981182277692546,8,3.416151255068966
Boston_002195,Boston,2.415155773251467,10,4.253618974416237
Boston_002196,Boston,1.6156898328743359,6,3.22062511898883
Boston_002197,Boston,1.4192754027843297,5,4.885601170032728
Boston_002198,Boston,1.0588008468532917,11,3.781700070405167
Boston_002199,Boston,2.171507636875309,5,4.524316628855295
Boston_002200,Boston,1.5888410870584253,4,4.2396978704063
Boston_002201,Boston,0.8288278842149448,7,6.120675249292858
Boston_002202,Boston,1.7495687986606134,4,3.78874149498584
Boston_002203,Boston,0.9541794484841024,5,5.053571813000904
Boston_002204,Boston,1.7920101817162617,10,3.9151080477195435
Boston_002205,Boston,0.9465769416826464,7,5.456973224832844
Boston_002206,Boston,1.680680569754154,7,3.880820858153677
Boston_002207,Boston,0.8250355710503823,3,3.8202344336722187
Boston_002208,Boston,1.550001520780956,5,3.9485875873581184
Boston_002209,Boston,1.184146121966946,7,4.738317685339999
Boston_002210,Boston,0.8100124146001586,2,3.3035310895793817
Boston_002211,Boston,2.582394387980655,11,3.73192993899872
Boston_002212,Boston,0.6839852603235426,3,4.987700117994095
Boston_002213,Boston,3.7172436548421453,16,3.0131410095176356
Boston_002214,Boston,0.8645987617145917,4,4.5014333241240765
Boston_002215,Boston,0.9744299154158762,3,4.414538942915
Boston_002216,Boston,1.9506056254101778,15,4.72049825406345
Boston_002217,Boston,1.5687051233302973,6,4.173240411259284
Boston_002218,Boston,1.3889677663615674,3,3.9621576225591406
Boston_002219,Boston,1.0346503924880912,3,4.193412219930332
Boston_002220,Boston,0.6990297649091771,2,3.886348915536285
Boston_002221,Boston,1.3912929484031498,5,3.827441913528799
Boston_002222,Boston,1.864199806120777,8,3.2816142245788154
Boston_002223,Boston,0.7427619161886568,3,3.880249326703804
Boston_002224,Boston,2.012468541320089,7,4.633031852336798
Boston_002225,Boston,2.704813184767681,10,3.2424598815934904
Boston_002226,Boston,0.9317110783579157,3,4.4333526523788995
Boston_002227,Boston,0.7076194327839276,6,4.908782667366017
Boston_002228,Boston,3.329992834511918,13,5.2686555442289835
Boston_002229,Boston,0.8700602764029932,6,4.029764203679412
Boston_002230,Boston,0.6683863285895709,2,3.190703747821985
Boston_002231,Boston,1.1489320382510422,4,3.2347159906935783
Boston_002232,Boston,2.449787852515406,7,3.5692694882828975
Boston_002233,Boston,0.6420903163967362,1,4.292176788236918
Boston_002234,Boston,1.8111217486848727,4,3.679198941759979
Boston_002235,Boston,1.2740828941471527,2,3.5448634144782236
Boston_002236,Boston,2.5460595789397606,4,3.6833529606926145
Boston_002237,Boston,1.7329651192825581,6,4.917263823688022
Boston_002238,Boston,1.6992093717477443,6,5.477146378310346
Boston_002239,Boston,1.5086600538459773,9,6.223375757186345
Boston_002240,Boston,1.1968046247469002,5,4.173654250571134
Boston_002241,Boston,1.1810897296543121,5,3.5820014153219097
Boston_002242,Boston,1.6079176400162025,9,3.9326715196215147
Boston_002243,Boston,1.279015379883783,7,4.93538782299478
Boston_002244,Boston,0.613258253465684,4,3.370942762635056
Boston_002245,Boston,1.522142113884912,9,3.846146643404296
Boston_002246,Boston,1.010007244586575,2,2.8332927208115164
Boston_002247,Boston,2.2484915773115004,5,3.8523632521709
Boston_002248,Boston,0.848716414945015,4,2.954400553096787
Boston_002249,Boston,1.052324403067741,2,4.637247091120214
Boston_002250,Boston,1.1127996651875942,4,3.844827127474679
Boston_002251,Boston,1.7026971467782037,4,3.4730926092562657
Boston_002252,Boston,1.6751893374356845,5,3.6743034708840603
Boston_002253,Boston,1.0478417813224938,1,3.903412800615357
Boston_002254,Boston,1.7391041418528248,9,4.264842589051847
Boston_002255,Boston,2.3970623218899085,15,4.329862219172066
Boston_002256,Boston,1.087901045022094,8,4.69777414134715
Boston_002257,Boston,0.5671343441979148,5,4.16814095296146
Boston_002258,Boston,1.462968635070935,6,3.333086381516222
Boston_002259,Boston,1.65935401306374,6,6.069065514473029
Boston_002260,Boston,2.8107687592231354,9,3.5155249895684793
Boston_002261,Boston,0.8485123518478447,1,3.8916763267228713
Boston_002262,Boston,2.1981841461379332,2,3.7616903467540768
Boston_002263,Boston,1.0516881454035527,6,5.026676602953056
Boston_002264,Boston,0.9729237978202728,8,3.8872408186433076
Boston_002265,Boston,1.6053992478676289,5,3.8432900871738798
Boston_002266,Boston,1.271497544264728,8,4.04886716871379
Boston_002267,Boston,1.87116804779875,12,4.204503355036576
Boston_002268,Boston,0.6459654221901985,5,4.144190226848453
Boston_002269,Boston,0.944902234739448,4,4.299708319315689
Boston_002270,Boston,0.7381770378443885,3,4.175030824701822
Boston_002271,Boston,1.8009640413389343,13,4.51889462672653
Boston_002272,Boston,1.8849180536475734,8,3.36694362775388
Boston_002273,Boston,1.1615280462828697,5,3.9450268148080925
Boston_002274,Boston,0.9052790742797002,2,2.6733233271342205
Boston_002275,Boston,1.7642146750877497,3,3.6595498547924588
Boston_002276,Boston,2.900548542169606,7,3.718308389636158
Boston_002277,Boston,2.167819110743094,13,3.911073042999918
Boston_002278,Boston,1.0241929194357213,5,4.092035927845775
Boston_002279,Boston,0.7774631546928932,2,4.2405450695085785
Boston_002280,Boston,1.326906449789933,4,3.832467604419261
Boston_002281,Boston,1.8124773735255555,12,5.836400981520185
Boston_002282,Boston,0.9070258394439135,1,3.3553720202668593
Boston_002283,Boston,2.7145428722069362,12,4.865679082425331
Boston_002284,Boston,2.5919734730087756,4,3.0959619111792027
Boston_002285,Boston,1.4545806416902645,6,3.932026159005871
Boston_002286,Boston,2.2056849862910073,14,3.889071619076644
Boston_002287,Boston,1.029011646276471,2,4.465829355501112
Boston_002288,Boston,0.6087837305288675,3,3.5363589044867565
Boston_002289,Boston,0.8059717998578249,6,3.8026307684237954
Boston_002290,Boston,1.4662226069504882,6,4.305697877188665
Boston_002291,Boston,1.505846932401019,8,3.4917057048273925
Boston_002292,Boston,1.862139552147552,13,4.3739818970611575
Boston_002293,Boston,1.411464449831817,9,5.4569346655304205
Boston_002294,Boston,1.338034344800033,6,4.470681696547998
Boston_002295,Boston,1.9988857469129244,9,5.689781217245057
Boston_002296,Boston,0.9772011674686252,6,4.948904322667469
Boston_002297,Boston,1.1498137112897335,2,4.737729423283917
Boston_002298,Boston,1.300206089614238,6,3.8740194969207042
Boston_002299,Boston,0.7399892356123658,4,5.748425503176186
Boston_002300,Boston,1.9777172612141738,8,3.558049626927563
Boston_002301,Boston,0.8219863290659053,0,4.221191668944371
Boston_002302,Boston,2.0500665860699385,7,4.078226792878403
Boston_002303,Boston,0.9653163344964031,5,5.112696675235099
Boston_002304,Boston,1.167085779350755,7,5.267170790742786
Boston_002305,Boston,1.3111574963659556,4,4.999808139344345
Boston_002306,Boston,1.1633651654172432,4,3.4912218436931512
Boston_002307,Boston,1.765541889218764,10,3.507387442436266
Boston_002308,Boston,0.6934745567253294,2,4.178794137508381
Boston_002309,Boston,1.1985722121954372,4,4.685299104574723
Boston_002310,Boston,1.186646209995383,5,4.830882986794967
Boston_002311,Boston,0.8571005986752875,5,3.7473983936642874
Boston_002312,Boston,2.200811847640545,8,5.500198451233772
Boston_002313,Boston,1.6040505577605988,4,3.891935848844869
Boston_002314,Boston,1.7835310378192248,9,4.858194772834902
Boston_002315,Boston,2.743890355285311,15,3.6879395041087655
Boston_002316,Boston,1.8954240734890304,6,4.123980089943329
Boston_002317,Boston,1.984102793145832,13,5.067432988511938
Boston_002318,Boston,1.8080737417765052,14,3.9648654962585166
Boston_002319,Boston,1.5558842719188097,15,5.482144014634808
Boston_002320,Boston,0.8295409609583358,6,3.9759208282177885
Boston_002321,Boston,1.0629248422253417,2,4.4354284622051905
Boston_002322,Boston,1.3755933647050809,3,3.677438290045096
Boston_002323,Boston,1.0171858260917097,1,3.405137439740956
Boston_002324,Boston,0.9784071168005815,4,4.2268989633556515
Boston_002325,Boston,1.530310304893067,8,4.919487607184414
Boston_002326,Boston,2.86394270024585,14,4.266726090628052
Boston_002327,Boston,2.809673249226163,7,4.399640751062755
Boston_002328,Boston,1.084223304406172,4,4.853558446343866
Boston_002329,Boston,0.68823894332468,1,3.922677338834085
Boston_002330,Boston,1.3460371703120806,7,3.730092314532466
Boston_002331,Boston,0.8195516552895679,5,4.370474672429084
Boston_002332,Boston,1.2758460545689276,7,3.1236730785219566
Boston_002333,Boston,0.819226285536645,4,4.628210486383215
Boston_002334,Boston,1.1897059748940788,4,3.9734403570583456
Boston_002335,Boston,2.9803077161553975,18,3.9051657937749384
Boston_002336,Boston,1.5838566823421314,7,3.531003695833718
Boston_002337,Boston,1.6158504470731174,5,4.421364858142155
Boston_002338,Boston,0.9775258068978524,2,3.4620798430112014
Boston_002339,Boston,2.4241794365327523,10,3.7583498031946414
Boston_002340,Boston,1.6508526648131745,6,3.751681879149538
Boston_002341,Boston,1.1419930744268327,4,4.468091984358605
Boston_002342,Boston,0.6118658715387166,2,3.4878403149748305
Boston_002343,Boston,2.633479463803741,8,3.17725620142788
Boston_002344,Boston,1.0536171498446878,5,5.223024588701324
Boston_002345,Boston,1.8753202355647334,6,4.086087383403156
Boston_002346,Boston,1.1969113076296336,4,4.151996329634405
Boston_002347,Boston,0.9830644709150208,4,3.3881923235599793
Boston_002348,Boston,0.6710301832752658,3,4.51771884859398
Boston_002349,Boston,1.1198385859640951,3,4.0375202296548345
Boston_002350,Boston,1.9341312339875287,10,4.400632887015666
Boston_002351,Boston,3.5650340904468347,18,4.269329880921385
Boston_002352,Boston,2.139661598900638,7,3.3974543100357417
Boston_002353,Boston,1.1575843687193712,5,3.484491027033722
Boston_002354,Boston,1.527832745740507,9,5.4541527580399904
Boston_002355,Boston,0.6783517259741443,1,4.152985674580757
Boston_002356,Boston,3.098776568586444,14,3.8042225210499883
Boston_002357,Boston,2.2806480133025238,5,3.675485109149578
Boston_002358,Boston,1.237560903637816,10,4.988741377195128
Boston_002359,Boston,1.5715236199975549,7,5.178516140083117
Boston_002360,Boston,3.375718075680677,9,4.355243785530771
Boston_002361,Boston,1.0112814074295553,3,3.310489090725206
Boston_002362,Boston,0.7513308803106877,3,3.9763707656374407
Boston_002363,Boston,0.6714541538543481,7,4.629726773749442
Boston_002364,Boston,1.3762420487795803,7,4.749775692751621
Boston_002365,Boston,0.8305343951949935,0,3.7370278036472575
Boston_002366,Boston,1.7617550373814448,14,4.570001853534845
Boston_002367,Boston,3.2581077603919013,13,4.666272036380086
Boston_002368,Boston,1.4605325775701021,1,3.563248867813029
Boston_002369,Boston,0.7435738076029671,4,3.9158035418620307
Boston_002370,Boston,1.0628572535392036,3,4.098131479301259
Boston_002371,Boston,0.622149888141407,1,4.212092422009448
Boston_002372,Boston,1.0979874865642238,3,4.574179420230226
Boston_002373,Boston,2.050337709756721,5,3.3834806688258503
Boston_002374,Boston,1.06781477078318,2,4.30378997806648
Boston_002375,Boston,0.6049409366968236,1,3.8373640428572533
Boston_002376,Boston,1.785340189089286,5,4.357846185046397
Boston_002377,Boston,1.4503851927857276,5,4.221368826643579
Boston_002378,Boston,2.050368964659909,6,3.649352125073592
Boston_002379,Boston,0.880584316170867,1,4.3352800237879885
Boston_002380,Boston,1.6890341418883439,8,5.328868148432632
Boston_002381,Boston,0.605201511718187,5,4.259295662649186
Boston_002382,Boston,1.4298000843461176,7,4.651048422466044
Boston_002383,Boston,0.8940398636949799,1,4.13758720297876
Boston_002384,Boston,0.7524379942777681,2,4.15985286640539
Boston_002385,Boston,1.0051458269256732,6,4.6243088512149475
Boston_002386,Boston,2.6346451024645563,13,3.9806321953097212
Boston_002387,Boston,1.5149184457036629,10,4.922811711196023
Boston_002388,Boston,0.9620040199706139,6,5.051330907992148
Boston_002389,Boston,0.9278606527644748,2,3.738477356151857
Boston_002390,Boston,1.9436765084196974,11,4.208280642008647
Boston_002391,Boston,2.457444637063837,12,3.790457326986718
Boston_002392,Boston,1.0117882266563503,3,3.015334275563308
Boston_002393,Boston,0.7527220989637682,5,4.281801817440044
Boston_002394,Boston,1.7271710721699345,7,3.282738062278663
Boston_002395,Boston,0.6436519665227001,5,4.973825756722208
Boston_002396,Boston,1.0488399042837728,8,4.543670519068627
Boston_002397,Boston,1.3246822379017824,9,4.737525800602931
Boston_002398,Boston,1.80111781876249,6,4.07701810268646
Boston_002399,Boston,1.4058768292618347,6,4.8999972450324085
Denver_002400,Denver,2.253018239404944,1,2.5368905854987585
Denver_002401,Denver,1.2987827952973932,5,2.4234291488436246
Denver_002402,Denver,1.7732085792315515,1,2.4748122784610316
Denver_002403,Denver,1.6580639530591599,0,2.6715460687253034
Denver_002404,Denver,0.8658218468884402,1,2.465757685012337
Denver_002405,Denver,1.5704151279185412,4,2.124857839834961
Denver_002406,Denver,0.9068692173392114,5,2.8081936402797476
Denver_002407,Denver,1.1977679238476946,2,2.318017552689214
Denver_002408,Denver,3.0809964485585986,4,2.4769483970531034
Denver_002409,Denver,1.4956783766586808,4,2.760521707695436
Denver_002410,Denver,1.7510326601280843,2,2.2765043738664015
Denver_002411,Denver,1.5482164574850412,7,3.0894158427086538
Denver_002412,Denver,1.6592333934252899,5,2.5867609809666265
Denver_002413,Denver,0.785333849042071,1,2.6895583254539774
Denver_002414,Denver,2.1343076026515773,5,2.1525015698566023
Denver_002415,Denver,2.008285850696258,3,2.150004025424232
Denver_002416,Denver,2.172478173657209,5,2.147921130534546
Denver_002417,Denver,1.0743894495437307,2,2.512572249221084
Denver_002418,Denver,1.2351942838225254,4,3.1488447977896645
Denver_002419,Denver,2.315838810516859,4,2.5029231544208024
Denver_002420,Denver,1.3960752604059183,4,2.168293589725569
Denver_002421,Denver,0.9384716016761449,1,2.310520506021681
Denver_002422,Denver,0.8600545148091401,0,2.5128960690352815
Denver_002423,Denver,1.8920995017690212,6,3.304603083503542
Denver_002424,Denver,1.0062045041547312,4,2.8555474264306526
Denver_002425,Denver,2.1021649616198657,9,2.6727547142207695
Denver_002426,Denver,0.7794117830717882,1,2.2337688548827948
Denver_002427,Denver,0.7637760915576146,4,2.1353860843329224
Denver_002428,Denver,2.058331781152964,4,2.0765432737416702
Denver_002429,Denver,0.7103953325839297,1,2.17077255725784
Denver_002430,Denver,0.6175608985682146,2,2.0549706986857745
Denver_002431,Denver,0.7494098739376045,2,2.510209533743558
Denver_002432,Denver,1.7859673878620161,5,2.154224367035034
Denver_002433,Denver,1.8392942143412254,5,2.8362009068292227
Denver_002434,Denver,1.8672677537141797,2,2.5705313816412363
Denver_002435,Denver,1.3865428870095204,2,2.638446752135917
Denver_002436,Denver,0.8195635452056458,5,2.458715485891509
Denver_002437,Denver,1.4776472117474222,2,2.7620817863840674
Denver_002438,Denver,1.7234623929605224,5,2.6936299771746848
Denver_002439,Denver,3.131835145950926,7,2.2454286762325983
Denver_002440,Denver,1.0698203342126202,3,2.501791166916858
Denver_002441,Denver,0.8421621520302421,2,2.257436038796761
Denver_002442,Denver,1.4646929682636758,5,2.4088608200306654
Denver_002443,Denver,0.5752589431993277,2,2.3820219568878507
Denver_002444,Denver,1.6944921352311275,5,2.9837072774075466
Denver_002445,Denver,2.1597836828908825,5,2.133848386969994
Denver_002446,Denver,2.2622713879064813,9,2.82521605301853
Denver_002447,Denver,0.901559902446744,2,2.403856468612547
Denver_002448,Denver,2.2564165777640826,5,2.855817715817293
Denver_002449,Denver,1.284763657953733,2,2.286991081011996
Denver_002450,Denver,0.9166420152677834,0,2.6308494042448616
Denver_002451,Denver,1.0474816805117217,3,2.6708406653290986
Denver_002452,Denver,1.080725789708207,1,3.063349427089801
Denver_002453,Denver,0.655932775818985,1,2.416969235288422
Denver_002454,Denver,1.8427824708174296,2,1.9005053394531004
Denver_002455,Denver,2.3176738971487874,6,2.1229544158873868
Denver_002456,Denver,1.1709230615325972,6,2.499480688287471
Denver_002457,Denver,1.6665621821028855,4,2.188136509029977
Denver_002458,Denver,1.876785964648648,6,1.9733224789071837
Denver_002459,Denver,1.1782731098667503,1,2.203298915274039
Denver_002460,Denver,0.6702826081111344,3,2.962452830336935
Denver_002461,Denver,2.1705399114317396,10,2.752976177552249
Denver_002462,Denver,1.3840654623279092,3,3.0515420294186733
Denver_002463,Denver,1.4391990671889978,2,2.589770313517427
Denver_002464,Denver,1.3640945857555726,5,2.705721370952328
Denver_002465,Denver,1.480808439976621,7,2.9461956618993996
Denver_002466,Denver,1.549353072158075,5,2.3927899851807526
Denver_002467,Denver,1.3461144422347715,2,2.3425258155238358
Denver_002468,Denver,1.280436691770076,3,2.4923961762077336
Denver_002469,Denver,1.0752374867051862,2,2.2934702287998188
Denver_002470,Denver,1.4893883756119912,8,3.134992158022171
Denver_002471,Denver,1.09656161224056,3,3.207454164847136
Denver_002472,Denver,0.8291306590006737,1,2.1891899487022775
Denver_002473,Denver,1.6573355962097513,6,2.6628780758143993
Denver_002474,Denver,1.024007293629652,0,2.7070596862671796
Denver_002475,Denver,1.94966096172766,6,2.093512741594217
Denver_002476,Denver,0.8359822141513887,1,2.3058510560036325
Denver_002477,Denver,0.8148402809689886,3,3.0246885412729343
Denver_002478,Denver,1.5369828447505482,4,2.290665035869276
Denver_002479,Denver,2.345521398371914,5,2.9211045401719677
Denver_002480,Denver,1.3439150537819904,2,2.293331976053568
Denver_002481,Denver,1.5098885412397076,3,2.165130066983179
Denver_002482,Denver,0.9035588118891961,3,2.702805649901321
Denver_002483,Denver,0.9721973552773195,4,3.1328912543855725
Denver_002484,Denver,0.9722544710860697,6,2.6797912643162722
Denver_002485,Denver,1.527879080916162,5,2.2808505635598415
Denver_002486,Denver,1.2717174254465569,2,2.6569222602609774
Denver_002487,Denver,0.6075253369942427,1,2.3668026508913234
Denver_002488,Denver,0.9741478651280226,6,2.954034281112277
Denver_002489,Denver,1.525190498633095,1,1.8939997436329439
Denver_002490,Denver,1.6744595147421033,4,2.98100796223506
Denver_002491,Denver,0.593037971593515,0,2.8365417831424344
Denver_002492,Denver,2.5170794941149657,4,2.660148388247975
Denver_002493,Denver,3.472394606898329,7,3.1215648609233164
Denver_002494,Denver,0.6833414567149783,1,2.5177937197521776
Denver_002495,Denver,3.4036006284815694,5,2.5331371078400053
Denver_002496,Denver,1.1068864790400443,3,2.1933632804261936
Denver_002497,Denver,1.0611325499947348,2,1.888727463505986
Denver_002498,Denver,1.0420826886936738,2,2.507655079138517
Denver_002499,Denver,1.979432513482749,6,3.13456126144568
Denver_002500,Denver,1.0493608336113738,3,2.2429930428504012
Denver_002501,Denver,1.181814180231322,6,2.5269047563978315
Denver_002502,Denver,0.68779911835656,0,2.4722733976018496
Denver_002503,Denver,2.3456840195738264,6,2.3421037192794034
Denver_002504,Denver,1.3561235544229988,3,2.4142408461744322
Denver_002505,Denver,1.249586683470455,1,2.545523989229938
Denver_002506,Denver,1.097003504457422,3,2.1813342916085454
Denver_002507,Denver,1.2745863127226524,4,2.9613916372633833
Denver_002508,Denver,1.5398536802848344,4,2.4763123624307823
Denver_002509,Denver,2.2509410159602634,2,2.322484543410222
Denver_002510,Denver,0.7987474155837582,1,2.7924748812559956
Denver_002511,Denver,0.6833722885005934,3,2.3092155731334745
Denver_002512,Denver,1.374488878220781,6,2.477536611841024
Denver_002513,Denver,2.794900804647912,6,2.2900590773668443
Denver_002514,Denver,1.4037520776636616,2,2.3899309442087673
Denver_002515,Denver,2.178529331529689,5,2.5480637093410716
Denver_002516,Denver,2.7330311483035805,10,2.1330502093925086
Denver_002517,Denver,1.3191765709764152,5,2.103514012056297
Denver_002518,Denver,1.2843697983168316,3,2.878127134546695
Denver_002519,Denver,1.3236431410800442,4,3.217794525538402
Denver_002520,Denver,2.1813796358180633,8,2.5921993731588833
Denver_002521,Denver,1.0072274391433698,2,2.3152524120769296
Denver_002522,Denver,1.8045413763836287,6,2.3837571786188456
Denver_002523,Denver,1.8781941798851645,4,3.077526116215139
Denver_002524,Denver,0.8357493330563557,1,2.4117199927578494
Denver_002525,Denver,2.2624852805740954,8,2.777649934443063
Denver_002526,Denver,0.8790343057644665,2,2.630193420891925
Denver_002527,Denver,1.2667866294959338,6,2.3175232745344645
Denver_002528,Denver,1.02959224653046,3,2.595916557420101
Denver_002529,Denver,0.8232764376429149,4,2.811557275696423
Denver_002530,Denver,1.7386888523205806,5,2.771184186020511
Denver_002531,Denver,1.657225390841584,4,2.2694344397749733
Denver_002532,Denver,2.5913878410475846,5,2.25772333165342
Denver_002533,Denver,1.4261275955841537,8,2.3205410627754888
Denver_002534,Denver,0.9202268857492454,0,2.161605171634239
Denver_002535,Denver,1.2416712003089438,3,2.594868889152406
Denver_002536,Denver,1.3177481242735194,7,2.792215932362505
Denver_002537,Denver,1.2214028565610566,3,2.2323961309428038
Denver_002538,Denver,1.0804597935625544,6,2.4054347094901827
Denver_002539,Denver,1.1854433533111142,1,2.4788496979342938
Denver_002540,Denver,4.5725590801619,13,2.656070979350794
Denver_002541,Denver,0.7517745869297299,1,1.9570621203446614
Denver_002542,Denver,2.084159355275977,8,2.307536098752547
Denver_002543,Denver,2.1441150884354228,6,2.811898999347061
Denver_002544,Denver,1.8079697033109376,4,2.652089464013761
Denver_002545,Denver,0.6418916743328866,3,2.7693551659933435
Denver_002546,Denver,1.0547436892369018,1,2.980011104008905
Denver_002547,Denver,0.6705223099394833,2,2.7478406187624027
Denver_002548,Denver,1.9160363222526982,4,2.368568607184808
Denver_002549,Denver,3.1920220541523983,9,2.9157601182388104
Denver_002550,Denver,0.9883921072876019,4,3.0627325705639983
Denver_002551,Denver,1.1028677583965352,2,2.6256135622598933
Denver_002552,Denver,0.9800449794599045,1,1.9605498854950185
Denver_002553,Denver,0.679326805652943,0,2.2586529801440483
Denver_002554,Denver,0.7879306469624578,0,1.9709178720203955
Denver_002555,Denver,1.3603011333250405,3,2.6235486936837726
Denver_002556,Denver,1.8989621068967422,5,2.1461663022239086
Denver_002557,Denver,1.7037355050627354,4,2.2897468191515014
Denver_002558,Denver,2.4528892404282914,5,2.5886244715946125
Denver_002559,Denver,0.6235740659731059,3,2.1723865030638154
Denver_002560,Denver,0.9644135861141612,2,2.5868519945529487
Denver_002561,Denver,0.8027329397810927,0,2.040184321357886
Denver_002562,Denver,1.469737011010814,4,2.6040453967485697
Denver_002563,Denver,2.109891732412109,7,2.332493110078833
Denver_002564,Denver,3.081889114763627,12,2.674160343946581
Denver_002565,Denver,2.0056096501314205,7,2.315446570973356
Denver_002566,Denver,1.7316895701788508,3,2.3460820347464435
Denver_002567,Denver,1.0654358719069217,3,2.7230657611816107
Denver_002568,Denver,0.5354456432405196,1,2.493241889933409
Denver_002569,Denver,2.346900800524036,8,2.5635759848763873
Denver_002570,Denver,0.6324005802908845,1,2.387512747193151
Denver_002571,Denver,1.5685487610728437,3,2.141359429661705
Denver_002572,Denver,1.27214918291747,4,2.7296367377474167
Denver_002573,Denver,1.0739405144099012,2,2.4487925755317836
Denver_002574,Denver,1.282093569330585,4,3.156975382835881
Denver_002575,Denver,0.564979426246762,0,2.4542071052867067
Denver_002576,Denver,1.4560419794349007,7,2.4110434069995215
Denver_002577,Denver,1.263172534354831,4,2.461598858322647
Denver_002578,Denver,0.8326289561294924,1,2.4206364519031927
Denver_002579,Denver,0.8290674091725605,2,2.7235865631738188
Denver_002580,Denver,2.674806281448254,6,2.5984866164125995
Denver_002581,Denver,1.6922164761274099,7,2.5502071278214085
Denver_002582,Denver,1.0619853363591782,1,2.495425890674843
Denver_002583,Denver,1.6812933533318357,3,2.362124680763952
Denver_002584,Denver,1.557430072769141,7,2.5110632155573662
Denver_002585,Denver,4.450371801122429,6,2.7919255396046054
Denver_002586,Denver,0.6082688502332085,5,3.117747684168183
Denver_002587,Denver,0.8830154547390034,3,2.7870784413549976
Denver_002588,Denver,2.1799882532647423,7,2.0314593254924334
Denver_002589,Denver,0.7679088156179501,1,2.715501101367801
Denver_002590,Denver,1.1002240091038478,6,2.564967309375503
Denver_002591,Denver,1.7377325339322085,3,2.6127908279617933
Denver_002592,Denver,1.672702943159588,4,2.3537104340874726
Denver_002593,Denver,1.1640139527497144,2,2.639726175493856
Denver_002594,Denver,1.8710417862947848,2,1.9756386043454721
Denver_002595,Denver,0.6653576494880702,0,2.104010782701293
Denver_002596,Denver,2.8548582197274173,1,2.1019494713224582
Denver_002597,Denver,1.065970247176743,1,2.1817716123531614
Denver_002598,Denver,1.866955753174334,5,2.959452175105474
Denver_002599,Denver,1.0256127417357086,3,2.897895024358263
Denver_002600,Denver,0.5586656892224826,0,2.4384687726473793
Denver_002601,Denver,2.272980381029392,10,2.5527977840810423
Denver_002602,Denver,2.391574157596916,10,2.939673700984132
Denver_002603,Denver,0.7443704638796085,1,2.8601477803738606
Denver_002604,Denver,1.1755467740665138,2,2.8590479579380186
Denver_002605,Denver,2.243050276319587,12,3.1712500548964346
Denver_002606,Denver,1.046696553555058,2,2.5385695637710404
Denver_002607,Denver,1.7264017206135647,1,2.201919477786292
Denver_002608,Denver,1.1193271248878252,0,2.349011772445971
Denver_002609,Denver,2.4088237414860583,9,2.3385724662778347
Denver_002610,Denver,1.7572982420520509,5,3.090471935675191
Denver_002611,Denver,1.725302067528877,9,2.8333110770534895
Denver_002612,Denver,0.6257818520481163,0,1.992753303831912
Denver_002613,Denver,1.620462912847864,8,2.4426572003545206
Denver_002614,Denver,1.1489203953661475,4,2.3826146818397116
Denver_002615,Denver,1.819456438834795,4,2.291314922339782
Denver_002616,Denver,2.071383671421419,4,2.5318708411057327
Denver_002617,Denver,1.4740631160470308,3,2.353967478007198
Denver_002618,Denver,1.3180111767448026,4,1.7789510381079388
Denver_002619,Denver,0.9401289370450886,2,2.7949912929296734
Denver_002620,Denver,3.930843142924371,8,2.513723745707509
Denver_002621,Denver,0.8444413844223964,2,2.332493141357301
Denver_002622,Denver,2.747471816404829,8,2.687833469609231
Denver_002623,Denver,2.1059429526542868,10,2.39098729919392
Denver_002624,Denver,1.1829848038930357,2,2.373791648909034
Denver_002625,Denver,1.8351293275385616,10,2.71649808400949
Denver_002626,Denver,0.7576627197918089,0,2.7590030226830193
Denver_002627,Denver,2.340762260015498,4,2.8567595437681916
Denver_002628,Denver,0.7310053068648256,2,3.165142821698273
Denver_002629,Denver,0.7897327105102752,1,1.8142340652636122
Denver_002630,Denver,3.629641496890009,9,3.0248368146285456
Denver_002631,Denver,2.1984627623784805,3,2.5935622373677165
Denver_002632,Denver,1.0577487284234088,3,3.328688015133552
Denver_002633,Denver,1.354007114211081,0,2.726479131672156
Denver_002634,Denver,1.9676718828949396,6,2.87254942573959
Denver_002635,Denver,1.4424361956713265,4,2.190107059956726
Denver_002636,Denver,1.0885872425596994,1,2.416705833436498
Denver_002637,Denver,1.287290918814408,3,2.744662356531353
Denver_002638,Denver,0.9097584702167913,2,2.960578182399215
Denver_002639,Denver,2.188869503882845,7,2.6167663497871927
Denver_002640,Denver,0.7891951339717962,1,2.1685858434062997
Denver_002641,Denver,1.386124604392498,4,2.963439335840009
Denver_002642,Denver,1.6424735084711821,7,2.702894006427833
Denver_002643,Denver,1.5145273948301345,4,2.6822283207352005
Denver_002644,Denver,1.0596338303888713,4,2.547040658902759
Denver_002645,Denver,4.784198613030107,11,2.270574732609873
Denver_002646,Denver,1.7738282307434743,2,2.4425406261412643
Denver_002647,Denver,1.9359385155507285,4,2.5081550945502733
Denver_002648,Denver,1.648884900857454,6,2.370173474021117
Denver_002649,Denver,2.075080186507775,6,2.5271716455037057
Denver_002650,Denver,2.3598174966405043,7,2.622033113586493
Denver_002651,Denver,1.6123187342329377,6,2.843291887822767
Denver_002652,Denver,1.7074927751266038,2,2.4840950394272645
Denver_002653,Denver,1.0244913216525418,3,2.7247314205993263
Denver_002654,Denver,1.0254737066832447,7,3.578845388384415
Denver_002655,Denver,1.0769007257920675,3,2.568050852039123
Denver_002656,Denver,1.9066826781547506,8,2.553011376200685
Denver_002657,Denver,1.3189959039856987,2,1.7837495552861071
Denver_002658,Denver,1.8486310644243138,4,3.251655608581358
Denver_002659,Denver,1.9626230182060564,2,2.4198888251080524
Denver_002660,Denver,2.2941822512616854,6,2.143512407638382
Denver_002661,Denver,1.3447109150316474,3,2.23905025920108
Denver_002662,Denver,1.1328141978298172,1,2.370527216227691
Denver_002663,Denver,2.193431004378363,3,2.1990567266357854
Denver_002664,Denver,1.83526367806409,6,2.8711957560577783
Denver_002665,Denver,1.1260455992823135,0,2.1689934818434637
Denver_002666,Denver,0.8410388112201543,4,2.3511798634408665
Denver_002667,Denver,1.2486593757054165,6,2.3597666817203478
Denver_002668,Denver,0.6600608484481564,0,3.7015938754511586
Denver_002669,Denver,0.9418518680972191,4,2.5230005496355807
Denver_002670,Denver,0.7383650248659047,2,2.206671325294525
Denver_002671,Denver,0.6641245637710294,3,2.752091188695256
Denver_002672,Denver,1.778762679309547,7,1.8630273106933368
Denver_002673,Denver,1.8231315917002326,2,2.4818562879612114
Denver_002674,Denver,3.132050300263948,12,2.770645776958525
Denver_002675,Denver,1.8220995022956603,5,2.591259195430535
Denver_002676,Denver,1.0885417390974141,1,2.787972622154852
Denver_002677,Denver,1.2428895899969343,1,2.8366720489684205
Denver_002678,Denver,0.7620275629805036,6,2.2696273758047476
Denver_002679,Denver,1.685391249020977,4,2.3083871088223398
Denver_002680,Denver,1.3255853723557727,0,2.3202600545600895
Denver_002681,Denver,1.0371839137311465,6,3.6261802701588985
Denver_002682,Denver,1.7555393542594186,8,2.8644171837955077
Denver_002683,Denver,1.4033081725891747,2,2.258833303605457
Denver_002684,Denver,1.8593647903952437,5,2.3506554724577757
Denver_002685,Denver,1.0628381004775251,2,2.3872654439840995
Denver_002686,Denver,1.519727410369691,3,2.0148567368774657
Denver_002687,Denver,0.8082521249764858,1,2.581993697801947
Denver_002688,Denver,0.9695173245485122,3,2.111825739031332
Denver_002689,Denver,1.3395161882822526,1,2.1660065388616707
Denver_002690,Denver,0.6635260148165342,1,2.9984868169476
Denver_002691,Denver,2.1600233368429045,6,2.8917963786746914
Denver_002692,Denver,1.333622256574833,1,2.2856665421325535
Denver_002693,Denver,0.9157364892932998,3,3.020304480693843
Denver_002694,Denver,1.0136259839863628,1,2.2640342706520107
Denver_002695,Denver,1.9744409952485924,8,2.199289837836509
Denver_002696,Denver,1.0417476952555793,0,2.2757931778832794
Denver_002697,Denver,3.446347370157438,12,2.4454368730422718
Denver_002698,Denver,1.099313306406974,2,2.845543551270203
Denver_002699,Denver,1.6590619931237667,4,2.301949865118898
Denver_002700,Denver,1.6389304681536503,2,2.6015328457083764
Denver_002701,Denver,1.5268420272435586,8,3.461876276197155
Denver_002702,Denver,2.402823911208525,7,2.6607005907206798
Denver_002703,Denver,1.3291083293043693,4,3.073748926669487
Denver_002704,Denver,1.7488946096051428,6,2.7579392007116246
Denver_002705,Denver,1.7361051436342043,4,2.612916067026171
Denver_002706,Denver,1.0499063581568033,3,2.51096574323318
Denver_002707,Denver,1.2436534383764926,2,2.304907763107401
Denver_002708,Denver,1.0211227908881337,3,2.828225035853361
Denver_002709,Denver,0.7487974963705448,0,1.8129836844440175
Denver_002710,Denver,1.5138000855579328,3,2.835706133697296
Denver_002711,Denver,1.4034747900961722,4,2.5401097807612416
Denver_002712,Denver,1.7958561525500776,3,2.5441175228534
Denver_002713,Denver,1.202378018146229,4,2.0271119026399482
Denver_002714,Denver,3.0672510336230903,6,2.9947039379144824
Denver_002715,Denver,1.0585769448287743,1,2.5918548856534067
Denver_002716,Denver,1.07239660510906,2,1.7687919379730985
Denver_002717,Denver,1.4130037074271509,5,2.5086981835518944
Denver_002718,Denver,1.0895246686319933,1,2.466191564556491
Denver_002719,Denver,1.238662431880532,1,1.8736498997477025
Denver_002720,Denver,1.9211396379198418,6,2.574691905697702
Denver_002721,Denver,1.3240969473573743,3,2.1981898038916077
Denver_002722,Denver,1.8001848706884005,4,2.125064176063896
Denver_002723,Denver,1.306557359006659,6,2.664981725118762
Denver_002724,Denver,1.543935198185841,2,2.939283215791596
Denver_002725,Denver,1.3296530582303678,5,3.079415509834225
Denver_002726,Denver,1.226274943415816,4,2.9335251331022274
Denver_002727,Denver,0.7659607799312258,0,2.1019158817958496
Denver_002728,Denver,0.7597198451688135,0,2.4451742733597235
Denver_002729,Denver,1.8941897305376811,2,2.1088422745403514
Denver_002730,Denver,1.4331139904706203,4,2.532229670170848
Denver_002731,Denver,2.0209217847664664,5,3.38286908611556
Denver_002732,Denver,1.2243015014695546,0,2.2534643265971064
Denver_002733,Denver,1.5504795566279423,4,2.505391295386474
Denver_002734,Denver,1.2094973738027295,2,2.452561016510087
Denver_002735,Denver,1.3619354239297614,4,1.9307731481539119
Denver_002736,Denver,1.6225148017946507,5,2.075135357567098
Denver_002737,Denver,1.585750622292357,5,2.5743957034855915
Denver_002738,Denver,1.510871109966047,4,2.8523878702458383
Denver_002739,Denver,1.178722834201384,4,2.717562764821784
Denver_002740,Denver,1.2168181916277065,1,2.57317752728436
Denver_002741,Denver,0.5411290069964093,1,2.049232761894658
Denver_002742,Denver,1.1403176055615472,3,2.5532799272093007
Denver_002743,Denver,1.0647494045420827,0,2.817615644156846
Denver_002744,Denver,1.041443293999961,5,2.554094170614356
Denver_002745,Denver,1.641413225040537,3,2.4076693734609873
Denver_002746,Denver,1.4220057637989165,0,3.462291640049117
Denver_002747,Denver,0.9424235174903588,4,1.892038382056661
Denver_002748,Denver,0.9570709429326747,1,2.052662865463383
Denver_002749,Denver,0.7921734750452205,5,2.8960812648449785
Denver_002750,Denver,0.5406641981866559,1,2.2245053743907945
Denver_002751,Denver,1.05071556677197,1,1.7484126286427446
Denver_002752,Denver,1.551961288637265,5,2.7285070426539795
Denver_002753,Denver,1.2428069919619964,3,2.790269319397222
Denver_002754,Denver,1.2806830331192076,0,2.70485898726798
Denver_002755,Denver,1.0914049449976462,5,2.609596860283524
Denver_002756,Denver,0.745854378325675,1,2.3815426652479452
Denver_002757,Denver,3.168542001848992,5,2.2413605460406654
Denver_002758,Denver,2.2900629709276377,8,2.892168724175883
Denver_002759,Denver,1.3918477445804232,2,2.390449182649005
Denver_002760,Denver,0.744506492308557,2,2.9639400456865603
Denver_002761,Denver,1.106844724657949,4,2.1158308049465253
Denver_002762,Denver,0.9175550779385195,2,2.0132208360988995
Denver_002763,Denver,3.1644921232729586,14,2.6991543184573934
Denver_002764,Denver,1.4262085517518073,5,2.59102773870276
Denver_002765,Denver,1.6397681809226623,6,2.58754454977548
Denver_002766,Denver,1.1162253692489832,2,2.484547293458397
Denver_002767,Denver,1.8446917179634064,7,2.6461211725332685
Denver_002768,Denver,0.8413966156633231,1,2.425074261298308
Denver_002769,Denver,0.6142593430004056,3,2.458506389745979
Denver_002770,Denver,1.466924097313588,2,2.487661985577126
Denver_002771,Denver,0.6663183385119673,0,2.743114310876442
Denver_002772,Denver,1.081464705402608,1,2.305231622096218
Denver_002773,Denver,0.9129287600674167,5,2.761707086013784
Denver_002774,Denver,1.2337252444872104,7,2.376630323765226
Denver_002775,Denver,1.0456005128797168,2,2.267186148446475
Denver_002776,Denver,1.50551598660976,8,3.04332004689383
Denver_002777,Denver,0.8923146144872781,2,2.8962259871968246
Denver_002778,Denver,0.7433114869509581,1,2.924904330541226
Denver_002779,Denver,1.1339309595025369,7,2.6842294384793646
Denver_002780,Denver,0.6838892226619402,2,3.1107898236295166
Denver_002781,Denver,1.3095189953002044,2,2.2501072560830164
Denver_002782,Denver,0.8724210129233574,2,2.048065493107649
Denver_002783,Denver,1.8864195959157934,8,2.3098615327017042
Denver_002784,Denver,1.347217056075225,2,2.7654797227807917
Denver_002785,Denver,1.1418312330519598,5,2.2828946654743394
Denver_002786,Denver,2.2759079218605223,5,2.3115647158002868
Denver_002787,Denver,1.4193212591866238,3,2.889257499100136
Denver_002788,Denver,1.6488992425067408,4,2.569319329512486
Denver_002789,Denver,1.15554551749617,3,2.9484613035772904
Denver_002790,Denver,1.2235376311172699,3,2.583060293175467
Denver_002791,Denver,0.959115143778694,3,2.189498402119521
Denver_002792,Denver,1.4434312410195607,7,2.678387518635187
Denver_002793,Denver,2.414605768987746,5,2.5916249286897464
Denver_002794,Denver,1.5937468515706903,5,2.529411919332723
Denver_002795,Denver,1.5452715161821533,4,2.614531284003355
Denver_002796,Denver,1.5719612004491594,12,2.694899056230771
Denver_002797,Denver,1.0589350191015319,2,2.3311403667915496
Denver_002798,Denver,0.8796156753209765,0,2.9908131719552933
Denver_002799,Denver,0.6756446481790871,4,3.1238003714504226
